{
"type": "FeatureCollection",
"name": "geo_19_居宅介護支援",
"crs": { "type": "name", "properties": { "name": "urn:ogc:def:crs:OGC:1.3:CRS84" } },
"features": [
{ "type": "Feature", "properties": { "内容": "セントケア甲府南【居宅介護支援】山梨県甲府市大里町３１３１－１　森下ビル１０１号", "url": "https://www.kaigokensaku.mhlw.go.jp/19/index.php?action_kouhyou_detail_004_kani=true&JigyosyoCd=1970102446-00&ServiceCd=430&Type=search", "url2": null }, "geometry": { "type": "Point", "coordinates": [ 138.566863199999943, 35.6248722 ] } },
{ "type": "Feature", "properties": { "内容": "スマイル【居宅介護支援】甲府市古上条町21-2", "url": "https://www.kaigokensaku.mhlw.go.jp/19/index.php?action_kouhyou_detail_004_kani=true&JigyosyoCd=1970102271-00&ServiceCd=430&Type=search", "url2": null }, "geometry": { "type": "Point", "coordinates": [ 138.557740400000057, 35.6269092 ] } },
{ "type": "Feature", "properties": { "内容": "居宅介護支援事業所　ヴィレッタ甲府【居宅介護支援】下飯田２－２－３０", "url": "https://www.kaigokensaku.mhlw.go.jp/19/index.php?action_kouhyou_detail_004_kani=true&JigyosyoCd=1970102313-00&ServiceCd=430&Type=search", "url2": "http://www.villetta-kofu.com/index.html" }, "geometry": { "type": "Point", "coordinates": [ 138.54904769999996, 35.6642764 ] } },
{ "type": "Feature", "properties": { "内容": "グレープ指定居宅介護支援事業所【居宅介護支援】山梨県甲府市横根町554", "url": "https://www.kaigokensaku.mhlw.go.jp/19/index.php?action_kouhyou_detail_004_kani=true&JigyosyoCd=1970100317-00&ServiceCd=430&Type=search", "url2": null }, "geometry": { "type": "Point", "coordinates": [ 138.615698, 35.6574311 ] } },
{ "type": "Feature", "properties": { "内容": "みると舎指定居宅介護支援事業所【居宅介護支援】山梨県甲府市住吉5-7-1", "url": "https://www.kaigokensaku.mhlw.go.jp/19/index.php?action_kouhyou_detail_004_kani=true&JigyosyoCd=1970101257-00&ServiceCd=430&Type=search", "url2": null }, "geometry": { "type": "Point", "coordinates": [ 138.575627200000014, 35.6386469 ] } },
{ "type": "Feature", "properties": { "内容": "やすらぎ介護サービス【居宅介護支援】山梨県甲府市上阿原町1.124-13", "url": "https://www.kaigokensaku.mhlw.go.jp/19/index.php?action_kouhyou_detail_004_kani=true&JigyosyoCd=1970102016-00&ServiceCd=430&Type=search", "url2": null }, "geometry": { "type": "Point", "coordinates": [ 138.604377200000044, 35.6437633 ] } },
{ "type": "Feature", "properties": { "内容": "有限会社　山梨スイートケア　介護支援事業部【居宅介護支援】山梨県甲府市富竹２－６－１", "url": "https://www.kaigokensaku.mhlw.go.jp/19/index.php?action_kouhyou_detail_004_kani=true&JigyosyoCd=1970100069-00&ServiceCd=430&Type=search", "url2": null }, "geometry": { "type": "Point", "coordinates": [ 138.545737300000042, 35.6581521 ] } },
{ "type": "Feature", "properties": { "内容": "居宅介護支援事業所えがお【居宅介護支援】山梨県甲府市伊勢4-33-10", "url": "https://www.kaigokensaku.mhlw.go.jp/19/index.php?action_kouhyou_detail_004_kani=true&JigyosyoCd=1970101877-00&ServiceCd=430&Type=search", "url2": null }, "geometry": { "type": "Point", "coordinates": [ 138.566564200000016, 35.6388049 ] } },
{ "type": "Feature", "properties": { "内容": "医療法人　笹本会　指定　居宅介護支援事業所おおさと【居宅介護支援】山梨県甲府市大里町5315", "url": "https://www.kaigokensaku.mhlw.go.jp/19/index.php?action_kouhyou_detail_004_kani=true&JigyosyoCd=1970102115-00&ServiceCd=430&Type=search", "url2": "http://park14.wakwak.com/~sasamotokai/" }, "geometry": { "type": "Point", "coordinates": [ 138.557996, 35.6247678 ] } },
{ "type": "Feature", "properties": { "内容": "ベストライフ甲府居宅介護支援事業所【居宅介護支援】甲府市国母8-24-8", "url": "https://www.kaigokensaku.mhlw.go.jp/19/index.php?action_kouhyou_detail_004_kani=true&JigyosyoCd=1970103220-00&ServiceCd=430&Type=search", "url2": null }, "geometry": { "type": "Point", "coordinates": [ 138.551793500000031, 35.6326721 ] } },
{ "type": "Feature", "properties": { "内容": "居宅介護支援事業所　いぶき【居宅介護支援】甲府市上今井町659-3", "url": "https://www.kaigokensaku.mhlw.go.jp/19/index.php?action_kouhyou_detail_004_kani=true&JigyosyoCd=1970103204-00&ServiceCd=430&Type=search", "url2": null }, "geometry": { "type": "Point", "coordinates": [ 138.572611300000062, 35.6257681 ] } },
{ "type": "Feature", "properties": { "内容": "ハートサービス甲府南【居宅介護支援】山梨県甲府市住吉5-22-14", "url": "https://www.kaigokensaku.mhlw.go.jp/19/index.php?action_kouhyou_detail_004_kani=true&JigyosyoCd=1970101406-00&ServiceCd=430&Type=search", "url2": null }, "geometry": { "type": "Point", "coordinates": [ 138.576788399999941, 35.634442 ] } },
{ "type": "Feature", "properties": { "内容": "あいケア居宅介護支援事業所【居宅介護支援】山梨県甲府市心経寺町470-1", "url": "https://www.kaigokensaku.mhlw.go.jp/19/index.php?action_kouhyou_detail_004_kani=true&JigyosyoCd=1970102917-00&ServiceCd=430&Type=search", "url2": null }, "geometry": { "type": "Point", "coordinates": [ 138.6019834, 35.5730478 ] } },
{ "type": "Feature", "properties": { "内容": "快晴苑指定居宅介護支援事業所【居宅介護支援】甲府市大津町333番地", "url": "https://www.kaigokensaku.mhlw.go.jp/19/index.php?action_kouhyou_detail_004_kani=true&JigyosyoCd=1970100184-00&ServiceCd=430&Type=search", "url2": "http://www.h5.dion.ne.jp/~kaiseien/" }, "geometry": { "type": "Point", "coordinates": [ 138.563904200000025, 35.6090926 ] } },
{ "type": "Feature", "properties": { "内容": "ファイン居宅介護支援事業所【居宅介護支援】山梨県甲府市国母3-4-24", "url": "https://www.kaigokensaku.mhlw.go.jp/19/index.php?action_kouhyou_detail_004_kani=true&JigyosyoCd=1970100366-00&ServiceCd=430&Type=search", "url2": "http://toyozumi.or.jp" }, "geometry": { "type": "Point", "coordinates": [ 138.555951, 35.6422764 ] } },
{ "type": "Feature", "properties": { "内容": "ケアセンタ－なごみ居宅介護支援事業所【居宅介護支援】山梨県甲府市富士見２丁目8－17", "url": "https://www.kaigokensaku.mhlw.go.jp/19/index.php?action_kouhyou_detail_004_kani=true&JigyosyoCd=1970101570-00&ServiceCd=430&Type=search", "url2": null }, "geometry": { "type": "Point", "coordinates": [ 138.54885, 35.6757887 ] } },
{ "type": "Feature", "properties": { "内容": "居宅介護支援事業所ケアフリーライフ【居宅介護支援】甲府市宝１丁目23-18", "url": "https://www.kaigokensaku.mhlw.go.jp/19/index.php?action_kouhyou_detail_004_kani=true&JigyosyoCd=1970103170-00&ServiceCd=430&Type=search", "url2": null }, "geometry": { "type": "Point", "coordinates": [ 138.561554600000022, 35.6651993 ] } },
{ "type": "Feature", "properties": { "内容": "居宅介護支援事業所ふぁみりー【居宅介護支援】山梨県甲府市湯村3丁目１８－１２", "url": "https://www.kaigokensaku.mhlw.go.jp/19/index.php?action_kouhyou_detail_004_kani=true&JigyosyoCd=1970103055-00&ServiceCd=430&Type=search", "url2": null }, "geometry": { "type": "Point", "coordinates": [ 138.546944400000029, 35.6844652 ] } },
{ "type": "Feature", "properties": { "内容": "おおくに在宅ケアセンター指定おおくに居宅介護支援事業所【居宅介護支援】山梨県甲府市大里町5328", "url": "https://www.kaigokensaku.mhlw.go.jp/19/index.php?action_kouhyou_detail_004_kani=true&JigyosyoCd=1960190088-00&ServiceCd=430&Type=search", "url2": "http://park14.wakwak.com/~sasamotokai/" }, "geometry": { "type": "Point", "coordinates": [ 138.5584543, 35.6243596 ] } },
{ "type": "Feature", "properties": { "内容": "こひつじ甲府居宅介護支援センター【居宅介護支援】飯田三丁目5番3号", "url": "https://www.kaigokensaku.mhlw.go.jp/19/index.php?action_kouhyou_detail_004_kani=true&JigyosyoCd=1970103972-00&ServiceCd=430&Type=search", "url2": "http://www.kohitsujikai.or.jp" }, "geometry": { "type": "Point", "coordinates": [ 138.559260399999971, 35.666232 ] } },
{ "type": "Feature", "properties": { "内容": "ケアステーション新日本【居宅介護支援】落合町568番地5新日本通産株式会社", "url": "https://www.kaigokensaku.mhlw.go.jp/19/index.php?action_kouhyou_detail_004_kani=true&JigyosyoCd=1970103097-00&ServiceCd=430&Type=search", "url2": "http://www.shinnihontsuusan.co.jp/index.html" }, "geometry": { "type": "Point", "coordinates": [ 138.592520799999988, 35.6180448 ] } },
{ "type": "Feature", "properties": { "内容": "恵信甲府サポートセンター【居宅介護支援】山梨県甲府市上阿原町398", "url": "https://www.kaigokensaku.mhlw.go.jp/19/index.php?action_kouhyou_detail_004_kani=true&JigyosyoCd=1910114485-00&ServiceCd=430&Type=search", "url2": "http://www.keishin-group.net" }, "geometry": { "type": "Point", "coordinates": [ 138.61151540000003, 35.6459381 ] } },
{ "type": "Feature", "properties": { "内容": "すずな居宅介護支援事業所【居宅介護支援】城東３－１３－８", "url": "https://www.kaigokensaku.mhlw.go.jp/19/index.php?action_kouhyou_detail_004_kani=true&JigyosyoCd=1970103733-00&ServiceCd=430&Type=search", "url2": "http://hp.kaipoke.biz/6st/" }, "geometry": { "type": "Point", "coordinates": [ 138.582339199999979, 35.6599223 ] } },
{ "type": "Feature", "properties": { "内容": "尚古園指定居宅介護支援事業所【居宅介護支援】山梨県甲府市和田町2948-6", "url": "https://www.kaigokensaku.mhlw.go.jp/19/index.php?action_kouhyou_detail_004_kani=true&JigyosyoCd=1970100176-00&ServiceCd=430&Type=search", "url2": "http://www.zenrinkai.or.jp/zaitaku_shien/index.html" }, "geometry": { "type": "Point", "coordinates": [ 138.5615484, 35.6875623 ] } },
{ "type": "Feature", "properties": { "内容": "株式会社ルピナス　ケア・コスモス居宅介護支援事業所【居宅介護支援】山梨県甲府市増坪町457-1", "url": "https://www.kaigokensaku.mhlw.go.jp/19/index.php?action_kouhyou_detail_004_kani=true&JigyosyoCd=1970105084-00&ServiceCd=430&Type=search", "url2": "http://carecosmos.jp" }, "geometry": { "type": "Point", "coordinates": [ 138.5933619, 35.6367364 ] } },
{ "type": "Feature", "properties": { "内容": "ケアフォレスト【居宅介護支援】山梨県甲府市国玉町1290-8", "url": "https://www.kaigokensaku.mhlw.go.jp/19/index.php?action_kouhyou_detail_004_kani=true&JigyosyoCd=1970105274-00&ServiceCd=430&Type=search", "url2": null }, "geometry": { "type": "Point", "coordinates": [ 138.5971409, 35.6532765 ] } },
{ "type": "Feature", "properties": { "内容": "鍋林甲府居宅介護支援事業所【居宅介護支援】山梨県甲府市上阿原町240", "url": "https://www.kaigokensaku.mhlw.go.jp/19/index.php?action_kouhyou_detail_004_kani=true&JigyosyoCd=1970105001-00&ServiceCd=430&Type=search", "url2": null }, "geometry": { "type": "Point", "coordinates": [ 138.6079416, 35.6441934 ] } },
{ "type": "Feature", "properties": { "内容": "ＮＡＣ湯村指定居宅介護支援事業所【居宅介護支援】山梨県甲府市湯村３－１５－１３", "url": "https://www.kaigokensaku.mhlw.go.jp/19/index.php?action_kouhyou_detail_004_kani=true&JigyosyoCd=1950180024-00&ServiceCd=430&Type=search", "url2": "http://www.nac-yumura.com" }, "geometry": { "type": "Point", "coordinates": [ 138.546763899999974, 35.6833931 ] } },
{ "type": "Feature", "properties": { "内容": "指定居宅介護支援事業所あい【居宅介護支援】山梨県甲府市天神町4-7", "url": "https://www.kaigokensaku.mhlw.go.jp/19/index.php?action_kouhyou_detail_004_kani=true&JigyosyoCd=1970101018-00&ServiceCd=430&Type=search", "url2": null }, "geometry": { "type": "Point", "coordinates": [ 138.568889899999988, 35.6753885 ] } },
{ "type": "Feature", "properties": { "内容": "わかば居宅介護支援事業所【居宅介護支援】山梨県甲府市古上条町21-2MCビル2F202号", "url": "https://www.kaigokensaku.mhlw.go.jp/19/index.php?action_kouhyou_detail_004_kani=true&JigyosyoCd=1970102560-00&ServiceCd=430&Type=search", "url2": null }, "geometry": { "type": "Point", "coordinates": [ 138.557808906404262, 35.626919057271792 ] } },
{ "type": "Feature", "properties": { "内容": "アーク居宅介護支援事業所【居宅介護支援】山梨県甲府市上阿原416-1MPイーストビル　2階", "url": "https://www.kaigokensaku.mhlw.go.jp/19/index.php?action_kouhyou_detail_004_kani=true&JigyosyoCd=1970104855-00&ServiceCd=430&Type=search", "url2": "http://www.arc-m.co.jp" }, "geometry": { "type": "Point", "coordinates": [ 138.610432064912402, 35.646508910531743 ] } },
{ "type": "Feature", "properties": { "内容": "大津ケアセンター【居宅介護支援】山梨県甲府市大津町1509-1", "url": "https://www.kaigokensaku.mhlw.go.jp/19/index.php?action_kouhyou_detail_004_kani=true&JigyosyoCd=1950180040-00&ServiceCd=430&Type=search", "url2": null }, "geometry": { "type": "Point", "coordinates": [ 138.564459199999988, 35.598398100000026 ] } },
{ "type": "Feature", "properties": { "内容": "ケアプランなのはな【居宅介護支援】山梨県甲府市北新2丁目１４－１４", "url": "https://www.kaigokensaku.mhlw.go.jp/19/index.php?action_kouhyou_detail_004_kani=true&JigyosyoCd=1970105357-00&ServiceCd=430&Type=search", "url2": "http://hp.kaipoke.biz/7ft/142904/index_0001.html" }, "geometry": { "type": "Point", "coordinates": [ 138.5661886, 35.6838946 ] } },
{ "type": "Feature", "properties": { "内容": "ケアサポート望月【居宅介護支援】甲府市美咲２丁目１６－１７", "url": "https://www.kaigokensaku.mhlw.go.jp/19/index.php?action_kouhyou_detail_004_kani=true&JigyosyoCd=1970100242-00&ServiceCd=430&Type=search", "url2": "http://www.s-mochizuki.co.jp" }, "geometry": { "type": "Point", "coordinates": [ 138.5653261, 35.6778583 ] } },
{ "type": "Feature", "properties": { "内容": "奥湯村指定居宅介護支援事業所【居宅介護支援】山梨県甲府市羽黒町1657-5", "url": "https://www.kaigokensaku.mhlw.go.jp/19/index.php?action_kouhyou_detail_004_kani=true&JigyosyoCd=1970100150-00&ServiceCd=430&Type=search", "url2": "http://okuyumura.or.jp/" }, "geometry": { "type": "Point", "coordinates": [ 138.5504209, 35.6926428 ] } },
{ "type": "Feature", "properties": { "内容": "居宅支援　小春日和【居宅介護支援】山梨県甲府市中小河原町1608-1", "url": "https://www.kaigokensaku.mhlw.go.jp/19/index.php?action_kouhyou_detail_004_kani=true&JigyosyoCd=1970102057-00&ServiceCd=430&Type=search", "url2": "https://koharubi-kaigo.com" }, "geometry": { "type": "Point", "coordinates": [ 138.5690142, 35.6306327 ] } },
{ "type": "Feature", "properties": { "内容": "風林荘居宅介護支援事業所【居宅介護支援】山梨県甲府市上町916-2", "url": "https://www.kaigokensaku.mhlw.go.jp/19/index.php?action_kouhyou_detail_004_kani=true&JigyosyoCd=1970102826-00&ServiceCd=430&Type=search", "url2": null }, "geometry": { "type": "Point", "coordinates": [ 138.593583743724821, 35.629141177351201 ] } },
{ "type": "Feature", "properties": { "内容": "ひろ居宅介護支援事業所【居宅介護支援】甲府市中小河原1-9-12", "url": "https://www.kaigokensaku.mhlw.go.jp/19/index.php?action_kouhyou_detail_004_kani=true&JigyosyoCd=1970104681-00&ServiceCd=430&Type=search", "url2": null }, "geometry": { "type": "Point", "coordinates": [ 138.570226600000012, 35.6348652 ] } },
{ "type": "Feature", "properties": { "内容": "居宅介護支援事業所コスモ・アンシア【居宅介護支援】山梨県甲府市相生3-3-12", "url": "https://www.kaigokensaku.mhlw.go.jp/19/index.php?action_kouhyou_detail_004_kani=true&JigyosyoCd=1970103287-00&ServiceCd=430&Type=search", "url2": "https://ikiikiclub.com/" }, "geometry": { "type": "Point", "coordinates": [ 138.5693322, 35.6538034 ] } },
{ "type": "Feature", "properties": { "内容": "ケアプランあかし【居宅介護支援】山梨県甲府市上町２４７３", "url": "https://www.kaigokensaku.mhlw.go.jp/19/index.php?action_kouhyou_detail_004_kani=true&JigyosyoCd=1970101547-00&ServiceCd=430&Type=search", "url2": "http://www.akashi.or.jp/index.html" }, "geometry": { "type": "Point", "coordinates": [ 138.586993299999989, 35.6366978 ] } },
{ "type": "Feature", "properties": { "内容": "ケアプラン永愛【居宅介護支援】山梨県甲府市東光寺町1616番地20", "url": "https://www.kaigokensaku.mhlw.go.jp/19/index.php?action_kouhyou_detail_004_kani=true&JigyosyoCd=1970103311-00&ServiceCd=430&Type=search", "url2": "http://hp.kaipoke.biz/65y/" }, "geometry": { "type": "Point", "coordinates": [ 138.5935719, 35.6712012 ] } },
{ "type": "Feature", "properties": { "内容": "ひかり指定居宅介護支援事業所【居宅介護支援】山梨県甲府市上町７５３－１", "url": "https://www.kaigokensaku.mhlw.go.jp/19/index.php?action_kouhyou_detail_004_kani=true&JigyosyoCd=1960190021-00&ServiceCd=430&Type=search", "url2": "http://www.kofujonan.or.jp" }, "geometry": { "type": "Point", "coordinates": [ 138.5952263, 35.6294187 ] } },
{ "type": "Feature", "properties": { "内容": "居宅介護支援事業所　フォーリーブス甲府【居宅介護支援】山梨県　甲府市　東下条町１０７番地", "url": "https://www.kaigokensaku.mhlw.go.jp/19/index.php?action_kouhyou_detail_004_kani=true&JigyosyoCd=1970104541-00&ServiceCd=430&Type=search", "url2": null }, "geometry": { "type": "Point", "coordinates": [ 138.574585899999988, 35.6127148 ] } },
{ "type": "Feature", "properties": { "内容": "ケアプランつむぎ【居宅介護支援】山梨県甲府市蓬沢1丁目12-25", "url": "https://www.kaigokensaku.mhlw.go.jp/19/index.php?action_kouhyou_detail_004_kani=true&JigyosyoCd=1970105324-00&ServiceCd=430&Type=search", "url2": null }, "geometry": { "type": "Point", "coordinates": [ 138.5905285, 35.6432403 ] } },
{ "type": "Feature", "properties": { "内容": "みのり居宅介護支援事業所【居宅介護支援】山梨県甲府市太田町3-12", "url": "https://www.kaigokensaku.mhlw.go.jp/19/index.php?action_kouhyou_detail_004_kani=true&JigyosyoCd=1970103378-00&ServiceCd=430&Type=search", "url2": null }, "geometry": { "type": "Point", "coordinates": [ 138.571246200000019, 35.6535617 ] } },
{ "type": "Feature", "properties": { "内容": "サテライト尚古園居宅介護支援事業所【居宅介護支援】山梨県甲府市中央１丁目１６番２号", "url": "https://www.kaigokensaku.mhlw.go.jp/19/index.php?action_kouhyou_detail_004_kani=true&JigyosyoCd=1970105936-00&ServiceCd=430&Type=search", "url2": "https://www.zenrinkai.or.jp" }, "geometry": { "type": "Point", "coordinates": [ 138.570057, 35.65911150000003 ] } },
{ "type": "Feature", "properties": { "内容": "ケアプランセンターフロンティアの介護甲府【居宅介護支援】山梨県甲府市徳行3丁目7-20橘ビル201", "url": "https://www.kaigokensaku.mhlw.go.jp/19/index.php?action_kouhyou_detail_004_kani=true&JigyosyoCd=1970105704-00&ServiceCd=430&Type=search", "url2": null }, "geometry": { "type": "Point", "coordinates": [ 138.5416703, 35.6494472 ] } },
{ "type": "Feature", "properties": { "内容": "ケアサービス風見鶏【居宅介護支援】山梨県甲府市城東２丁目２５番２０号", "url": "https://www.kaigokensaku.mhlw.go.jp/19/index.php?action_kouhyou_detail_004_kani=true&JigyosyoCd=1970102750-00&ServiceCd=430&Type=search", "url2": null }, "geometry": { "type": "Point", "coordinates": [ 138.5771374, 35.6562051 ] } },
{ "type": "Feature", "properties": { "内容": "居宅介護支援事業所ソレイユ甲府【居宅介護支援】山梨県甲府市西高橋町277番特別養護老人ホームソレイユ甲府", "url": "https://www.kaigokensaku.mhlw.go.jp/19/index.php?action_kouhyou_detail_004_kani=true&JigyosyoCd=1970104392-00&ServiceCd=430&Type=search", "url2": null }, "geometry": { "type": "Point", "coordinates": [ 138.597043100000036, 35.639838899999965 ] } },
{ "type": "Feature", "properties": { "内容": "ケアプラン　瑞季【居宅介護支援】山梨県甲府市小瀬町283番地５", "url": "https://www.kaigokensaku.mhlw.go.jp/19/index.php?action_kouhyou_detail_004_kani=true&JigyosyoCd=1970104509-00&ServiceCd=430&Type=search", "url2": null }, "geometry": { "type": "Point", "coordinates": [ 138.5771691, 35.6282068 ] } },
{ "type": "Feature", "properties": { "内容": "ケアプラン.マヴィ【居宅介護支援】山梨県甲府市上阿原町126番地10", "url": "https://www.kaigokensaku.mhlw.go.jp/19/index.php?action_kouhyou_detail_004_kani=true&JigyosyoCd=1970104517-00&ServiceCd=430&Type=search", "url2": "http://www.lacura-mavie.jp/" }, "geometry": { "type": "Point", "coordinates": [ 138.607687226458779, 35.642795374233557 ] } },
{ "type": "Feature", "properties": { "内容": "居宅介護支援事業所　彩葉【居宅介護支援】山梨県甲府市朝日1丁目10-2朝日ビル102", "url": "https://www.kaigokensaku.mhlw.go.jp/19/index.php?action_kouhyou_detail_004_kani=true&JigyosyoCd=1970105514-00&ServiceCd=430&Type=search", "url2": "http://hp.kaipoke.biz/df9/" }, "geometry": { "type": "Point", "coordinates": [ 138.566412450926236, 35.670842059007498 ] } },
{ "type": "Feature", "properties": { "内容": "桜井寮居宅介護支援事業所【居宅介護支援】山梨県甲府市横根町451-1　KNビル3階", "url": "https://www.kaigokensaku.mhlw.go.jp/19/index.php?action_kouhyou_detail_004_kani=true&JigyosyoCd=1970105092-00&ServiceCd=430&Type=search", "url2": "http://www.sakurai-ryo.com" }, "geometry": { "type": "Point", "coordinates": [ 138.61275331545238, 35.654341034530681 ] } },
{ "type": "Feature", "properties": { "内容": "あいゆめ居宅介護支援事業所【居宅介護支援】山梨県甲府市塚原町359", "url": "https://www.kaigokensaku.mhlw.go.jp/19/index.php?action_kouhyou_detail_004_kani=true&JigyosyoCd=1950180032-00&ServiceCd=430&Type=search", "url2": "http://www.kashinokai.or.jp" }, "geometry": { "type": "Point", "coordinates": [ 138.569656099999946, 35.6941421 ] } },
{ "type": "Feature", "properties": { "内容": "居宅介護支援事業所みっちゃん家【居宅介護支援】山梨県甲府市中町145-1", "url": "https://www.kaigokensaku.mhlw.go.jp/19/index.php?action_kouhyou_detail_004_kani=true&JigyosyoCd=1970102198-00&ServiceCd=430&Type=search", "url2": null }, "geometry": { "type": "Point", "coordinates": [ 138.573220552292639, 35.615260681703994 ] } },
{ "type": "Feature", "properties": { "内容": "トリアス居宅介護支援事業所【居宅介護支援】山梨県甲府市国玉町951-1", "url": "https://www.kaigokensaku.mhlw.go.jp/19/index.php?action_kouhyou_detail_004_kani=true&JigyosyoCd=1970100200-00&ServiceCd=430&Type=search", "url2": "http//www.trias.or.jp" }, "geometry": { "type": "Point", "coordinates": [ 138.5986866, 35.6465584 ] } },
{ "type": "Feature", "properties": { "内容": "居宅介護支援事業所　みんなの家【居宅介護支援】山梨県甲府市青沼2-22-14", "url": "https://www.kaigokensaku.mhlw.go.jp/19/index.php?action_kouhyou_detail_004_kani=true&JigyosyoCd=1970105191-00&ServiceCd=430&Type=search", "url2": "https://www.takumi.sc/welfare" }, "geometry": { "type": "Point", "coordinates": [ 138.57810520000001, 35.6535855 ] } },
{ "type": "Feature", "properties": { "内容": "藤居宅介護支援事業所【居宅介護支援】山梨県甲府市伊勢１－２－１８", "url": "https://www.kaigokensaku.mhlw.go.jp/19/index.php?action_kouhyou_detail_004_kani=true&JigyosyoCd=1970100655-00&ServiceCd=430&Type=search", "url2": null }, "geometry": { "type": "Point", "coordinates": [ 138.5681636, 35.6512196 ] } },
{ "type": "Feature", "properties": { "内容": "いまい居宅介護支援事業所【居宅介護支援】山梨県甲府市上阿原町1151", "url": "https://www.kaigokensaku.mhlw.go.jp/19/index.php?action_kouhyou_detail_004_kani=true&JigyosyoCd=1970104665-00&ServiceCd=430&Type=search", "url2": "http://imaiseikei.net/" }, "geometry": { "type": "Point", "coordinates": [ 138.602788499999974, 35.6438606 ] } },
{ "type": "Feature", "properties": { "内容": "指定居宅介護支援事業所コスモ甲府西【居宅介護支援】山梨県甲府市徳行3-9-30太田ビル201", "url": "https://www.kaigokensaku.mhlw.go.jp/19/index.php?action_kouhyou_detail_004_kani=true&JigyosyoCd=1970105985-00&ServiceCd=430&Type=search", "url2": "https://ikiikiclub.com/" }, "geometry": { "type": "Point", "coordinates": [ 138.54158, 35.6487364 ] } },
{ "type": "Feature", "properties": { "内容": "湯村温泉病院居宅介護支援事業所アシスト【居宅介護支援】山梨県甲府市湯村三丁目２番３２号", "url": "https://www.kaigokensaku.mhlw.go.jp/19/index.php?action_kouhyou_detail_004_kani=true&JigyosyoCd=1960190120-00&ServiceCd=430&Type=search", "url2": "http://www.hken.jp" }, "geometry": { "type": "Point", "coordinates": [ 138.548611, 35.6804214 ] } },
{ "type": "Feature", "properties": { "内容": "エ・ビーナ居宅介護支援事業所【居宅介護支援】山梨県甲府市国母6-6-13", "url": "https://www.kaigokensaku.mhlw.go.jp/19/index.php?action_kouhyou_detail_004_kani=true&JigyosyoCd=1970102578-00&ServiceCd=430&Type=search", "url2": null }, "geometry": { "type": "Point", "coordinates": [ 138.5623074, 35.6343406 ] } },
{ "type": "Feature", "properties": { "内容": "みやび居宅介護支援事業所【居宅介護支援】山梨県甲府市高畑１丁目２３－７大道ハイツ101号室", "url": "https://www.kaigokensaku.mhlw.go.jp/19/index.php?action_kouhyou_detail_004_kani=true&JigyosyoCd=1970104590-00&ServiceCd=430&Type=search", "url2": null }, "geometry": { "type": "Point", "coordinates": [ 138.534190299999977, 35.686625800000016 ] } },
{ "type": "Feature", "properties": { "内容": "居宅介護支援事業所青い鳥【居宅介護支援】下飯田1丁目10－22", "url": "https://www.kaigokensaku.mhlw.go.jp/19/index.php?action_kouhyou_detail_004_kani=true&JigyosyoCd=1970105019-00&ServiceCd=430&Type=search", "url2": "http://yamanashi-lighthouse.or.jp/" }, "geometry": { "type": "Point", "coordinates": [ 138.546559, 35.6660511 ] } },
{ "type": "Feature", "properties": { "内容": "ツクイ甲府下飯田【居宅介護支援】山梨県甲府市下飯田2-12-17", "url": "https://www.kaigokensaku.mhlw.go.jp/19/index.php?action_kouhyou_detail_004_kani=true&JigyosyoCd=1970105431-00&ServiceCd=430&Type=search", "url2": "https://www.tsukui.net/" }, "geometry": { "type": "Point", "coordinates": [ 138.5432473, 35.6656472 ] } },
{ "type": "Feature", "properties": { "内容": "ケアプランあさかわ【居宅介護支援】山梨県甲府市徳行2-9-15甲府スカイビル3F", "url": "https://www.kaigokensaku.mhlw.go.jp/19/index.php?action_kouhyou_detail_004_kani=true&JigyosyoCd=1970105282-00&ServiceCd=430&Type=search", "url2": "http://www.kofu-asakawa.com" }, "geometry": { "type": "Point", "coordinates": [ 138.549262983706598, 35.649451517787803 ] } },
{ "type": "Feature", "properties": { "内容": "指定居宅介護支援事業所コスモ【居宅介護支援】山梨県甲府市下向山町１２８０－１", "url": "https://www.kaigokensaku.mhlw.go.jp/19/index.php?action_kouhyou_detail_004_kani=true&JigyosyoCd=1970500540-00&ServiceCd=430&Type=search", "url2": "http://www17.ocn.ne.jp/~cosumo.1/" }, "geometry": { "type": "Point", "coordinates": [ 138.580885200000012, 35.5892522 ] } },
{ "type": "Feature", "properties": { "内容": "どんぐりクラブ【居宅介護支援】山梨県甲府市大里町４１３３番地ハイツ三神101", "url": "https://www.kaigokensaku.mhlw.go.jp/19/index.php?action_kouhyou_detail_004_kani=true&JigyosyoCd=1970105779-00&ServiceCd=430&Type=search", "url2": null }, "geometry": { "type": "Point", "coordinates": [ 138.5611147, 35.6212987 ] } },
{ "type": "Feature", "properties": { "内容": "大国居宅介護支援事業所【居宅介護支援】山梨県甲府市後屋町207", "url": "https://www.kaigokensaku.mhlw.go.jp/19/index.php?action_kouhyou_detail_004_kani=true&JigyosyoCd=1970102024-00&ServiceCd=430&Type=search", "url2": "http://www.ohkunikai.com/" }, "geometry": { "type": "Point", "coordinates": [ 138.5634258, 35.6316725 ] } },
{ "type": "Feature", "properties": { "内容": "やさしい手　甲府東事業所【居宅介護支援】山梨県甲府市酒折1-20-23", "url": "https://www.kaigokensaku.mhlw.go.jp/19/index.php?action_kouhyou_detail_004_kani=true&JigyosyoCd=1970100259-00&ServiceCd=430&Type=search", "url2": null }, "geometry": { "type": "Point", "coordinates": [ 138.595791, 35.6552854 ] } },
{ "type": "Feature", "properties": { "内容": "やさしい手　甲府西事業所【居宅介護支援】甲府市上石田1-7-14", "url": "https://www.kaigokensaku.mhlw.go.jp/19/index.php?action_kouhyou_detail_004_kani=true&JigyosyoCd=1970100895-00&ServiceCd=430&Type=search", "url2": "https://www.yasashiite-kofu.co.jp/" }, "geometry": { "type": "Point", "coordinates": [ 138.553267, 35.6579134 ] } },
{ "type": "Feature", "properties": { "内容": "やさしい手　富士見事業所【居宅介護支援】山梨県甲府市塩部4-1-13　ｻﾝﾛｰﾄﾞﾋﾞﾙ2Ｆ", "url": "https://www.kaigokensaku.mhlw.go.jp/19/index.php?action_kouhyou_detail_004_kani=true&JigyosyoCd=1970101778-00&ServiceCd=430&Type=search", "url2": null }, "geometry": { "type": "Point", "coordinates": [ 138.553177199999936, 35.6709431 ] } },
{ "type": "Feature", "properties": { "内容": "やさしい手甲府南事業所【居宅介護支援】山梨県甲府市大里町2373-1", "url": "https://www.kaigokensaku.mhlw.go.jp/19/index.php?action_kouhyou_detail_004_kani=true&JigyosyoCd=1970103584-00&ServiceCd=430&Type=search", "url2": null }, "geometry": { "type": "Point", "coordinates": [ 138.5696782, 35.626087400000017 ] } },
{ "type": "Feature", "properties": { "内容": "ライフサポートひかり　居宅介護支援事業所【居宅介護支援】山梨県甲府市長松寺7-13サンマリーナ長松寺1-A", "url": "https://www.kaigokensaku.mhlw.go.jp/19/index.php?action_kouhyou_detail_004_kani=true&JigyosyoCd=1970104434-00&ServiceCd=430&Type=search", "url2": "https://www.lifesupport-hikari.com" }, "geometry": { "type": "Point", "coordinates": [ 138.542631190198733, 35.665856832882511 ] } },
{ "type": "Feature", "properties": { "内容": "あいケア居宅介護支援事業所すみよし【居宅介護支援】山梨県甲府市住吉5丁目7-1", "url": "https://www.kaigokensaku.mhlw.go.jp/19/index.php?action_kouhyou_detail_004_kani=true&JigyosyoCd=1970104756-00&ServiceCd=430&Type=search", "url2": null }, "geometry": { "type": "Point", "coordinates": [ 138.575665, 35.6386194 ] } },
{ "type": "Feature", "properties": { "内容": "アスモ介護サービス国母【居宅介護支援】山梨県甲府市国母8‐5‐11宿沢ビル102号", "url": "https://www.kaigokensaku.mhlw.go.jp/19/index.php?action_kouhyou_detail_004_kani=true&JigyosyoCd=1970103998-00&ServiceCd=430&Type=search", "url2": null }, "geometry": { "type": "Point", "coordinates": [ 138.549310399999968, 35.6329137 ] } },
{ "type": "Feature", "properties": { "内容": "ケアプランほのぼの【居宅介護支援】山梨県甲府市千塚2丁目2番6号", "url": "https://www.kaigokensaku.mhlw.go.jp/19/index.php?action_kouhyou_detail_004_kani=true&JigyosyoCd=1970104772-00&ServiceCd=430&Type=search", "url2": null }, "geometry": { "type": "Point", "coordinates": [ 138.538006699999983, 35.6804351 ] } },
{ "type": "Feature", "properties": { "内容": "アルファケア在宅介護支援センター【居宅介護支援】山梨県甲府市山宮町703-1", "url": "https://www.kaigokensaku.mhlw.go.jp/19/index.php?action_kouhyou_detail_004_kani=true&JigyosyoCd=1970101356-00&ServiceCd=430&Type=search", "url2": "kita@alphacare.jp" }, "geometry": { "type": "Point", "coordinates": [ 138.532555300000013, 35.6882093 ] } },
{ "type": "Feature", "properties": { "内容": "ケアプランまきい【居宅介護支援】山梨県甲府市上今井町260-5井上ビルC", "url": "https://www.kaigokensaku.mhlw.go.jp/19/index.php?action_kouhyou_detail_004_kani=true&JigyosyoCd=1970105951-00&ServiceCd=430&Type=search", "url2": null }, "geometry": { "type": "Point", "coordinates": [ 138.572392900000011, 35.6283444 ] } },
{ "type": "Feature", "properties": { "内容": "甲府南指定居宅介護支援事業所【居宅介護支援】山梨県甲府市住吉５丁目２４－１４", "url": "https://www.kaigokensaku.mhlw.go.jp/19/index.php?action_kouhyou_detail_004_kani=true&JigyosyoCd=1950180016-00&ServiceCd=430&Type=search", "url2": "https://care-net.biz/19/kofuminamilife/" }, "geometry": { "type": "Point", "coordinates": [ 138.57811049999998, 35.635203 ] } },
{ "type": "Feature", "properties": { "内容": "共立介護支援センター【居宅介護支援】山梨県甲府市丸の内２－９－２８勤医協駅前ビル4階", "url": "https://www.kaigokensaku.mhlw.go.jp/19/index.php?action_kouhyou_detail_004_kani=true&JigyosyoCd=1970100218-00&ServiceCd=430&Type=search", "url2": "http://www.yamanashi-min.jp/" }, "geometry": { "type": "Point", "coordinates": [ 138.565509799999973, 35.6670571 ] } },
{ "type": "Feature", "properties": { "内容": "居宅介護支援事業所さい　こうふ【居宅介護支援】山梨県甲府市上阿原町526－7", "url": "https://www.kaigokensaku.mhlw.go.jp/19/index.php?action_kouhyou_detail_004_kani=true&JigyosyoCd=1990101055-00&ServiceCd=430&Type=search", "url2": null }, "geometry": { "type": "Point", "coordinates": [ 138.606540023942557, 35.644367047304833 ] } },
{ "type": "Feature", "properties": { "内容": "ケアワークス居宅介護支援事業所【居宅介護支援】山梨県甲府市下石田２丁目１－２４", "url": "https://www.kaigokensaku.mhlw.go.jp/19/index.php?action_kouhyou_detail_004_kani=true&JigyosyoCd=1970100978-00&ServiceCd=430&Type=search", "url2": null }, "geometry": { "type": "Point", "coordinates": [ 138.550440400000014, 35.6501851 ] } },
{ "type": "Feature", "properties": { "内容": "春光園指定居宅介護支援事業所【居宅介護支援】山梨県甲府市増坪町681", "url": "https://www.kaigokensaku.mhlw.go.jp/19/index.php?action_kouhyou_detail_004_kani=true&JigyosyoCd=1970100044-00&ServiceCd=430&Type=search", "url2": "http://shinwakai1979.or.jp/" }, "geometry": { "type": "Point", "coordinates": [ 138.594295200000033, 35.6344728 ] } },
{ "type": "Feature", "properties": { "内容": "有限会社アルファー・キッド【居宅介護支援】甲府市朝日1-6-1", "url": "https://www.kaigokensaku.mhlw.go.jp/19/index.php?action_kouhyou_detail_004_kani=true&JigyosyoCd=1970100440-00&ServiceCd=430&Type=search", "url2": null }, "geometry": { "type": "Point", "coordinates": [ 138.565973500000013, 35.6699378 ] } },
{ "type": "Feature", "properties": { "内容": "ＮＰＯ法人　デイサービスかんむら【居宅介護支援】山梨県甲府市上町８７１－１", "url": "https://www.kaigokensaku.mhlw.go.jp/19/index.php?action_kouhyou_detail_004_kani=true&JigyosyoCd=1970102891-00&ServiceCd=430&Type=search", "url2": null }, "geometry": { "type": "Point", "coordinates": [ 138.584829610965983, 35.629195828434163 ] } },
{ "type": "Feature", "properties": { "内容": "医療法人慶友会　城東病院　指定居宅介護支援事業所【居宅介護支援】山梨県甲府市城東4-13-15", "url": "https://www.kaigokensaku.mhlw.go.jp/19/index.php?action_kouhyou_detail_004_kani=true&JigyosyoCd=1910113131-00&ServiceCd=430&Type=search", "url2": "http://www.joto-group.com" }, "geometry": { "type": "Point", "coordinates": [ 138.5820127, 35.6574981 ] } },
{ "type": "Feature", "properties": { "内容": "東甲府居宅介護支援サービス【居宅介護支援】甲府市川田町40－2", "url": "https://www.kaigokensaku.mhlw.go.jp/19/index.php?action_kouhyou_detail_004_kani=true&JigyosyoCd=1970102180-00&ServiceCd=430&Type=search", "url2": "https://ekh-hibari.jimdofree.com/" }, "geometry": { "type": "Point", "coordinates": [ 138.619505, 35.6559883 ] } },
{ "type": "Feature", "properties": { "内容": "居宅介護支援事業所カンナ【居宅介護支援】山梨県甲府市湯村3目19番46号", "url": "https://www.kaigokensaku.mhlw.go.jp/19/index.php?action_kouhyou_detail_004_kani=true&JigyosyoCd=1970104079-00&ServiceCd=430&Type=search", "url2": null }, "geometry": { "type": "Point", "coordinates": [ 138.544685152778584, 35.684410163595651 ] } },
{ "type": "Feature", "properties": { "内容": "医療法人　笹本会　おおくに居宅介護支援事業所【居宅介護支援】山梨県甲府市大里町5315", "url": "https://www.kaigokensaku.mhlw.go.jp/19/index.php?action_kouhyou_detail_004_kani=true&JigyosyoCd=1970104533-00&ServiceCd=430&Type=search", "url2": "http://sasamotokai.net/" }, "geometry": { "type": "Point", "coordinates": [ 138.558059899999989, 35.6247456 ] } },
{ "type": "Feature", "properties": { "内容": "全労済在宅介護サービスセンター山梨【居宅介護支援】甲府市丸の内3-29-11", "url": "https://www.kaigokensaku.mhlw.go.jp/19/index.php?action_kouhyou_detail_004_kani=true&JigyosyoCd=1970103618-00&ServiceCd=430&Type=search", "url2": null }, "geometry": { "type": "Point", "coordinates": [ 138.564013199999977, 35.659309 ] } },
{ "type": "Feature", "properties": { "内容": "みち居宅介護支援事業所【居宅介護支援】山梨県甲府市中村町１３－４", "url": "https://www.kaigokensaku.mhlw.go.jp/19/index.php?action_kouhyou_detail_004_kani=true&JigyosyoCd=1970105969-00&ServiceCd=430&Type=search", "url2": null }, "geometry": { "type": "Point", "coordinates": [ 138.535126379762261, 35.664694857163965 ] } },
{ "type": "Feature", "properties": { "内容": "和らぎ居宅介護支援事業所【居宅介護支援】山梨県甲府市上石田3丁目13-11ホーチキビル2階北", "url": "https://www.kaigokensaku.mhlw.go.jp/19/index.php?action_kouhyou_detail_004_kani=true&JigyosyoCd=1970102792-00&ServiceCd=430&Type=search", "url2": null }, "geometry": { "type": "Point", "coordinates": [ 138.556239918914088, 35.651557743955806 ] } },
{ "type": "Feature", "properties": { "内容": "有限会社グットケアー住吉居宅介護支援事業所【居宅介護支援】山梨県甲府市住吉5丁目21-1", "url": "https://www.kaigokensaku.mhlw.go.jp/19/index.php?action_kouhyou_detail_004_kani=true&JigyosyoCd=1970100952-00&ServiceCd=430&Type=search", "url2": "http://www.goodcare-kaigo.com/" }, "geometry": { "type": "Point", "coordinates": [ 138.576566704724115, 35.634274438221944 ] } },
{ "type": "Feature", "properties": { "内容": "ケアタウン居宅介護支援事業所【居宅介護支援】甲府市増坪町７２８－5", "url": "https://www.kaigokensaku.mhlw.go.jp/19/index.php?action_kouhyou_detail_004_kani=true&JigyosyoCd=1970103485-00&ServiceCd=430&Type=search", "url2": "http://hp.kaipoke.biz/xvy/" }, "geometry": { "type": "Point", "coordinates": [ 138.595832662622115, 35.635837837847745 ] } },
{ "type": "Feature", "properties": { "内容": "ケアプラン小瀬【居宅介護支援】小瀬町７６－１３", "url": "https://www.kaigokensaku.mhlw.go.jp/19/index.php?action_kouhyou_detail_004_kani=true&JigyosyoCd=1970104301-00&ServiceCd=430&Type=search", "url2": null }, "geometry": { "type": "Point", "coordinates": [ 138.576788699999952, 35.6269514 ] } },
{ "type": "Feature", "properties": { "内容": "ケアプランひだまり【居宅介護支援】山梨県甲府市北新2丁目2-7戸澤住宅10番", "url": "https://www.kaigokensaku.mhlw.go.jp/19/index.php?action_kouhyou_detail_004_kani=true&JigyosyoCd=1970105688-00&ServiceCd=430&Type=search", "url2": "https://www.links-hidamari.com/cont3/main.html" }, "geometry": { "type": "Point", "coordinates": [ 138.564490580426053, 35.679957961714017 ] } },
{ "type": "Feature", "properties": { "内容": "ニチイケアセンター甲府西【居宅介護支援】山梨県甲府市下飯田2丁目4-30", "url": "https://www.kaigokensaku.mhlw.go.jp/19/index.php?action_kouhyou_detail_004_kani=true&JigyosyoCd=1970101695-00&ServiceCd=430&Type=search", "url2": "http://nichiigakkan.co.jp" }, "geometry": { "type": "Point", "coordinates": [ 138.5491505, 35.6633174 ] } },
{ "type": "Feature", "properties": { "内容": "居宅介護支援事業所　日々、良い一日。【居宅介護支援】山梨県甲府市山宮町2455-1コミュニティハウスはぐろ・う", "url": "https://www.kaigokensaku.mhlw.go.jp/19/index.php?action_kouhyou_detail_004_kani=true&JigyosyoCd=1970106025-00&ServiceCd=430&Type=search", "url2": "https://jikansha.com/" }, "geometry": { "type": "Point", "coordinates": [ 138.542431, 35.6908044 ] } },
{ "type": "Feature", "properties": { "内容": "縁指定居宅介護支援事業所【居宅介護支援】山梨県甲府市下積翠寺町1534", "url": "https://www.kaigokensaku.mhlw.go.jp/19/index.php?action_kouhyou_detail_004_kani=true&JigyosyoCd=1970103121-00&ServiceCd=430&Type=search", "url2": null }, "geometry": { "type": "Point", "coordinates": [ 138.58399510000001, 35.6919157 ] } },
{ "type": "Feature", "properties": { "内容": "甲斐の郷居宅介護支援事業所【居宅介護支援】大手1-4-45", "url": "https://www.kaigokensaku.mhlw.go.jp/19/index.php?action_kouhyou_detail_004_kani=true&JigyosyoCd=1970106058-00&ServiceCd=430&Type=search", "url2": "https://www.kainosato.com/" }, "geometry": { "type": "Point", "coordinates": [ 139.6872622, 35.7010532 ] } },
{ "type": "Feature", "properties": { "内容": "ケアプラン洗心【居宅介護支援】山梨県甲府市朝気3丁目18-5", "url": "https://www.kaigokensaku.mhlw.go.jp/19/index.php?action_kouhyou_detail_004_kani=true&JigyosyoCd=1990101105-00&ServiceCd=430&Type=search", "url2": "http://tsuyukigroup.life" }, "geometry": { "type": "Point", "coordinates": [ 138.5807021, 35.6486995 ] } },
{ "type": "Feature", "properties": { "内容": "やまびこ居宅介護支援事業所【居宅介護支援】山梨県甲府市大手1-2-4", "url": "https://www.kaigokensaku.mhlw.go.jp/19/index.php?action_kouhyou_detail_004_kani=true&JigyosyoCd=1970105506-00&ServiceCd=430&Type=search", "url2": null }, "geometry": { "type": "Point", "coordinates": [ 138.57441244659654, 35.680454730117681 ] } },
{ "type": "Feature", "properties": { "内容": "介護福祉サポートいけだ【居宅介護支援】山梨県甲府市下飯田1-2-18", "url": "https://www.kaigokensaku.mhlw.go.jp/19/index.php?action_kouhyou_detail_004_kani=true&JigyosyoCd=1970104483-00&ServiceCd=430&Type=search", "url2": "https://ykf.or.jp" }, "geometry": { "type": "Point", "coordinates": [ 138.545174115344253, 35.668931139641245 ] } },
{ "type": "Feature", "properties": { "内容": "セントケア富士吉田【居宅介護支援】山梨県富士吉田市下吉田1945北井ビル2階", "url": "https://www.kaigokensaku.mhlw.go.jp/19/index.php?action_kouhyou_detail_004_kani=true&JigyosyoCd=1971200397-00&ServiceCd=430&Type=search", "url2": null }, "geometry": { "type": "Point", "coordinates": [ 138.8042544, 35.487866 ] } },
{ "type": "Feature", "properties": { "内容": "天野医院たちばな指定居宅介護支援事業所【居宅介護支援】富士吉田市下吉田３９０", "url": "https://www.kaigokensaku.mhlw.go.jp/19/index.php?action_kouhyou_detail_004_kani=true&JigyosyoCd=1911210696-00&ServiceCd=430&Type=search", "url2": null }, "geometry": { "type": "Point", "coordinates": [ 138.801924099999951, 35.4920767 ] } },
{ "type": "Feature", "properties": { "内容": "白樺荘　指定居宅介護支援事業所【居宅介護支援】山梨県富士吉田市新屋1552-3", "url": "https://www.kaigokensaku.mhlw.go.jp/19/index.php?action_kouhyou_detail_004_kani=true&JigyosyoCd=1951280005-00&ServiceCd=430&Type=search", "url2": "http://www.fgo.jp/~sirakaba" }, "geometry": { "type": "Point", "coordinates": [ 138.793153599999982, 35.4595859 ] } },
{ "type": "Feature", "properties": { "内容": "富士吉田市福祉ホール指定居宅介護支援事業所【居宅介護支援】富士吉田市下吉田１９００番地１富士吉田市福祉ホール", "url": "https://www.kaigokensaku.mhlw.go.jp/19/index.php?action_kouhyou_detail_004_kani=true&JigyosyoCd=1971200470-00&ServiceCd=430&Type=search", "url2": null }, "geometry": { "type": "Point", "coordinates": [ 138.801924099999951, 35.4920767 ] } },
{ "type": "Feature", "properties": { "内容": "ケアプラン　つくし【居宅介護支援】山梨県富士吉田市上吉田東9丁目17番1号", "url": "https://www.kaigokensaku.mhlw.go.jp/19/index.php?action_kouhyou_detail_004_kani=true&JigyosyoCd=1971200678-00&ServiceCd=430&Type=search", "url2": "http://www.tsukushian.com/" }, "geometry": { "type": "Point", "coordinates": [ 138.809854861411054, 35.467729171132426 ] } },
{ "type": "Feature", "properties": { "内容": "居宅介護支援事業所　おりひめ【居宅介護支援】山梨県富士吉田市上吉田5410-1", "url": "https://www.kaigokensaku.mhlw.go.jp/19/index.php?action_kouhyou_detail_004_kani=true&JigyosyoCd=1971200694-00&ServiceCd=430&Type=search", "url2": null }, "geometry": { "type": "Point", "coordinates": [ 138.790948, 35.4723539 ] } },
{ "type": "Feature", "properties": { "内容": "訪問看護ステーション　さくら　指定居宅介護支援事業所【居宅介護支援】山梨県富士吉田市下吉田4-21-50ﾒｿﾞﾝｸﾞﾘｰﾝﾋﾙ1F", "url": "https://www.kaigokensaku.mhlw.go.jp/19/index.php?action_kouhyou_detail_004_kani=true&JigyosyoCd=1971200488-00&ServiceCd=430&Type=search", "url2": "http://houmonsakura.com/" }, "geometry": { "type": "Point", "coordinates": [ 138.797816979306248, 35.488917893801592 ] } },
{ "type": "Feature", "properties": { "内容": "株式会社高木建材福祉事業部ポプラの木介護センター　居宅介護支援事業所【居宅介護支援】山梨県富士吉田市中曽根1-8-24", "url": "https://www.kaigokensaku.mhlw.go.jp/19/index.php?action_kouhyou_detail_004_kani=true&JigyosyoCd=1971200066-00&ServiceCd=430&Type=search", "url2": "http://www.popuranoki.jp" }, "geometry": { "type": "Point", "coordinates": [ 138.8012401, 35.4853097 ] } },
{ "type": "Feature", "properties": { "内容": "指定居宅介護支援事業所慶和荘【居宅介護支援】山梨県富士吉田市上吉田字熊穴４５８４", "url": "https://www.kaigokensaku.mhlw.go.jp/19/index.php?action_kouhyou_detail_004_kani=true&JigyosyoCd=1971200322-00&ServiceCd=430&Type=search", "url2": "http://www.mswc.or.jp/" }, "geometry": { "type": "Point", "coordinates": [ 138.785229, 35.4764754 ] } },
{ "type": "Feature", "properties": { "内容": "ケアマネ事務所こたちゃん【居宅介護支援】山梨県富士吉田市中曽根4-1-13", "url": "https://www.kaigokensaku.mhlw.go.jp/19/index.php?action_kouhyou_detail_004_kani=true&JigyosyoCd=1971200413-00&ServiceCd=430&Type=search", "url2": null }, "geometry": { "type": "Point", "coordinates": [ 138.80707240000001, 35.4812924 ] } },
{ "type": "Feature", "properties": { "内容": "ピース介護支援事業所【居宅介護支援】上吉田東六丁目９番２５号", "url": "https://www.kaigokensaku.mhlw.go.jp/19/index.php?action_kouhyou_detail_004_kani=true&JigyosyoCd=1971200082-00&ServiceCd=430&Type=search", "url2": "https://sinwabusiness.co.jp/" }, "geometry": { "type": "Point", "coordinates": [ 138.806485400000014, 35.4703104 ] } },
{ "type": "Feature", "properties": { "内容": "ケアプランはづき【居宅介護支援】山梨県富士吉田市上吉田東1－1－32", "url": "https://www.kaigokensaku.mhlw.go.jp/19/index.php?action_kouhyou_detail_004_kani=true&JigyosyoCd=1971200587-00&ServiceCd=430&Type=search", "url2": "https//jsp.co.jp" }, "geometry": { "type": "Point", "coordinates": [ 138.8020256, 35.4740921 ] } },
{ "type": "Feature", "properties": { "内容": "居宅介護支援センター　ゆう【居宅介護支援】山梨県富士吉田市上吉田東8-8-16", "url": "https://www.kaigokensaku.mhlw.go.jp/19/index.php?action_kouhyou_detail_004_kani=true&JigyosyoCd=1971200280-00&ServiceCd=430&Type=search", "url2": "https://yuu3945.net/" }, "geometry": { "type": "Point", "coordinates": [ 138.807172, 35.4879989 ] } },
{ "type": "Feature", "properties": { "内容": "サンクシア居宅介護支援事業所【居宅介護支援】山梨県富士吉田市緑ヶ丘２－７－１６ハイツマルビ５０２", "url": "https://www.kaigokensaku.mhlw.go.jp/19/index.php?action_kouhyou_detail_004_kani=true&JigyosyoCd=1971200652-00&ServiceCd=430&Type=search", "url2": null }, "geometry": { "type": "Point", "coordinates": [ 138.794444299999981, 35.4924682 ] } },
{ "type": "Feature", "properties": { "内容": "ニチイケアセンター　富士吉田【居宅介護支援】山梨県富士吉田市上吉田東7-17-22", "url": "https://www.kaigokensaku.mhlw.go.jp/19/index.php?action_kouhyou_detail_004_kani=true&JigyosyoCd=1971200058-00&ServiceCd=430&Type=search", "url2": "http://www.nichiigakkan.co.jp" }, "geometry": { "type": "Point", "coordinates": [ 138.7976272, 35.4796824 ] } },
{ "type": "Feature", "properties": { "内容": "都留市社会福祉協議会【居宅介護支援】山梨県都留市下谷２，５１６番地１", "url": "https://www.kaigokensaku.mhlw.go.jp/19/index.php?action_kouhyou_detail_004_kani=true&JigyosyoCd=1971100027-00&ServiceCd=430&Type=search", "url2": "http://www11.ocn.ne.jp/~t-shakyo/" }, "geometry": { "type": "Point", "coordinates": [ 138.914324099999931, 35.5611959 ] } },
{ "type": "Feature", "properties": { "内容": "都留市立病院指定居宅介護支援事業所【居宅介護支援】都留市つる5-1-55", "url": "https://www.kaigokensaku.mhlw.go.jp/19/index.php?action_kouhyou_detail_004_kani=true&JigyosyoCd=1971100175-00&ServiceCd=430&Type=search", "url2": null }, "geometry": { "type": "Point", "coordinates": [ 138.903208800000016, 35.5629926 ] } },
{ "type": "Feature", "properties": { "内容": "居宅介護支援事業所思いやり【居宅介護支援】山梨県都留市井倉294-5", "url": "https://www.kaigokensaku.mhlw.go.jp/19/index.php?action_kouhyou_detail_004_kani=true&JigyosyoCd=1971100134-00&ServiceCd=430&Type=search", "url2": "omoiyaritakeo@nifty.com" }, "geometry": { "type": "Point", "coordinates": [ 138.933121300000039, 35.576228 ] } },
{ "type": "Feature", "properties": { "内容": "居宅介護支援センター回生荘【居宅介護支援】境３６番地", "url": "https://www.kaigokensaku.mhlw.go.jp/19/index.php?action_kouhyou_detail_004_kani=true&JigyosyoCd=1971100290-00&ServiceCd=430&Type=search", "url2": "http://www.office@kaisei-so.jp" }, "geometry": { "type": "Point", "coordinates": [ 141.106459800000039, 38.6101119 ] } },
{ "type": "Feature", "properties": { "内容": "有限会社　ファミリーケアサービス【居宅介護支援】山梨県都留市つる5-4-29", "url": "https://www.kaigokensaku.mhlw.go.jp/19/index.php?action_kouhyou_detail_004_kani=true&JigyosyoCd=1971100282-00&ServiceCd=430&Type=search", "url2": null }, "geometry": { "type": "Point", "coordinates": [ 138.90515849999997, 35.5626066 ] } },
{ "type": "Feature", "properties": { "内容": "Nuts居宅介護支援事業所【居宅介護支援】山梨県都留市夏狩1719－201", "url": "https://www.kaigokensaku.mhlw.go.jp/19/index.php?action_kouhyou_detail_004_kani=true&JigyosyoCd=1971100480-00&ServiceCd=430&Type=search", "url2": null }, "geometry": { "type": "Point", "coordinates": [ 138.880331500000011, 35.539109299999986 ] } },
{ "type": "Feature", "properties": { "内容": "よこぶき荘指定居宅介護支援事業所【居宅介護支援】山梨県都留市川茂328番地４", "url": "https://www.kaigokensaku.mhlw.go.jp/19/index.php?action_kouhyou_detail_004_kani=true&JigyosyoCd=1971100019-00&ServiceCd=430&Type=search", "url2": "http://www.yokobukiso.or.jp/" }, "geometry": { "type": "Point", "coordinates": [ 138.915284899999961, 35.575571 ] } },
{ "type": "Feature", "properties": { "内容": "サンクシア都留居宅介護支援事業所【居宅介護支援】山梨県都留市桂町907-1桂ハイツC号室", "url": "https://www.kaigokensaku.mhlw.go.jp/19/index.php?action_kouhyou_detail_004_kani=true&JigyosyoCd=1971100472-00&ServiceCd=430&Type=search", "url2": null }, "geometry": { "type": "Point", "coordinates": [ 138.8686524, 35.5341437 ] } },
{ "type": "Feature", "properties": { "内容": "きずな居宅介護支援事業所【居宅介護支援】山梨県都留市井倉３３３－２", "url": "https://www.kaigokensaku.mhlw.go.jp/19/index.php?action_kouhyou_detail_004_kani=true&JigyosyoCd=1971100324-00&ServiceCd=430&Type=search", "url2": null }, "geometry": { "type": "Point", "coordinates": [ 138.932897700000012, 35.5757272 ] } },
{ "type": "Feature", "properties": { "内容": "居宅介護支援センターあすなろ【居宅介護支援】山梨県都留市四日市場30-5", "url": "https://www.kaigokensaku.mhlw.go.jp/19/index.php?action_kouhyou_detail_004_kani=true&JigyosyoCd=1971100092-00&ServiceCd=430&Type=search", "url2": null }, "geometry": { "type": "Point", "coordinates": [ 138.9161268, 35.5650975 ] } },
{ "type": "Feature", "properties": { "内容": "クローバーケアサービスつる【居宅介護支援】山梨県都留市下谷2441-1", "url": "https://www.kaigokensaku.mhlw.go.jp/19/index.php?action_kouhyou_detail_004_kani=true&JigyosyoCd=1971100431-00&ServiceCd=430&Type=search", "url2": "https://clovercare.co.jp/" }, "geometry": { "type": "Point", "coordinates": [ 138.9202238, 35.5604169 ] } },
{ "type": "Feature", "properties": { "内容": "介護サービスゆりの里【居宅介護支援】山梨県都留市田野倉１４３１番地１", "url": "https://www.kaigokensaku.mhlw.go.jp/19/index.php?action_kouhyou_detail_004_kani=true&JigyosyoCd=1971100241-00&ServiceCd=430&Type=search", "url2": "https://yurinosato-web.jimdosite.com/" }, "geometry": { "type": "Point", "coordinates": [ 138.9342038, 35.5874712 ] } },
{ "type": "Feature", "properties": { "内容": "ツクイ都留四日市場営業所【居宅介護支援】四日市場1052-2", "url": "https://www.kaigokensaku.mhlw.go.jp/19/index.php?action_kouhyou_detail_004_kani=true&JigyosyoCd=1971100449-00&ServiceCd=430&Type=search", "url2": "https://www.tsukui.net/home-care/2216" }, "geometry": { "type": "Point", "coordinates": [ 138.9205682, 35.5677999 ] } },
{ "type": "Feature", "properties": { "内容": "ツル虎ノ門整形外科・リハビリテーション病院　居宅介護支援【居宅介護支援】山梨県都留市四日市場瀬中188", "url": "https://www.kaigokensaku.mhlw.go.jp/19/index.php?action_kouhyou_detail_004_kani=true&JigyosyoCd=1911110474-00&ServiceCd=430&Type=search", "url2": "http://www.toranomon.or.jp" }, "geometry": { "type": "Point", "coordinates": [ 138.9177641, 35.5675086 ] } },
{ "type": "Feature", "properties": { "内容": "有限会社　ケアサポート孫心【居宅介護支援】都留市古川度125-1", "url": "https://www.kaigokensaku.mhlw.go.jp/19/index.php?action_kouhyou_detail_004_kani=true&JigyosyoCd=1971100183-00&ServiceCd=430&Type=search", "url2": null }, "geometry": { "type": "Point", "coordinates": [ 138.9055266, 35.5516369 ] } },
{ "type": "Feature", "properties": { "内容": "居宅介護支援事業所あゆみ【居宅介護支援】山梨県都留市田原4丁目4番地2号", "url": "https://www.kaigokensaku.mhlw.go.jp/19/index.php?action_kouhyou_detail_004_kani=true&JigyosyoCd=1961190038-00&ServiceCd=430&Type=search", "url2": "https://thrifty-cyclamen-zth5k6.mystrikingly.com/" }, "geometry": { "type": "Point", "coordinates": [ 138.894000799999986, 35.5412543 ] } },
{ "type": "Feature", "properties": { "内容": "松蔭居宅介護支援事業所【居宅介護支援】山梨県山梨市鴨居寺４１７－１", "url": "https://www.kaigokensaku.mhlw.go.jp/19/index.php?action_kouhyou_detail_004_kani=true&JigyosyoCd=1970200273-00&ServiceCd=430&Type=search", "url2": null }, "geometry": { "type": "Point", "coordinates": [ 138.699613099999965, 35.6818704 ] } },
{ "type": "Feature", "properties": { "内容": "笛吹荘居宅介護支援事業所【居宅介護支援】山梨県山梨市牧丘町室伏２４５２番地", "url": "https://www.kaigokensaku.mhlw.go.jp/19/index.php?action_kouhyou_detail_004_kani=true&JigyosyoCd=1970400196-00&ServiceCd=430&Type=search", "url2": "http://www.fruits.jp/~jyukokai/" }, "geometry": { "type": "Point", "coordinates": [ 138.721706700000027, 35.7524955 ] } },
{ "type": "Feature", "properties": { "内容": "居宅介護支援事業所リアン【居宅介護支援】山梨県山梨市七日市場710-1コミュニティサポートリアン", "url": "https://www.kaigokensaku.mhlw.go.jp/19/index.php?action_kouhyou_detail_004_kani=true&JigyosyoCd=1970200653-00&ServiceCd=430&Type=search", "url2": "http://www.fruits.jp/~jyukokai/" }, "geometry": { "type": "Point", "coordinates": [ 138.699420700000019, 35.6999872 ] } },
{ "type": "Feature", "properties": { "内容": "Hop【居宅介護支援】山梨県山梨市上神内川1126番地1山工ビル1階", "url": "https://www.kaigokensaku.mhlw.go.jp/19/index.php?action_kouhyou_detail_004_kani=true&JigyosyoCd=1970200778-00&ServiceCd=430&Type=search", "url2": null }, "geometry": { "type": "Point", "coordinates": [ 138.684984168053433, 35.690289555095454 ] } },
{ "type": "Feature", "properties": { "内容": "恵信山梨落合サポートセンター【居宅介護支援】山梨県山梨市南１３３５", "url": "https://www.kaigokensaku.mhlw.go.jp/19/index.php?action_kouhyou_detail_004_kani=true&JigyosyoCd=1970200562-00&ServiceCd=430&Type=search", "url2": "http://www.keishin-group.net/" }, "geometry": { "type": "Point", "coordinates": [ 138.685623600000014, 35.7005606 ] } },
{ "type": "Feature", "properties": { "内容": "まにまに【居宅介護支援】山梨県山梨市小原東112-1イーストヴィレッジ208号室", "url": "https://www.kaigokensaku.mhlw.go.jp/19/index.php?action_kouhyou_detail_004_kani=true&JigyosyoCd=1970200745-00&ServiceCd=430&Type=search", "url2": null }, "geometry": { "type": "Point", "coordinates": [ 138.7018316, 35.6946536 ] } },
{ "type": "Feature", "properties": { "内容": "サテライト桃源荘居宅介護支援センター【居宅介護支援】山梨県山梨市一町田中197", "url": "https://www.kaigokensaku.mhlw.go.jp/19/index.php?action_kouhyou_detail_004_kani=true&JigyosyoCd=1970200554-00&ServiceCd=430&Type=search", "url2": "http://www.yfj.or.jp/" }, "geometry": { "type": "Point", "coordinates": [ 138.673028942327903, 35.663224891459045 ] } },
{ "type": "Feature", "properties": { "内容": "やさしい手　山梨事業所【居宅介護支援】山梨県山梨市上神内川1646ステーションビル竹川2Ｃ", "url": "https://www.kaigokensaku.mhlw.go.jp/19/index.php?action_kouhyou_detail_004_kani=true&JigyosyoCd=1970200133-00&ServiceCd=430&Type=search", "url2": "yamanashi2@yasashiie-kofu.co.jp" }, "geometry": { "type": "Point", "coordinates": [ 138.6828803, 35.6853602 ] } },
{ "type": "Feature", "properties": { "内容": "恵信山梨南サポートセンター【居宅介護支援】山梨県山梨市南１３３５", "url": "https://www.kaigokensaku.mhlw.go.jp/19/index.php?action_kouhyou_detail_004_kani=true&JigyosyoCd=1970200257-00&ServiceCd=430&Type=search", "url2": "http://www.keishin-group.net/roger/index.html" }, "geometry": { "type": "Point", "coordinates": [ 138.685585899999978, 35.70064 ] } },
{ "type": "Feature", "properties": { "内容": "ケアプランローズマリーの家【居宅介護支援】七日市場314番地4", "url": "https://www.kaigokensaku.mhlw.go.jp/19/index.php?action_kouhyou_detail_004_kani=true&JigyosyoCd=1970200810-00&ServiceCd=430&Type=search", "url2": null }, "geometry": { "type": "Point", "coordinates": [ 138.701201190416583, 35.704788716068244 ] } },
{ "type": "Feature", "properties": { "内容": "ケアプラン日和【居宅介護支援】山梨市南１００６－1", "url": "https://www.kaigokensaku.mhlw.go.jp/19/index.php?action_kouhyou_detail_004_kani=true&JigyosyoCd=1970200414-00&ServiceCd=430&Type=search", "url2": null }, "geometry": { "type": "Point", "coordinates": [ 138.680254600000012, 35.702335 ] } },
{ "type": "Feature", "properties": { "内容": "やざわ居宅介護支援事業所【居宅介護支援】山梨県大月市賑岡町畑倉967", "url": "https://www.kaigokensaku.mhlw.go.jp/19/index.php?action_kouhyou_detail_004_kani=true&JigyosyoCd=1971400559-00&ServiceCd=430&Type=search", "url2": null }, "geometry": { "type": "Point", "coordinates": [ 138.947223600000029, 35.6303247 ] } },
{ "type": "Feature", "properties": { "内容": "居宅介護支援事業所さるはし【居宅介護支援】山梨県大月市猿橋町殿上552-5", "url": "https://www.kaigokensaku.mhlw.go.jp/19/index.php?action_kouhyou_detail_004_kani=true&JigyosyoCd=1971400468-00&ServiceCd=430&Type=search", "url2": "https://sarukyo.gunnai-kyoritsu.jp/" }, "geometry": { "type": "Point", "coordinates": [ 138.966527155680865, 35.611284057037793 ] } },
{ "type": "Feature", "properties": { "内容": "クローバーケアサービス【居宅介護支援】山梨県大月市御太刀2丁目8-8ラ・グランメール2階", "url": "https://www.kaigokensaku.mhlw.go.jp/19/index.php?action_kouhyou_detail_004_kani=true&JigyosyoCd=1971400492-00&ServiceCd=430&Type=search", "url2": "https://clovercare.co.jp/" }, "geometry": { "type": "Point", "coordinates": [ 138.9470111, 35.6161288 ] } },
{ "type": "Feature", "properties": { "内容": "介護ショップ　さくら【居宅介護支援】山梨県大月市駒橋1-11-2", "url": "https://www.kaigokensaku.mhlw.go.jp/19/index.php?action_kouhyou_detail_004_kani=true&JigyosyoCd=1971400302-00&ServiceCd=430&Type=search", "url2": "http://www.fujikosei.or.jp" }, "geometry": { "type": "Point", "coordinates": [ 138.9506651, 35.6135161 ] } },
{ "type": "Feature", "properties": { "内容": "ケアプランいきがい【居宅介護支援】山梨県大月市猿橋町桂台1-100-1", "url": "https://www.kaigokensaku.mhlw.go.jp/19/index.php?action_kouhyou_detail_004_kani=true&JigyosyoCd=1971400021-00&ServiceCd=430&Type=search", "url2": "http://www.heisei294.org" }, "geometry": { "type": "Point", "coordinates": [ 138.968750199999988, 35.6087284 ] } },
{ "type": "Feature", "properties": { "内容": "福祉工房【居宅介護支援】山梨県大月市大月2丁目12-30", "url": "https://www.kaigokensaku.mhlw.go.jp/19/index.php?action_kouhyou_detail_004_kani=true&JigyosyoCd=1971400195-00&ServiceCd=430&Type=search", "url2": null }, "geometry": { "type": "Point", "coordinates": [ 138.9391569, 35.6103002 ] } },
{ "type": "Feature", "properties": { "内容": "介護プラン「花さき」【居宅介護支援】山梨県大月市大月町花咲１０", "url": "https://www.kaigokensaku.mhlw.go.jp/19/index.php?action_kouhyou_detail_004_kani=true&JigyosyoCd=1971400039-00&ServiceCd=430&Type=search", "url2": "https://www.otsuki-shakyo.jp/" }, "geometry": { "type": "Point", "coordinates": [ 138.9272492, 35.6045873 ] } },
{ "type": "Feature", "properties": { "内容": "りほくケアネットワーク【居宅介護支援】山梨県韮崎市中田町中條１０３１－１番地", "url": "https://www.kaigokensaku.mhlw.go.jp/19/index.php?action_kouhyou_detail_004_kani=true&JigyosyoCd=1970900088-00&ServiceCd=430&Type=search", "url2": null }, "geometry": { "type": "Point", "coordinates": [ 138.444100700000035, 35.7391156 ] } },
{ "type": "Feature", "properties": { "内容": "ケアプラン上野【居宅介護支援】山梨県韮崎市藤井町駒井910番地", "url": "https://www.kaigokensaku.mhlw.go.jp/19/index.php?action_kouhyou_detail_004_kani=true&JigyosyoCd=1970900278-00&ServiceCd=430&Type=search", "url2": null }, "geometry": { "type": "Point", "coordinates": [ 138.43546809999998, 35.7327913 ] } },
{ "type": "Feature", "properties": { "内容": "グッドベース居宅介護支援事業所【居宅介護支援】山梨県韮崎市富士見1-5-5韮崎エステートビル3FK室", "url": "https://www.kaigokensaku.mhlw.go.jp/19/index.php?action_kouhyou_detail_004_kani=true&JigyosyoCd=1970900351-00&ServiceCd=430&Type=search", "url2": "http://goodbase.wix.com" }, "geometry": { "type": "Point", "coordinates": [ 138.45406760000003, 35.710710599999985 ] } },
{ "type": "Feature", "properties": { "内容": "韮崎市社会福祉協議会　居宅介護支援事業所【居宅介護支援】山梨県韮崎市大草町若尾１６８０番地韮崎市大草デイサービスセンターこぶし荘内", "url": "https://www.kaigokensaku.mhlw.go.jp/19/index.php?action_kouhyou_detail_004_kani=true&JigyosyoCd=1970900112-00&ServiceCd=430&Type=search", "url2": "wttp://www.shakyo.or.jp/hp/840/" }, "geometry": { "type": "Point", "coordinates": [ 138.450110470358283, 35.694876437741989 ] } },
{ "type": "Feature", "properties": { "内容": "ひだまり居宅介護支援事業所【居宅介護支援】山梨県韮崎市旭町上條北割2757-1", "url": "https://www.kaigokensaku.mhlw.go.jp/19/index.php?action_kouhyou_detail_004_kani=true&JigyosyoCd=1970900237-00&ServiceCd=430&Type=search", "url2": "https://kaio-hidamari.co.jp" }, "geometry": { "type": "Point", "coordinates": [ 138.4372237, 35.6911663 ] } },
{ "type": "Feature", "properties": { "内容": "武田の里居宅介護支援センター【居宅介護支援】山梨県韮崎市神山町北宮地3", "url": "https://www.kaigokensaku.mhlw.go.jp/19/index.php?action_kouhyou_detail_004_kani=true&JigyosyoCd=1970900534-00&ServiceCd=430&Type=search", "url2": null }, "geometry": { "type": "Point", "coordinates": [ 138.422529, 35.7056397 ] } },
{ "type": "Feature", "properties": { "内容": "せんとけあぱーとなー韮崎【居宅介護支援】山梨県韮崎市大草町若尾72-1", "url": "https://www.kaigokensaku.mhlw.go.jp/19/index.php?action_kouhyou_detail_004_kani=true&JigyosyoCd=1971701113-00&ServiceCd=430&Type=search", "url2": null }, "geometry": { "type": "Point", "coordinates": [ 138.4429132, 35.7039207 ] } },
{ "type": "Feature", "properties": { "内容": "やさしい手　韮崎事業所【居宅介護支援】韮崎市藤井町南下條647-1", "url": "https://www.kaigokensaku.mhlw.go.jp/19/index.php?action_kouhyou_detail_004_kani=true&JigyosyoCd=1970900484-00&ServiceCd=430&Type=search", "url2": null }, "geometry": { "type": "Point", "coordinates": [ 138.4474983, 35.7183997 ] } },
{ "type": "Feature", "properties": { "内容": "有限会社こすもす居宅介護支援事業所【居宅介護支援】山梨県韮崎市藤井町北下條2003-4", "url": "https://www.kaigokensaku.mhlw.go.jp/19/index.php?action_kouhyou_detail_004_kani=true&JigyosyoCd=1970900120-00&ServiceCd=430&Type=search", "url2": "http://daycosmos.web.fc2.com/" }, "geometry": { "type": "Point", "coordinates": [ 138.4421069, 35.726306 ] } },
{ "type": "Feature", "properties": { "内容": "医療法人藤和会　斉藤医院（しらね指定居宅介護支援事業所）【居宅介護支援】山梨県南アルプス市在家塚１１８９", "url": "https://www.kaigokensaku.mhlw.go.jp/19/index.php?action_kouhyou_detail_004_kani=true&JigyosyoCd=1911610218-00&ServiceCd=430&Type=search", "url2": null }, "geometry": { "type": "Point", "coordinates": [ 138.464306800000031, 35.6422615 ] } },
{ "type": "Feature", "properties": { "内容": "あんず居宅介護支援事業所【居宅介護支援】曲輪田2620", "url": "https://www.kaigokensaku.mhlw.go.jp/19/index.php?action_kouhyou_detail_004_kani=true&JigyosyoCd=1971600570-00&ServiceCd=430&Type=search", "url2": null }, "geometry": { "type": "Point", "coordinates": [ 138.438243199999988, 35.6264859 ] } },
{ "type": "Feature", "properties": { "内容": "ひまわりケアプラン【居宅介護支援】山梨県南アルプス市小笠原1077-8", "url": "https://www.kaigokensaku.mhlw.go.jp/19/index.php?action_kouhyou_detail_004_kani=true&JigyosyoCd=1970800445-00&ServiceCd=430&Type=search", "url2": "himawari@eco.ocn.ne.jp" }, "geometry": { "type": "Point", "coordinates": [ 138.461318799999958, 35.6171846 ] } },
{ "type": "Feature", "properties": { "内容": "有限会社ひだまり　みだい居宅介護支援事業所【居宅介護支援】南アルプス市六科464-1　フライパンビル２０１号", "url": "https://www.kaigokensaku.mhlw.go.jp/19/index.php?action_kouhyou_detail_004_kani=true&JigyosyoCd=1971600760-00&ServiceCd=430&Type=search", "url2": null }, "geometry": { "type": "Point", "coordinates": [ 138.464495599999964, 35.6693773 ] } },
{ "type": "Feature", "properties": { "内容": "有限会社笹本ケアプランサービス【居宅介護支援】山梨県南アルプス市下宮地４３３－１", "url": "https://www.kaigokensaku.mhlw.go.jp/19/index.php?action_kouhyou_detail_004_kani=true&JigyosyoCd=1970800080-00&ServiceCd=430&Type=search", "url2": "http://www.yamanashi.med.or.jp/nakakoma/medicaii.htm" }, "geometry": { "type": "Point", "coordinates": [ 138.46223580000003, 35.6039282 ] } },
{ "type": "Feature", "properties": { "内容": "指定居宅介護支援事業所　にっこり【居宅介護支援】山梨県南アルプス市百々３４６８番地４３", "url": "https://www.kaigokensaku.mhlw.go.jp/19/index.php?action_kouhyou_detail_004_kani=true&JigyosyoCd=1971600554-00&ServiceCd=430&Type=search", "url2": "http://www.geocities.jp/nikkorinoriko/" }, "geometry": { "type": "Point", "coordinates": [ 138.470264600000064, 35.6495079 ] } },
{ "type": "Feature", "properties": { "内容": "居宅介護支援事業所　千歳【居宅介護支援】山梨県南アルプス市田島１１０５番地", "url": "https://www.kaigokensaku.mhlw.go.jp/19/index.php?action_kouhyou_detail_004_kani=true&JigyosyoCd=1950880045-00&ServiceCd=430&Type=search", "url2": null }, "geometry": { "type": "Point", "coordinates": [ 138.486878299999944, 35.5927049 ] } },
{ "type": "Feature", "properties": { "内容": "白根聖明園指定居宅介護支援事業所【居宅介護支援】山梨県南アルプス市在家塚１３０５", "url": "https://www.kaigokensaku.mhlw.go.jp/19/index.php?action_kouhyou_detail_004_kani=true&JigyosyoCd=1970800650-00&ServiceCd=430&Type=search", "url2": "http://www8.ocn.ne.jp/seimeien/" }, "geometry": { "type": "Point", "coordinates": [ 138.467395399999987, 35.641831 ] } },
{ "type": "Feature", "properties": { "内容": "医療法人社団　高原会介護保険相談室【居宅介護支援】山梨県南アルプス市荊沢246-1", "url": "https://www.kaigokensaku.mhlw.go.jp/19/index.php?action_kouhyou_detail_004_kani=true&JigyosyoCd=1971600372-00&ServiceCd=430&Type=search", "url2": "http://www.takahara-hp.or.jp/" }, "geometry": { "type": "Point", "coordinates": [ 138.464641300000039, 35.587697 ] } },
{ "type": "Feature", "properties": { "内容": "居宅介護支援事業所とりじん【居宅介護支援】山梨県南アルプス市小笠原４９１", "url": "https://www.kaigokensaku.mhlw.go.jp/19/index.php?action_kouhyou_detail_004_kani=true&JigyosyoCd=1971601347-00&ServiceCd=430&Type=search", "url2": null }, "geometry": { "type": "Point", "coordinates": [ 138.46324930000003, 35.6115104 ] } },
{ "type": "Feature", "properties": { "内容": "居宅介護支援事業所　みらい【居宅介護支援】山梨県南アルプス市東南湖３３６１－１", "url": "https://www.kaigokensaku.mhlw.go.jp/19/index.php?action_kouhyou_detail_004_kani=true&JigyosyoCd=1971601396-00&ServiceCd=430&Type=search", "url2": "http://www.shortstay-mirai.com/" }, "geometry": { "type": "Point", "coordinates": [ 138.49433339999996, 35.5834813 ] } },
{ "type": "Feature", "properties": { "内容": "指定居宅介護支援事業所　　甲州ケアプランセンター【居宅介護支援】山梨県南アルプス市下高砂446-16-101", "url": "https://www.kaigokensaku.mhlw.go.jp/19/index.php?action_kouhyou_detail_004_kani=true&JigyosyoCd=1970104939-00&ServiceCd=430&Type=search", "url2": null }, "geometry": { "type": "Point", "coordinates": [ 138.497981399999958, 35.6558322 ] } },
{ "type": "Feature", "properties": { "内容": "まちかど福祉相談室　咲【居宅介護支援】有野935-1", "url": "https://www.kaigokensaku.mhlw.go.jp/19/index.php?action_kouhyou_detail_004_kani=true&JigyosyoCd=1971601404-00&ServiceCd=430&Type=search", "url2": null }, "geometry": { "type": "Point", "coordinates": [ 138.444894799999929, 35.6578372 ] } },
{ "type": "Feature", "properties": { "内容": "ひまわりケアプラン【居宅介護支援】山梨県南アルプス市小笠原1084-1", "url": "https://www.kaigokensaku.mhlw.go.jp/19/index.php?action_kouhyou_detail_004_kani=true&JigyosyoCd=1971601073-00&ServiceCd=430&Type=search", "url2": "https://oujukai.jp" }, "geometry": { "type": "Point", "coordinates": [ 138.4620069, 35.6171279 ] } },
{ "type": "Feature", "properties": { "内容": "介護支援センター　南岳荘【居宅介護支援】山梨県南アルプス市徳永450", "url": "https://www.kaigokensaku.mhlw.go.jp/19/index.php?action_kouhyou_detail_004_kani=true&JigyosyoCd=1971601388-00&ServiceCd=430&Type=search", "url2": null }, "geometry": { "type": "Point", "coordinates": [ 138.4941291, 35.654749 ] } },
{ "type": "Feature", "properties": { "内容": "櫛形荘居宅介護支援事業所【居宅介護支援】山梨県南アルプス市上宮地1408番地", "url": "https://www.kaigokensaku.mhlw.go.jp/19/index.php?action_kouhyou_detail_004_kani=true&JigyosyoCd=1970800494-00&ServiceCd=430&Type=search", "url2": "http://www.kushigatasou.com" }, "geometry": { "type": "Point", "coordinates": [ 138.444051100000024, 35.6141961 ] } },
{ "type": "Feature", "properties": { "内容": "居宅介護支援事業所アトム【居宅介護支援】加賀美2892-3", "url": "https://www.kaigokensaku.mhlw.go.jp/19/index.php?action_kouhyou_detail_004_kani=true&JigyosyoCd=1971600620-00&ServiceCd=430&Type=search", "url2": "https://atom-yakkyoku.com/nursing-care-business/" }, "geometry": { "type": "Point", "coordinates": [ 138.487034879983923, 35.60570130690202 ] } },
{ "type": "Feature", "properties": { "内容": "花菱指定居宅介護支援事業所【居宅介護支援】山梨県南アルプス市田島1108", "url": "https://www.kaigokensaku.mhlw.go.jp/19/index.php?action_kouhyou_detail_004_kani=true&JigyosyoCd=1970800197-00&ServiceCd=430&Type=search", "url2": null }, "geometry": { "type": "Point", "coordinates": [ 138.487153721426353, 35.593327015098424 ] } },
{ "type": "Feature", "properties": { "内容": "ケアプラン緑の木【居宅介護支援】山梨県南アルプス市落合323-5", "url": "https://www.kaigokensaku.mhlw.go.jp/19/index.php?action_kouhyou_detail_004_kani=true&JigyosyoCd=1971601461-00&ServiceCd=430&Type=search", "url2": null }, "geometry": { "type": "Point", "coordinates": [ 138.4613957, 35.5886906 ] } },
{ "type": "Feature", "properties": { "内容": "特定非営利活動法人　介護相談室うえの【居宅介護支援】南アルプス市下今井487-7", "url": "https://www.kaigokensaku.mhlw.go.jp/19/index.php?action_kouhyou_detail_004_kani=true&JigyosyoCd=1971600596-00&ServiceCd=430&Type=search", "url2": null }, "geometry": { "type": "Point", "coordinates": [ 138.49311560000001, 35.6267054 ] } },
{ "type": "Feature", "properties": { "内容": "指定居宅介護支援事業所あらぐさ【居宅介護支援】山梨県南アルプス市桃園３７７－２", "url": "https://www.kaigokensaku.mhlw.go.jp/19/index.php?action_kouhyou_detail_004_kani=true&JigyosyoCd=1971600083-00&ServiceCd=430&Type=search", "url2": "http://www.yamanashi-min.jp" }, "geometry": { "type": "Point", "coordinates": [ 138.462785, 35.6286301 ] } },
{ "type": "Feature", "properties": { "内容": "SMILEフラワーパーク居宅介護支援事業所【居宅介護支援】山梨県南アルプス市沢登762-1", "url": "https://www.kaigokensaku.mhlw.go.jp/19/index.php?action_kouhyou_detail_004_kani=true&JigyosyoCd=1971600026-00&ServiceCd=430&Type=search", "url2": null }, "geometry": { "type": "Point", "coordinates": [ 138.469075970259837, 35.626251323087466 ] } },
{ "type": "Feature", "properties": { "内容": "ケアセンターまた明日【居宅介護支援】山梨県南アルプス市百々2355-1　　ハイツ２１", "url": "https://www.kaigokensaku.mhlw.go.jp/19/index.php?action_kouhyou_detail_004_kani=true&JigyosyoCd=1971600745-00&ServiceCd=430&Type=search", "url2": "https://www.mataasita.com/" }, "geometry": { "type": "Point", "coordinates": [ 138.468633499999981, 35.658675400000014 ] } },
{ "type": "Feature", "properties": { "内容": "南アルプス市社会福祉協議会居宅介護支援事業所【居宅介護支援】山梨県南アルプス市鏡中條1642-2", "url": "https://www.kaigokensaku.mhlw.go.jp/19/index.php?action_kouhyou_detail_004_kani=true&JigyosyoCd=1971600018-00&ServiceCd=430&Type=search", "url2": "http://www.minami-alpsshakyo.or.jp/" }, "geometry": { "type": "Point", "coordinates": [ 138.495449979084782, 35.605078277209209 ] } },
{ "type": "Feature", "properties": { "内容": "ケアプランいなみ【居宅介護支援】山梨県南アルプス市在家塚８９５", "url": "https://www.kaigokensaku.mhlw.go.jp/19/index.php?action_kouhyou_detail_004_kani=true&JigyosyoCd=1971600364-00&ServiceCd=430&Type=search", "url2": "https://careplan-inami.org/" }, "geometry": { "type": "Point", "coordinates": [ 138.4657355, 35.6377584 ] } },
{ "type": "Feature", "properties": { "内容": "居宅介護支援事業所ほくと・ぬくもり【居宅介護支援】北杜市須玉町若神子2120-1", "url": "https://www.kaigokensaku.mhlw.go.jp/19/index.php?action_kouhyou_detail_004_kani=true&JigyosyoCd=1971900301-00&ServiceCd=430&Type=search", "url2": null }, "geometry": { "type": "Point", "coordinates": [ 138.421122100000048, 35.7912364 ] } },
{ "type": "Feature", "properties": { "内容": "八ヶ岳訪問看護ステーション【居宅介護支援】山梨県北杜市長坂町長坂上条２５７５－１９", "url": "https://www.kaigokensaku.mhlw.go.jp/19/index.php?action_kouhyou_detail_004_kani=true&JigyosyoCd=1961990031-00&ServiceCd=430&Type=search", "url2": null }, "geometry": { "type": "Point", "coordinates": [ 138.36680350000006, 35.826842 ] } },
{ "type": "Feature", "properties": { "内容": "ケアステーション北杜【居宅介護支援】高根町村山北割1386番地1あい清里別館", "url": "https://www.kaigokensaku.mhlw.go.jp/19/index.php?action_kouhyou_detail_004_kani=true&JigyosyoCd=1971900467-00&ServiceCd=430&Type=search", "url2": "http://www.shinnihontsuusan.co.jp/index.html" }, "geometry": { "type": "Point", "coordinates": [ 138.419123099999979, 35.8445629 ] } },
{ "type": "Feature", "properties": { "内容": "えにし居宅介護支援事業所【居宅介護支援】長坂町富岡197-1", "url": "https://www.kaigokensaku.mhlw.go.jp/19/index.php?action_kouhyou_detail_004_kani=true&JigyosyoCd=1971900525-00&ServiceCd=430&Type=search", "url2": null }, "geometry": { "type": "Point", "coordinates": [ 138.385266800810996, 35.79393688259978 ] } },
{ "type": "Feature", "properties": { "内容": "いきいきほくと居宅介護支援事業所【居宅介護支援】山梨県北杜市明野町上手520", "url": "https://www.kaigokensaku.mhlw.go.jp/19/index.php?action_kouhyou_detail_004_kani=true&JigyosyoCd=1971000029-00&ServiceCd=430&Type=search", "url2": null }, "geometry": { "type": "Point", "coordinates": [ 138.429392300000018, 35.7702452 ] } },
{ "type": "Feature", "properties": { "内容": "有限会社　桝田屋【居宅介護支援】山梨県北杜市長坂町大八田６６９７", "url": "https://www.kaigokensaku.mhlw.go.jp/19/index.php?action_kouhyou_detail_004_kani=true&JigyosyoCd=1941910034-00&ServiceCd=430&Type=search", "url2": null }, "geometry": { "type": "Point", "coordinates": [ 138.374638600000026, 35.8338245 ] } },
{ "type": "Feature", "properties": { "内容": "アルプス居宅介護支援事業所【居宅介護支援】山梨県北杜市小淵沢町上笹尾3332-2150", "url": "https://www.kaigokensaku.mhlw.go.jp/19/index.php?action_kouhyou_detail_004_kani=true&JigyosyoCd=1971900558-00&ServiceCd=430&Type=search", "url2": null }, "geometry": { "type": "Point", "coordinates": [ 138.336788, 35.8719843 ] } },
{ "type": "Feature", "properties": { "内容": "ケアプランほくとのいえ【居宅介護支援】小淵沢町上笹尾3332-2560", "url": "https://www.kaigokensaku.mhlw.go.jp/19/index.php?action_kouhyou_detail_004_kani=true&JigyosyoCd=1971900517-00&ServiceCd=430&Type=search", "url2": "www.waraku-navi.net/kobuchizawa/index.html" }, "geometry": { "type": "Point", "coordinates": [ 138.338243, 35.871209 ] } },
{ "type": "Feature", "properties": { "内容": "居宅介護支援事業所かいこま【居宅介護支援】山梨県北杜市武川町牧原1371", "url": "https://www.kaigokensaku.mhlw.go.jp/19/index.php?action_kouhyou_detail_004_kani=true&JigyosyoCd=1961990007-00&ServiceCd=430&Type=search", "url2": null }, "geometry": { "type": "Point", "coordinates": [ 138.381182256425518, 35.784594462748302 ] } },
{ "type": "Feature", "properties": { "内容": "ケアステーション地球人【居宅介護支援】山梨県北杜市高根町清里３４６６－３９７", "url": "https://www.kaigokensaku.mhlw.go.jp/19/index.php?action_kouhyou_detail_004_kani=true&JigyosyoCd=1971000292-00&ServiceCd=430&Type=search", "url2": null }, "geometry": { "type": "Point", "coordinates": [ 138.4437893, 35.8950677 ] } },
{ "type": "Feature", "properties": { "内容": "やさしい手　北杜事業所【居宅介護支援】山梨県北杜市須玉町藤田７９９－１", "url": "https://www.kaigokensaku.mhlw.go.jp/19/index.php?action_kouhyou_detail_004_kani=true&JigyosyoCd=1971900244-00&ServiceCd=430&Type=search", "url2": null }, "geometry": { "type": "Point", "coordinates": [ 138.428194599999983, 35.7793633 ] } },
{ "type": "Feature", "properties": { "内容": "仁生園介護相談センター【居宅介護支援】山梨県北杜市長坂町小荒間菅間1293番地", "url": "https://www.kaigokensaku.mhlw.go.jp/19/index.php?action_kouhyou_detail_004_kani=true&JigyosyoCd=1971000011-00&ServiceCd=430&Type=search", "url2": "http://www.aijyukai.com" }, "geometry": { "type": "Point", "coordinates": [ 138.3471257, 35.8753004 ] } },
{ "type": "Feature", "properties": { "内容": "北杜市社協あったかいご東事業所【居宅介護支援】山梨県北杜市高根町箕輪新町５０", "url": "https://www.kaigokensaku.mhlw.go.jp/19/index.php?action_kouhyou_detail_004_kani=true&JigyosyoCd=1971900145-00&ServiceCd=430&Type=search", "url2": "http://www.hokuto.ewk.jp/" }, "geometry": { "type": "Point", "coordinates": [ 138.431167100000039, 35.832698100000016 ] } },
{ "type": "Feature", "properties": { "内容": "双葉在宅介護支援センター指定居宅介護支援事業所【居宅介護支援】山梨県甲斐市宇津谷1103番地", "url": "https://www.kaigokensaku.mhlw.go.jp/19/index.php?action_kouhyou_detail_004_kani=true&JigyosyoCd=1961790043-00&ServiceCd=430&Type=search", "url2": "http://www.hikarinosato.com" }, "geometry": { "type": "Point", "coordinates": [ 138.482132200000024, 35.6955578 ] } },
{ "type": "Feature", "properties": { "内容": "めぐみ荘在宅介護支援センター【居宅介護支援】山梨県甲斐市竜王644-5", "url": "https://www.kaigokensaku.mhlw.go.jp/19/index.php?action_kouhyou_detail_004_kani=true&JigyosyoCd=1970800189-00&ServiceCd=430&Type=search", "url2": null }, "geometry": { "type": "Point", "coordinates": [ 138.507627299999967, 35.671283 ] } },
{ "type": "Feature", "properties": { "内容": "甲斐市社会福祉協議会居宅介護支援事業所【居宅介護支援】甲斐市西八幡３０１８－１", "url": "https://www.kaigokensaku.mhlw.go.jp/19/index.php?action_kouhyou_detail_004_kani=true&JigyosyoCd=1971700032-00&ServiceCd=430&Type=search", "url2": "http://www.kaishakyo.com/" }, "geometry": { "type": "Point", "coordinates": [ 138.511721800000032, 35.6468059 ] } },
{ "type": "Feature", "properties": { "内容": "居宅介護支援事業所かのん【居宅介護支援】山梨県甲斐市西八幡903", "url": "https://www.kaigokensaku.mhlw.go.jp/19/index.php?action_kouhyou_detail_004_kani=true&JigyosyoCd=1971700123-00&ServiceCd=430&Type=search", "url2": "http://ysf-kanon.com" }, "geometry": { "type": "Point", "coordinates": [ 138.517218400000047, 35.6491168 ] } },
{ "type": "Feature", "properties": { "内容": "ゆめみどり居宅介護支援事業所【居宅介護支援】山梨県甲斐市玉川１７００－１", "url": "https://www.kaigokensaku.mhlw.go.jp/19/index.php?action_kouhyou_detail_004_kani=true&JigyosyoCd=1971700248-00&ServiceCd=430&Type=search", "url2": "http://www.kashinokai.or.jp/" }, "geometry": { "type": "Point", "coordinates": [ 138.522757100000035, 35.6331636 ] } },
{ "type": "Feature", "properties": { "内容": "サンクシア甲斐居宅介護支援事業所【居宅介護支援】山梨県甲斐市西八幡６３７", "url": "https://www.kaigokensaku.mhlw.go.jp/19/index.php?action_kouhyou_detail_004_kani=true&JigyosyoCd=1971700941-00&ServiceCd=430&Type=search", "url2": null }, "geometry": { "type": "Point", "coordinates": [ 138.513938, 35.6521842 ] } },
{ "type": "Feature", "properties": { "内容": "居宅介護支援事業所ふるさと【居宅介護支援】山梨県甲斐市大下条425-1", "url": "https://www.kaigokensaku.mhlw.go.jp/19/index.php?action_kouhyou_detail_004_kani=true&JigyosyoCd=1971700362-00&ServiceCd=430&Type=search", "url2": "http://furusato-kai.or.jp" }, "geometry": { "type": "Point", "coordinates": [ 138.5256019, 35.6727964 ] } },
{ "type": "Feature", "properties": { "内容": "居宅介護支援事業所やすらぎ【居宅介護支援】山梨県甲斐市富竹新田401-4", "url": "https://www.kaigokensaku.mhlw.go.jp/19/index.php?action_kouhyou_detail_004_kani=true&JigyosyoCd=1971700016-00&ServiceCd=430&Type=search", "url2": "http://www.yamanashi-min.jp/kinikyou/" }, "geometry": { "type": "Point", "coordinates": [ 138.526408700000047, 35.6621095 ] } },
{ "type": "Feature", "properties": { "内容": "医療法人　久晴会【居宅介護支援】西八幡３６７２番地３", "url": "https://www.kaigokensaku.mhlw.go.jp/19/index.php?action_kouhyou_detail_004_kani=true&JigyosyoCd=1971701071-00&ServiceCd=430&Type=search", "url2": "https://kai-reha.jp" }, "geometry": { "type": "Point", "coordinates": [ 138.516826603041068, 35.638482210793171 ] } },
{ "type": "Feature", "properties": { "内容": "指定居宅介護支援事業　敷島荘【居宅介護支援】山梨県甲斐市大久保1357", "url": "https://www.kaigokensaku.mhlw.go.jp/19/index.php?action_kouhyou_detail_004_kani=true&JigyosyoCd=1970800221-00&ServiceCd=430&Type=search", "url2": "http://park15.wakwak.com/^seichoukai/" }, "geometry": { "type": "Point", "coordinates": [ 138.51551520000001, 35.6933547 ] } },
{ "type": "Feature", "properties": { "内容": "アウルズケアプランセンター【居宅介護支援】山梨県甲斐市龍地254-6", "url": "https://www.kaigokensaku.mhlw.go.jp/19/index.php?action_kouhyou_detail_004_kani=true&JigyosyoCd=1971701055-00&ServiceCd=430&Type=search", "url2": null }, "geometry": { "type": "Point", "coordinates": [ 138.515074700000014, 35.6841639 ] } },
{ "type": "Feature", "properties": { "内容": "赤坂台居宅介護支援事業所【居宅介護支援】山梨県甲斐市竜王新町2150", "url": "https://www.kaigokensaku.mhlw.go.jp/19/index.php?action_kouhyou_detail_004_kani=true&JigyosyoCd=1971700867-00&ServiceCd=430&Type=search", "url2": "http://akasakadai.com/" }, "geometry": { "type": "Point", "coordinates": [ 138.50698735145113, 35.678501224849335 ] } },
{ "type": "Feature", "properties": { "内容": "ケアプラン咲【居宅介護支援】山梨県甲斐市玉川385B棟", "url": "https://www.kaigokensaku.mhlw.go.jp/19/index.php?action_kouhyou_detail_004_kani=true&JigyosyoCd=1971701063-00&ServiceCd=430&Type=search", "url2": "https://www.bloom-plan.com/" }, "geometry": { "type": "Point", "coordinates": [ 138.527177444400849, 35.634423608413961 ] } },
{ "type": "Feature", "properties": { "内容": "やさしい手　甲斐事業所【居宅介護支援】山梨県甲斐市篠原2173-6", "url": "https://www.kaigokensaku.mhlw.go.jp/19/index.php?action_kouhyou_detail_004_kani=true&JigyosyoCd=1971700180-00&ServiceCd=430&Type=search", "url2": null }, "geometry": { "type": "Point", "coordinates": [ 138.515790599999946, 35.6553548 ] } },
{ "type": "Feature", "properties": { "内容": "しらゆり居宅介護支援事業所【居宅介護支援】山梨県甲斐市篠原1895-1", "url": "https://www.kaigokensaku.mhlw.go.jp/19/index.php?action_kouhyou_detail_004_kani=true&JigyosyoCd=1961790001-00&ServiceCd=430&Type=search", "url2": "http://www.ryuo-rhp.or.jp/" }, "geometry": { "type": "Point", "coordinates": [ 138.519675953261185, 35.65364388306152 ] } },
{ "type": "Feature", "properties": { "内容": "山梨ライフケアホーム居宅介護支援事業所【居宅介護支援】山梨県甲斐市竜王新町2128", "url": "https://www.kaigokensaku.mhlw.go.jp/19/index.php?action_kouhyou_detail_004_kani=true&JigyosyoCd=1950880003-00&ServiceCd=430&Type=search", "url2": null }, "geometry": { "type": "Point", "coordinates": [ 138.5083687, 35.6783711 ] } },
{ "type": "Feature", "properties": { "内容": "居宅介護支援事業所　上機嫌【居宅介護支援】山梨県甲斐市下今井2977", "url": "https://www.kaigokensaku.mhlw.go.jp/19/index.php?action_kouhyou_detail_004_kani=true&JigyosyoCd=1971700669-00&ServiceCd=430&Type=search", "url2": "http://www.jo-kigen.jp/" }, "geometry": { "type": "Point", "coordinates": [ 138.501243542345264, 35.675437124107781 ] } },
{ "type": "Feature", "properties": { "内容": "ケアプランこころね【居宅介護支援】山梨県甲斐市富竹新田970柳沢住宅", "url": "https://www.kaigokensaku.mhlw.go.jp/19/index.php?action_kouhyou_detail_004_kani=true&JigyosyoCd=1971701105-00&ServiceCd=430&Type=search", "url2": "https://cocoroneissin.co.jp/" }, "geometry": { "type": "Point", "coordinates": [ 138.529177256630419, 35.659047186339073 ] } },
{ "type": "Feature", "properties": { "内容": "恵信りほくサポートセンター【居宅介護支援】山梨県甲斐市岩森1170-1", "url": "https://www.kaigokensaku.mhlw.go.jp/19/index.php?action_kouhyou_detail_004_kani=true&JigyosyoCd=1971700883-00&ServiceCd=430&Type=search", "url2": "http://www.keishin-group.net/rihoku/carecenter/index.html" }, "geometry": { "type": "Point", "coordinates": [ 138.49508830000002, 35.6923616 ] } },
{ "type": "Feature", "properties": { "内容": "げんき甲斐【居宅介護支援】山梨県甲斐市大下条958", "url": "https://www.kaigokensaku.mhlw.go.jp/19/index.php?action_kouhyou_detail_004_kani=true&JigyosyoCd=1971700461-00&ServiceCd=430&Type=search", "url2": null }, "geometry": { "type": "Point", "coordinates": [ 138.522639300000037, 35.675738100000011 ] } },
{ "type": "Feature", "properties": { "内容": "ケアマネ　花【居宅介護支援】山梨県甲斐市富竹新田1265番地7", "url": "https://www.kaigokensaku.mhlw.go.jp/19/index.php?action_kouhyou_detail_004_kani=true&JigyosyoCd=1971701154-00&ServiceCd=430&Type=search", "url2": null }, "geometry": { "type": "Point", "coordinates": [ 138.519690725131198, 35.662951271330407 ] } },
{ "type": "Feature", "properties": { "内容": "すけっと【居宅介護支援】山梨県甲斐市西八幡１７７７小宮山住宅1号", "url": "https://www.kaigokensaku.mhlw.go.jp/19/index.php?action_kouhyou_detail_004_kani=true&JigyosyoCd=1971700073-00&ServiceCd=430&Type=search", "url2": null }, "geometry": { "type": "Point", "coordinates": [ 138.5185471, 35.6548177 ] } },
{ "type": "Feature", "properties": { "内容": "石和温泉病院　指定居宅介護支援事業所【居宅介護支援】山梨県笛吹市石和町八田330-5", "url": "https://www.kaigokensaku.mhlw.go.jp/19/index.php?action_kouhyou_detail_004_kani=true&JigyosyoCd=1911810016-00&ServiceCd=430&Type=search", "url2": "http://www.isawa-hsp.or.jp/" }, "geometry": { "type": "Point", "coordinates": [ 138.640860400000093, 35.6558286 ] } },
{ "type": "Feature", "properties": { "内容": "絆　指定居宅介護支援事業所【居宅介護支援】山梨県笛吹市八代町竹居1235-1絆　介護支援センター", "url": "https://www.kaigokensaku.mhlw.go.jp/19/index.php?action_kouhyou_detail_004_kani=true&JigyosyoCd=1971800550-00&ServiceCd=430&Type=search", "url2": "http://kizuna.social/" }, "geometry": { "type": "Point", "coordinates": [ 138.658974299999954, 35.6035777 ] } },
{ "type": "Feature", "properties": { "内容": "エール二之宮居宅介護支援事業所【居宅介護支援】山梨県笛吹市御坂町上黒駒2964", "url": "https://www.kaigokensaku.mhlw.go.jp/19/index.php?action_kouhyou_detail_004_kani=true&JigyosyoCd=1971800972-00&ServiceCd=430&Type=search", "url2": "http://www.kojyu.or.jp/" }, "geometry": { "type": "Point", "coordinates": [ 138.705098944705242, 35.607430796487364 ] } },
{ "type": "Feature", "properties": { "内容": "ことぶきのいえしていきょたくかいごしえん事業所【居宅介護支援】山梨県笛吹市石和町四日市場2031", "url": "https://www.kaigokensaku.mhlw.go.jp/19/index.php?action_kouhyou_detail_004_kani=true&JigyosyoCd=1970500326-00&ServiceCd=430&Type=search", "url2": "http://www.krg.ne.jp/kotobuki/" }, "geometry": { "type": "Point", "coordinates": [ 138.6265543, 35.6463337 ] } },
{ "type": "Feature", "properties": { "内容": "石和げんき園指定居宅介護支援事業所【居宅介護支援】山梨県笛吹市石和町河内182-1", "url": "https://www.kaigokensaku.mhlw.go.jp/19/index.php?action_kouhyou_detail_004_kani=true&JigyosyoCd=1971800196-00&ServiceCd=430&Type=search", "url2": null }, "geometry": { "type": "Point", "coordinates": [ 138.613299, 35.6266907 ] } },
{ "type": "Feature", "properties": { "内容": "一宮温泉病院居宅介護支援事業所【居宅介護支援】山梨県笛吹市一宮町坪井1737-4", "url": "https://www.kaigokensaku.mhlw.go.jp/19/index.php?action_kouhyou_detail_004_kani=true&JigyosyoCd=1961890033-00&ServiceCd=430&Type=search", "url2": "http://1nomiya.or.jp/houmonnkanngo/index1.html" }, "geometry": { "type": "Point", "coordinates": [ 138.667716, 35.6516687 ] } },
{ "type": "Feature", "properties": { "内容": "介護センター　パートナー【居宅介護支援】山梨県笛吹市石和町唐柏538-2", "url": "https://www.kaigokensaku.mhlw.go.jp/19/index.php?action_kouhyou_detail_004_kani=true&JigyosyoCd=1971800527-00&ServiceCd=430&Type=search", "url2": null }, "geometry": { "type": "Point", "coordinates": [ 138.6148835, 35.6346665 ] } },
{ "type": "Feature", "properties": { "内容": "甲州居宅介護支援事業所　一宮事業所【居宅介護支援】山梨県笛吹市一宮町塩田741-1", "url": "https://www.kaigokensaku.mhlw.go.jp/19/index.php?action_kouhyou_detail_004_kani=true&JigyosyoCd=1971801285-00&ServiceCd=430&Type=search", "url2": "httsp://www.krg.ne.jp/care/" }, "geometry": { "type": "Point", "coordinates": [ 138.690873600000032, 35.6338612 ] } },
{ "type": "Feature", "properties": { "内容": "甲州居宅介護支援事業所【居宅介護支援】山梨県笛吹市石和町四日市場2031", "url": "https://www.kaigokensaku.mhlw.go.jp/19/index.php?action_kouhyou_detail_004_kani=true&JigyosyoCd=1970500375-00&ServiceCd=430&Type=search", "url2": "https://www.krg.ne.jp/care/" }, "geometry": { "type": "Point", "coordinates": [ 138.6252819, 35.6457142 ] } },
{ "type": "Feature", "properties": { "内容": "こもれび居宅介護支援事業所【居宅介護支援】山梨県笛吹市御坂町井之上737-1", "url": "https://www.kaigokensaku.mhlw.go.jp/19/index.php?action_kouhyou_detail_004_kani=true&JigyosyoCd=1971801301-00&ServiceCd=430&Type=search", "url2": null }, "geometry": { "type": "Point", "coordinates": [ 138.65200548735811, 35.63373245248787 ] } },
{ "type": "Feature", "properties": { "内容": "応援家族石和温泉リゾート　居宅介護支援事業所【居宅介護支援】石和町川中島４６７－１応援家族石和温泉リゾート", "url": "https://www.kaigokensaku.mhlw.go.jp/19/index.php?action_kouhyou_detail_004_kani=true&JigyosyoCd=1971801251-00&ServiceCd=430&Type=search", "url2": "https://www.kinoshita-kaigo.co.jp/" }, "geometry": { "type": "Point", "coordinates": [ 138.64691, 35.657209 ] } },
{ "type": "Feature", "properties": { "内容": "居宅介護支援事業所ほほえみ【居宅介護支援】山梨県笛吹市石和町広瀬781", "url": "https://www.kaigokensaku.mhlw.go.jp/19/index.php?action_kouhyou_detail_004_kani=true&JigyosyoCd=1971801400-00&ServiceCd=430&Type=search", "url2": "https://ykf.or.jp/" }, "geometry": { "type": "Point", "coordinates": [ 138.621833505001831, 35.642179569966814 ] } },
{ "type": "Feature", "properties": { "内容": "やさしい手　笛吹事業所【居宅介護支援】山梨県笛吹市一宮町小城300-1", "url": "https://www.kaigokensaku.mhlw.go.jp/19/index.php?action_kouhyou_detail_004_kani=true&JigyosyoCd=1971800246-00&ServiceCd=430&Type=search", "url2": "fuefuki2＠yasashiite‐kofu.co.jp" }, "geometry": { "type": "Point", "coordinates": [ 138.691803400000026, 35.6586671 ] } },
{ "type": "Feature", "properties": { "内容": "笛吹市社会福祉協議会居宅介護支援事業所【居宅介護支援】山梨県笛吹市八代町南９１７", "url": "https://www.kaigokensaku.mhlw.go.jp/19/index.php?action_kouhyou_detail_004_kani=true&JigyosyoCd=1971800360-00&ServiceCd=430&Type=search", "url2": "http://www.fuefuki-shakyo.or.jp/" }, "geometry": { "type": "Point", "coordinates": [ 138.6413157, 35.6174434 ] } },
{ "type": "Feature", "properties": { "内容": "そうや居宅介護支援事業所【居宅介護支援】山梨県笛吹市石和町四日市場1626番地1", "url": "https://www.kaigokensaku.mhlw.go.jp/19/index.php?action_kouhyou_detail_004_kani=true&JigyosyoCd=1971801426-00&ServiceCd=430&Type=search", "url2": null }, "geometry": { "type": "Point", "coordinates": [ 138.6351288, 35.64036 ] } },
{ "type": "Feature", "properties": { "内容": "指定居宅介護支援事業所　サンライト【居宅介護支援】山梨県笛吹市春日居町小松1013", "url": "https://www.kaigokensaku.mhlw.go.jp/19/index.php?action_kouhyou_detail_004_kani=true&JigyosyoCd=1972200073-00&ServiceCd=430&Type=search", "url2": "https://kasugai-house.com/sunlight/" }, "geometry": { "type": "Point", "coordinates": [ 138.6570836, 35.6649326 ] } },
{ "type": "Feature", "properties": { "内容": "有限会社　虹の橋【居宅介護支援】山梨県上野原市鶴川　８８６番地", "url": "https://www.kaigokensaku.mhlw.go.jp/19/index.php?action_kouhyou_detail_004_kani=true&JigyosyoCd=1972000184-00&ServiceCd=430&Type=search", "url2": null }, "geometry": { "type": "Point", "coordinates": [ 139.09944930000006, 35.6333113 ] } },
{ "type": "Feature", "properties": { "内容": "居宅介護支援事業所もっと・らくっと【居宅介護支援】上野原4091", "url": "https://www.kaigokensaku.mhlw.go.jp/19/index.php?action_kouhyou_detail_004_kani=true&JigyosyoCd=1972000333-00&ServiceCd=430&Type=search", "url2": null }, "geometry": { "type": "Point", "coordinates": [ 139.108801940475473, 35.633670919451951 ] } },
{ "type": "Feature", "properties": { "内容": "あい里　居宅介護支援事業所【居宅介護支援】山梨県上野原市コモアしおつ1-41-1", "url": "https://www.kaigokensaku.mhlw.go.jp/19/index.php?action_kouhyou_detail_004_kani=true&JigyosyoCd=1971500192-00&ServiceCd=430&Type=search", "url2": "http://www.ai-ri.com/" }, "geometry": { "type": "Point", "coordinates": [ 139.0772527, 35.6219755 ] } },
{ "type": "Feature", "properties": { "内容": "山なし　こあら　居宅介護支援事業所【居宅介護支援】山なし　こあら　居宅介護支援事業所", "url": "https://www.kaigokensaku.mhlw.go.jp/19/index.php?action_kouhyou_detail_004_kani=true&JigyosyoCd=1972000325-00&ServiceCd=430&Type=search", "url2": null }, "geometry": { "type": "Point", "coordinates": [ 139.124058579831711, 35.61157043586558 ] } },
{ "type": "Feature", "properties": { "内容": "万年屋　居宅介護支援事業所【居宅介護支援】山梨県上野原市上野原3237", "url": "https://www.kaigokensaku.mhlw.go.jp/19/index.php?action_kouhyou_detail_004_kani=true&JigyosyoCd=1972000424-00&ServiceCd=430&Type=search", "url2": null }, "geometry": { "type": "Point", "coordinates": [ 139.1143712, 35.6274727 ] } },
{ "type": "Feature", "properties": { "内容": "介護相談センターにんじん・上野原【居宅介護支援】山梨県上野原市上野原522", "url": "https://www.kaigokensaku.mhlw.go.jp/19/index.php?action_kouhyou_detail_004_kani=true&JigyosyoCd=1971500143-00&ServiceCd=430&Type=search", "url2": "http://www.ninjin.or.jp/" }, "geometry": { "type": "Point", "coordinates": [ 139.1113547, 35.6290367 ] } },
{ "type": "Feature", "properties": { "内容": "けやき横丁指定居宅介護支援事業所【居宅介護支援】山梨県上野原市上野原3446", "url": "https://www.kaigokensaku.mhlw.go.jp/19/index.php?action_kouhyou_detail_004_kani=true&JigyosyoCd=1971500184-00&ServiceCd=430&Type=search", "url2": "https://ryokusui.or.jp/" }, "geometry": { "type": "Point", "coordinates": [ 139.1125326, 35.6290512 ] } },
{ "type": "Feature", "properties": { "内容": "くぬぎリズム指定居宅介護支援事業所【居宅介護支援】山梨県上野原市八ツ沢2062", "url": "https://www.kaigokensaku.mhlw.go.jp/19/index.php?action_kouhyou_detail_004_kani=true&JigyosyoCd=1972000432-00&ServiceCd=430&Type=search", "url2": "https://kunugi-rhythm.com/" }, "geometry": { "type": "Point", "coordinates": [ 139.084615374868804, 35.630972002521567 ] } },
{ "type": "Feature", "properties": { "内容": "居宅介護支援センター　萩の里【居宅介護支援】山梨県甲州市塩山下小田原５９６－６", "url": "https://www.kaigokensaku.mhlw.go.jp/19/index.php?action_kouhyou_detail_004_kani=true&JigyosyoCd=1970300065-00&ServiceCd=430&Type=search", "url2": "http://www.kcnet.ne.jp/~sunriver" }, "geometry": { "type": "Point", "coordinates": [ 138.768839699999944, 35.7295827 ] } },
{ "type": "Feature", "properties": { "内容": "藍【居宅介護支援】山梨県甲州市勝沼町山898", "url": "https://www.kaigokensaku.mhlw.go.jp/19/index.php?action_kouhyou_detail_004_kani=true&JigyosyoCd=1972200214-00&ServiceCd=430&Type=search", "url2": null }, "geometry": { "type": "Point", "coordinates": [ 138.721225, 35.6826904 ] } },
{ "type": "Feature", "properties": { "内容": "甲州市社会福祉協議会ケアプランセンター【居宅介護支援】山梨県甲州市勝沼町休息1867-2　勝沼健康福祉センター内", "url": "https://www.kaigokensaku.mhlw.go.jp/19/index.php?action_kouhyou_detail_004_kani=true&JigyosyoCd=1972200248-00&ServiceCd=430&Type=search", "url2": "http://www.koshushishakyo.or.jp" }, "geometry": { "type": "Point", "coordinates": [ 138.7206141, 35.6773216 ] } },
{ "type": "Feature", "properties": { "内容": "サンクシア甲州居宅介護支援事業所【居宅介護支援】山梨県甲州市塩山小屋敷1589-1", "url": "https://www.kaigokensaku.mhlw.go.jp/19/index.php?action_kouhyou_detail_004_kani=true&JigyosyoCd=1972200339-00&ServiceCd=430&Type=search", "url2": null }, "geometry": { "type": "Point", "coordinates": [ 138.713820271519438, 35.727340330642726 ] } },
{ "type": "Feature", "properties": { "内容": "光風園指定居宅介護支援事業所【居宅介護支援】甲州市塩山西野原603", "url": "https://www.kaigokensaku.mhlw.go.jp/19/index.php?action_kouhyou_detail_004_kani=true&JigyosyoCd=1970300016-00&ServiceCd=430&Type=search", "url2": "http://www.koufuukai-yamanashi.or.jp/" }, "geometry": { "type": "Point", "coordinates": [ 138.736151699999937, 35.6891181 ] } },
{ "type": "Feature", "properties": { "内容": "やさしい手　甲州事業所【居宅介護支援】山梨県甲州市勝沼町山1110-1", "url": "https://www.kaigokensaku.mhlw.go.jp/19/index.php?action_kouhyou_detail_004_kani=true&JigyosyoCd=1970400204-00&ServiceCd=430&Type=search", "url2": null }, "geometry": { "type": "Point", "coordinates": [ 138.7253859, 35.6815074 ] } },
{ "type": "Feature", "properties": { "内容": "恵信塩山サポートセンター【居宅介護支援】山梨県甲州市塩山上於曽1195番地", "url": "https://www.kaigokensaku.mhlw.go.jp/19/index.php?action_kouhyou_detail_004_kani=true&JigyosyoCd=1950380004-00&ServiceCd=430&Type=search", "url2": "www.keishin-group.net" }, "geometry": { "type": "Point", "coordinates": [ 138.72821, 35.7077459 ] } },
{ "type": "Feature", "properties": { "内容": "ハートフル塩山居宅介護支援センター【居宅介護支援】山梨県甲州市塩山西広門田433-1", "url": "https://www.kaigokensaku.mhlw.go.jp/19/index.php?action_kouhyou_detail_004_kani=true&JigyosyoCd=1972200081-00&ServiceCd=430&Type=search", "url2": "http://www.kosei.jp/heartfull/" }, "geometry": { "type": "Point", "coordinates": [ 138.720954834804445, 35.69492881090742 ] } },
{ "type": "Feature", "properties": { "内容": "玉穂ケアセンター居宅支援事業所【居宅介護支援】山梨県中央市乙黒２４７－１", "url": "https://www.kaigokensaku.mhlw.go.jp/19/index.php?action_kouhyou_detail_004_kani=true&JigyosyoCd=1970800817-00&ServiceCd=430&Type=search", "url2": null }, "geometry": { "type": "Point", "coordinates": [ 138.5527472, 35.5970189 ] } },
{ "type": "Feature", "properties": { "内容": "中央市社会福祉協議会　居宅介護支援事業所【居宅介護支援】山梨県　中央市　下河東　620", "url": "https://www.kaigokensaku.mhlw.go.jp/19/index.php?action_kouhyou_detail_004_kani=true&JigyosyoCd=1972300089-00&ServiceCd=430&Type=search", "url2": null }, "geometry": { "type": "Point", "coordinates": [ 138.5416255, 35.602579 ] } },
{ "type": "Feature", "properties": { "内容": "ケアプランたかの【居宅介護支援】山梨県中央市布施1262-1", "url": "https://www.kaigokensaku.mhlw.go.jp/19/index.php?action_kouhyou_detail_004_kani=true&JigyosyoCd=1972300246-00&ServiceCd=430&Type=search", "url2": null }, "geometry": { "type": "Point", "coordinates": [ 138.52469080000003, 35.5957434 ] } },
{ "type": "Feature", "properties": { "内容": "居宅介護支援事業所ゆたんぽ【居宅介護支援】山梨県中央市中楯1448－1", "url": "https://www.kaigokensaku.mhlw.go.jp/19/index.php?action_kouhyou_detail_004_kani=true&JigyosyoCd=1972300329-00&ServiceCd=430&Type=search", "url2": null }, "geometry": { "type": "Point", "coordinates": [ 138.548011, 35.6129416 ] } },
{ "type": "Feature", "properties": { "内容": "医療法人笹本会　居宅介護支援事業所おおさと【居宅介護支援】山梨県中央市臼井阿原1577-87", "url": "https://www.kaigokensaku.mhlw.go.jp/19/index.php?action_kouhyou_detail_004_kani=true&JigyosyoCd=1972300295-00&ServiceCd=430&Type=search", "url2": "http://park14.wakwak.com/~sasamotokai/" }, "geometry": { "type": "Point", "coordinates": [ 138.51516909999998, 35.6051864 ] } },
{ "type": "Feature", "properties": { "内容": "居宅介護支援事業所　飛鳥【居宅介護支援】山梨県中央市馬籠９３３－１", "url": "https://www.kaigokensaku.mhlw.go.jp/19/index.php?action_kouhyou_detail_004_kani=true&JigyosyoCd=1972300170-00&ServiceCd=430&Type=search", "url2": null }, "geometry": { "type": "Point", "coordinates": [ 138.5212167, 35.5807916 ] } },
{ "type": "Feature", "properties": { "内容": "ふる里ホーム支援センター【居宅介護支援】山梨県中央市乙黒235-1", "url": "https://www.kaigokensaku.mhlw.go.jp/19/index.php?action_kouhyou_detail_004_kani=true&JigyosyoCd=1972300337-00&ServiceCd=430&Type=search", "url2": "hpps://shoju.or.jp/" }, "geometry": { "type": "Point", "coordinates": [ 138.5530642, 35.5977597 ] } },
{ "type": "Feature", "properties": { "内容": "介護相談支援センターぴーす【居宅介護支援】山梨県中央市西花輪2737－7", "url": "https://www.kaigokensaku.mhlw.go.jp/19/index.php?action_kouhyou_detail_004_kani=true&JigyosyoCd=1972300345-00&ServiceCd=430&Type=search", "url2": null }, "geometry": { "type": "Point", "coordinates": [ 138.5142491, 35.5944942 ] } },
{ "type": "Feature", "properties": { "内容": "田富荘指定居宅介護支援事業所【居宅介護支援】山梨県中央市西花輪499番地", "url": "https://www.kaigokensaku.mhlw.go.jp/19/index.php?action_kouhyou_detail_004_kani=true&JigyosyoCd=1970800114-00&ServiceCd=430&Type=search", "url2": "http://www.jsyamanashi.jp/tatomisou/" }, "geometry": { "type": "Point", "coordinates": [ 138.520903299999986, 35.5830592 ] } },
{ "type": "Feature", "properties": { "内容": "ケアプラン三郷【居宅介護支援】西八代郡市川三郷町大塚４４５９番地", "url": "https://www.kaigokensaku.mhlw.go.jp/19/index.php?action_kouhyou_detail_004_kani=true&JigyosyoCd=1970600357-00&ServiceCd=430&Type=search", "url2": null }, "geometry": { "type": "Point", "coordinates": [ 138.534758, 35.5708943 ] } },
{ "type": "Feature", "properties": { "内容": "（社会福祉法人）市川三郷町社会福祉協議会居宅介護支援事業所【居宅介護支援】山梨県西八代郡市川三郷町市川大門４１６番地", "url": "https://www.kaigokensaku.mhlw.go.jp/19/index.php?action_kouhyou_detail_004_kani=true&JigyosyoCd=1970600290-00&ServiceCd=430&Type=search", "url2": "http://www1.ocn.ne.jp/~i-shakyo/" }, "geometry": { "type": "Point", "coordinates": [ 138.492881300000022, 35.5600287 ] } },
{ "type": "Feature", "properties": { "内容": "オアシス居宅介護支援事業所【居宅介護支援】山梨県西八代郡市川三郷町岩間2083", "url": "https://www.kaigokensaku.mhlw.go.jp/19/index.php?action_kouhyou_detail_004_kani=true&JigyosyoCd=1970600597-00&ServiceCd=430&Type=search", "url2": null }, "geometry": { "type": "Point", "coordinates": [ 138.4622312, 35.4955653 ] } },
{ "type": "Feature", "properties": { "内容": "ケーツーメディカル居宅介護支援事業所【居宅介護支援】山梨県西八代郡市川三郷町高田517番地2", "url": "https://www.kaigokensaku.mhlw.go.jp/19/index.php?action_kouhyou_detail_004_kani=true&JigyosyoCd=1970600530-00&ServiceCd=430&Type=search", "url2": null }, "geometry": { "type": "Point", "coordinates": [ 138.488715, 35.5572095 ] } },
{ "type": "Feature", "properties": { "内容": "しもべ荘居宅介護支援事業所【居宅介護支援】山梨県南巨摩郡身延町常葉７０５８番地１", "url": "https://www.kaigokensaku.mhlw.go.jp/19/index.php?action_kouhyou_detail_004_kani=true&JigyosyoCd=1970600183-00&ServiceCd=430&Type=search", "url2": "http://www.shimobe-hp.or.jp/home/index.html" }, "geometry": { "type": "Point", "coordinates": [ 138.478397399999949, 35.4287004 ] } },
{ "type": "Feature", "properties": { "内容": "居宅介護支援事業所みのぶ荘【居宅介護支援】山梨県南巨摩郡身延町梅平2483番地122", "url": "https://www.kaigokensaku.mhlw.go.jp/19/index.php?action_kouhyou_detail_004_kani=true&JigyosyoCd=1970700058-00&ServiceCd=430&Type=search", "url2": "http://www.jsyamanashi.jp/minobusanfukushikai/" }, "geometry": { "type": "Point", "coordinates": [ 138.4447434, 35.3703628 ] } },
{ "type": "Feature", "properties": { "内容": "居宅介護支援事業所　いっしょに歩こう【居宅介護支援】山梨県南巨摩郡身延町帯金2929番地4", "url": "https://www.kaigokensaku.mhlw.go.jp/19/index.php?action_kouhyou_detail_004_kani=true&JigyosyoCd=1970701171-00&ServiceCd=430&Type=search", "url2": null }, "geometry": { "type": "Point", "coordinates": [ 138.452089900000033, 35.3781146 ] } },
{ "type": "Feature", "properties": { "内容": "飯富病院指定居宅介護支援事業者【居宅介護支援】山梨県南巨摩郡身延町飯富１６２８", "url": "https://www.kaigokensaku.mhlw.go.jp/19/index.php?action_kouhyou_detail_004_kani=true&JigyosyoCd=1910710027-00&ServiceCd=430&Type=search", "url2": "http://www6.ocn.ne.jp/~iitomi/" }, "geometry": { "type": "Point", "coordinates": [ 138.4378994, 35.4354226 ] } },
{ "type": "Feature", "properties": { "内容": "身延町社会福祉協議会指定居宅介護支援事業所【居宅介護支援】山梨県南巨摩郡身延町波木井272-1", "url": "https://www.kaigokensaku.mhlw.go.jp/19/index.php?action_kouhyou_detail_004_kani=true&JigyosyoCd=1970700538-00&ServiceCd=430&Type=search", "url2": "www.minobushakyo.jp" }, "geometry": { "type": "Point", "coordinates": [ 138.445521886624306, 35.373204407404536 ] } },
{ "type": "Feature", "properties": { "内容": "居宅介護支援事業所　さい【居宅介護支援】山梨県南巨摩郡身延町切石４２１－１", "url": "https://www.kaigokensaku.mhlw.go.jp/19/index.php?action_kouhyou_detail_004_kani=true&JigyosyoCd=1970701155-00&ServiceCd=430&Type=search", "url2": "https://kk-sai.jp/" }, "geometry": { "type": "Point", "coordinates": [ 138.441933986508161, 35.467762778795063 ] } },
{ "type": "Feature", "properties": { "内容": "居宅介護支援事業所ハートケアときわ【居宅介護支援】山梨県南巨摩郡身延町常葉647－4", "url": "https://www.kaigokensaku.mhlw.go.jp/19/index.php?action_kouhyou_detail_004_kani=true&JigyosyoCd=1970701254-00&ServiceCd=430&Type=search", "url2": null }, "geometry": { "type": "Point", "coordinates": [ 138.47892781282809, 35.447365850582017 ] } },
{ "type": "Feature", "properties": { "内容": "指定居宅介護支援事業所　ネオライフとみざわ【居宅介護支援】山梨県南巨摩郡南部町福士２６８８－３", "url": "https://www.kaigokensaku.mhlw.go.jp/19/index.php?action_kouhyou_detail_004_kani=true&JigyosyoCd=1970700397-00&ServiceCd=430&Type=search", "url2": "http://www.fujikoseikai.or.jp/" }, "geometry": { "type": "Point", "coordinates": [ 138.482115099999987, 35.2422603 ] } },
{ "type": "Feature", "properties": { "内容": "南部町なんぶ居宅介護支援事業所【居宅介護支援】山梨県南巨摩郡南部町内船8812番地", "url": "https://www.kaigokensaku.mhlw.go.jp/19/index.php?action_kouhyou_detail_004_kani=true&JigyosyoCd=1970700462-00&ServiceCd=430&Type=search", "url2": null }, "geometry": { "type": "Point", "coordinates": [ 138.46497930000001, 35.278296 ] } },
{ "type": "Feature", "properties": { "内容": "キロン居宅介護支援事業所【居宅介護支援】山梨県南巨摩郡南部町福士4192-1", "url": "https://www.kaigokensaku.mhlw.go.jp/19/index.php?action_kouhyou_detail_004_kani=true&JigyosyoCd=1970701395-00&ServiceCd=430&Type=search", "url2": null }, "geometry": { "type": "Point", "coordinates": [ 138.448747, 35.2109996 ] } },
{ "type": "Feature", "properties": { "内容": "居宅介護支援事業所　ふじ【居宅介護支援】山梨県南巨摩郡富士川町鰍沢1544-1", "url": "https://www.kaigokensaku.mhlw.go.jp/19/index.php?action_kouhyou_detail_004_kani=true&JigyosyoCd=1970700736-00&ServiceCd=430&Type=search", "url2": null }, "geometry": { "type": "Point", "coordinates": [ 138.458806399999958, 35.5438577 ] } },
{ "type": "Feature", "properties": { "内容": "かじかの会居宅介護支援事業所【居宅介護支援】山梨県南巨摩郡富士川町駅前通２丁目沢ノ戸３７７６番地", "url": "https://www.kaigokensaku.mhlw.go.jp/19/index.php?action_kouhyou_detail_004_kani=true&JigyosyoCd=1970701098-00&ServiceCd=430&Type=search", "url2": "http://asahi-syuouen.com/index.html" }, "geometry": { "type": "Point", "coordinates": [ 138.4624853, 35.538665 ] } },
{ "type": "Feature", "properties": { "内容": "指定居宅介護支援事業所ヒューマンサービス山梨【居宅介護支援】山梨県南巨摩郡富士川町長沢687-2", "url": "https://www.kaigokensaku.mhlw.go.jp/19/index.php?action_kouhyou_detail_004_kani=true&JigyosyoCd=1970700512-00&ServiceCd=430&Type=search", "url2": "http://care-net.biz/19/human/" }, "geometry": { "type": "Point", "coordinates": [ 138.4679113, 35.5719123 ] } },
{ "type": "Feature", "properties": { "内容": "みんなの家どんぐり居宅介護支援事業所【居宅介護支援】山梨県南巨摩郡富士川町小林１９５４番地の７", "url": "https://www.kaigokensaku.mhlw.go.jp/19/index.php?action_kouhyou_detail_004_kani=true&JigyosyoCd=1970700108-00&ServiceCd=430&Type=search", "url2": null }, "geometry": { "type": "Point", "coordinates": [ 138.4554614, 35.570435 ] } },
{ "type": "Feature", "properties": { "内容": "富士川町社会福祉協議会居宅介護支援事業所【居宅介護支援】南巨摩郡富士川町長澤1942-1", "url": "https://www.kaigokensaku.mhlw.go.jp/19/index.php?action_kouhyou_detail_004_kani=true&JigyosyoCd=1970701049-00&ServiceCd=430&Type=search", "url2": null }, "geometry": { "type": "Point", "coordinates": [ 138.466781700000013, 35.5732087 ] } },
{ "type": "Feature", "properties": { "内容": "居宅介護支援事業所　福寿荘【居宅介護支援】山梨県南巨摩郡富士川町最勝寺１３０７－１", "url": "https://www.kaigokensaku.mhlw.go.jp/19/index.php?action_kouhyou_detail_004_kani=true&JigyosyoCd=1970700827-00&ServiceCd=430&Type=search", "url2": "http://www5.ocn.ne.jp/~togawa/" }, "geometry": { "type": "Point", "coordinates": [ 138.461041099999989, 35.5526429 ] } },
{ "type": "Feature", "properties": { "内容": "公益社団法人山梨県看護協会ますほ居宅介護支援事業所【居宅介護支援】鰍沢1641-2山梨県民信用組合2階", "url": "https://www.kaigokensaku.mhlw.go.jp/19/index.php?action_kouhyou_detail_004_kani=true&JigyosyoCd=1970701437-00&ServiceCd=430&Type=search", "url2": "https//www.yna.or.jp" }, "geometry": { "type": "Point", "coordinates": [ 138.46026040000001, 35.5485549 ] } },
{ "type": "Feature", "properties": { "内容": "やさしい手　富士川事業所【居宅介護支援】山梨県南巨摩郡富士川町大椚264-1", "url": "https://www.kaigokensaku.mhlw.go.jp/19/index.php?action_kouhyou_detail_004_kani=true&JigyosyoCd=1970700330-00&ServiceCd=430&Type=search", "url2": "http://www.yasashiite-kofu.co.jp/" }, "geometry": { "type": "Point", "coordinates": [ 138.470080496413033, 35.565547184529017 ] } },
{ "type": "Feature", "properties": { "内容": "ケーツーメディカル昭和居宅介護支援事業所【居宅介護支援】山梨県中巨摩郡昭和町飯喰404番地9", "url": "https://www.kaigokensaku.mhlw.go.jp/19/index.php?action_kouhyou_detail_004_kani=true&JigyosyoCd=1970801286-00&ServiceCd=430&Type=search", "url2": null }, "geometry": { "type": "Point", "coordinates": [ 138.5251974, 35.6256747 ] } },
{ "type": "Feature", "properties": { "内容": "ひばり苑指定居宅介護支援事業所【居宅介護支援】中巨摩郡昭和町飯喰1277", "url": "https://www.kaigokensaku.mhlw.go.jp/19/index.php?action_kouhyou_detail_004_kani=true&JigyosyoCd=1970801229-00&ServiceCd=430&Type=search", "url2": null }, "geometry": { "type": "Point", "coordinates": [ 138.5197991, 35.6221871 ] } },
{ "type": "Feature", "properties": { "内容": "昭寿荘指定居宅介護支援事業所【居宅介護支援】山梨県中巨摩郡昭和町西条2605番地", "url": "https://www.kaigokensaku.mhlw.go.jp/19/index.php?action_kouhyou_detail_004_kani=true&JigyosyoCd=1970800320-00&ServiceCd=430&Type=search", "url2": null }, "geometry": { "type": "Point", "coordinates": [ 138.53892780000001, 35.6423718 ] } },
{ "type": "Feature", "properties": { "内容": "常永居宅介護支援事業所【居宅介護支援】山梨県中巨摩郡昭和町河西1149-2", "url": "https://www.kaigokensaku.mhlw.go.jp/19/index.php?action_kouhyou_detail_004_kani=true&JigyosyoCd=1970801062-00&ServiceCd=430&Type=search", "url2": "https://sasamotokai.net/sasanohakai" }, "geometry": { "type": "Point", "coordinates": [ 138.51982959999998, 35.6184737 ] } },
{ "type": "Feature", "properties": { "内容": "ゆらぎ指定居宅介護支援事業所【居宅介護支援】山梨県中巨摩郡昭和町西条30-1", "url": "https://www.kaigokensaku.mhlw.go.jp/19/index.php?action_kouhyou_detail_004_kani=true&JigyosyoCd=1970801146-00&ServiceCd=430&Type=search", "url2": null }, "geometry": { "type": "Point", "coordinates": [ 138.545274142327884, 35.636147781920599 ] } },
{ "type": "Feature", "properties": { "内容": "ノイエス　居宅介護支援事業所【居宅介護支援】山梨県中巨摩郡昭和町河東中島443番地", "url": "https://www.kaigokensaku.mhlw.go.jp/19/index.php?action_kouhyou_detail_004_kani=true&JigyosyoCd=1950880037-00&ServiceCd=430&Type=search", "url2": "https://ri-shikai.or.jp" }, "geometry": { "type": "Point", "coordinates": [ 138.5355591, 35.6213462 ] } },
{ "type": "Feature", "properties": { "内容": "西桂居宅介護支援事業所【居宅介護支援】山梨県南都留郡西桂町下暮地９１５－７", "url": "https://www.kaigokensaku.mhlw.go.jp/19/index.php?action_kouhyou_detail_004_kani=true&JigyosyoCd=1971300122-00&ServiceCd=430&Type=search", "url2": null }, "geometry": { "type": "Point", "coordinates": [ 138.842914, 35.5236907 ] } },
{ "type": "Feature", "properties": { "内容": "西桂地域福祉事業所　ばいかも【居宅介護支援】山梨県南都留郡西桂町下暮地915-7", "url": "https://www.kaigokensaku.mhlw.go.jp/19/index.php?action_kouhyou_detail_004_kani=true&JigyosyoCd=1971300783-00&ServiceCd=430&Type=search", "url2": null }, "geometry": { "type": "Point", "coordinates": [ 138.842914, 35.5236907 ] } },
{ "type": "Feature", "properties": { "内容": "忍野村社会福祉協議会　指定居宅介護支援事業所【居宅介護支援】山梨県南都留郡忍野村忍草１４４５-1", "url": "https://www.kaigokensaku.mhlw.go.jp/19/index.php?action_kouhyou_detail_004_kani=true&JigyosyoCd=1971300460-00&ServiceCd=430&Type=search", "url2": null }, "geometry": { "type": "Point", "coordinates": [ 138.847567, 35.4585121 ] } },
{ "type": "Feature", "properties": { "内容": "特定非営利活動法人　あい【居宅介護支援】内野228-4", "url": "https://www.kaigokensaku.mhlw.go.jp/19/index.php?action_kouhyou_detail_004_kani=true&JigyosyoCd=1971300890-00&ServiceCd=430&Type=search", "url2": null }, "geometry": { "type": "Point", "coordinates": [ 138.855783, 35.457253 ] } },
{ "type": "Feature", "properties": { "内容": "ケアプランみらい【居宅介護支援】山梨県南都留郡山中湖村山中1433-1", "url": "https://www.kaigokensaku.mhlw.go.jp/19/index.php?action_kouhyou_detail_004_kani=true&JigyosyoCd=1971300809-00&ServiceCd=430&Type=search", "url2": null }, "geometry": { "type": "Point", "coordinates": [ 138.848989399999937, 35.4259921 ] } },
{ "type": "Feature", "properties": { "内容": "社会福祉法人博友会指定居宅介護支援事業所【居宅介護支援】山梨県南都留郡山中湖村平野1450山中湖村デイサービスセンター", "url": "https://www.kaigokensaku.mhlw.go.jp/19/index.php?action_kouhyou_detail_004_kani=true&JigyosyoCd=1971300767-00&ServiceCd=430&Type=search", "url2": null }, "geometry": { "type": "Point", "coordinates": [ 138.909114, 35.4352032 ] } },
{ "type": "Feature", "properties": { "内容": "ふきのとう居宅介護支援事業者【居宅介護支援】5855-1", "url": "https://www.kaigokensaku.mhlw.go.jp/19/index.php?action_kouhyou_detail_004_kani=true&JigyosyoCd=1971300700-00&ServiceCd=430&Type=search", "url2": null }, "geometry": { "type": "Point", "coordinates": [ 138.70683, 35.481007 ] } },
{ "type": "Feature", "properties": { "内容": "株式会社　ケアマネ事務所坂本【居宅介護支援】山梨県南都留郡鳴沢村２３５４－１", "url": "https://www.kaigokensaku.mhlw.go.jp/19/index.php?action_kouhyou_detail_004_kani=true&JigyosyoCd=1971300759-00&ServiceCd=430&Type=search", "url2": null }, "geometry": { "type": "Point", "coordinates": [ 138.715589687294027, 35.486407167159165 ] } },
{ "type": "Feature", "properties": { "内容": "富士山荘指定居宅介護支援事業所【居宅介護支援】山梨県南都留郡鳴沢村5061", "url": "https://www.kaigokensaku.mhlw.go.jp/19/index.php?action_kouhyou_detail_004_kani=true&JigyosyoCd=1971300023-00&ServiceCd=430&Type=search", "url2": "http://www.eiju.or.jp" }, "geometry": { "type": "Point", "coordinates": [ 138.724304299999972, 35.4754244 ] } },
{ "type": "Feature", "properties": { "内容": "厚生堂居宅介護支援事業者【居宅介護支援】山梨県南都留郡富士河口湖町小立２１０７", "url": "https://www.kaigokensaku.mhlw.go.jp/19/index.php?action_kouhyou_detail_004_kani=true&JigyosyoCd=1971300064-00&ServiceCd=430&Type=search", "url2": null }, "geometry": { "type": "Point", "coordinates": [ 138.747039800000039, 35.5064654 ] } },
{ "type": "Feature", "properties": { "内容": "富士河口湖町デイサービスセンターふれ愛【居宅介護支援】山梨県南都留郡富士河口湖町小立２４８７番地", "url": "https://www.kaigokensaku.mhlw.go.jp/19/index.php?action_kouhyou_detail_004_kani=true&JigyosyoCd=1971300320-00&ServiceCd=430&Type=search", "url2": null }, "geometry": { "type": "Point", "coordinates": [ 138.75364490000004, 35.5040657 ] } },
{ "type": "Feature", "properties": { "内容": "富士河口湖町デイサービスセンターふれ愛【居宅介護支援】山梨県南都留郡富士河口湖町小立２４８７番地", "url": "https://www.kaigokensaku.mhlw.go.jp/19/index.php?action_kouhyou_detail_004_kani=true&JigyosyoCd=1971300569-00&ServiceCd=430&Type=search", "url2": null }, "geometry": { "type": "Point", "coordinates": [ 138.75364490000004, 35.5040657 ] } },
{ "type": "Feature", "properties": { "内容": "有限会社　風と太陽の家　はるみさん家【居宅介護支援】山梨県南都留郡富士河口湖町船津１１９０番地の３", "url": "https://www.kaigokensaku.mhlw.go.jp/19/index.php?action_kouhyou_detail_004_kani=true&JigyosyoCd=1971300254-00&ServiceCd=430&Type=search", "url2": null }, "geometry": { "type": "Point", "coordinates": [ 138.757625400000052, 35.501257 ] } },
{ "type": "Feature", "properties": { "内容": "医療法人聖仁会　オーク介護支援センター【居宅介護支援】山梨県南都留郡富士河口湖町小立4012-1", "url": "https://www.kaigokensaku.mhlw.go.jp/19/index.php?action_kouhyou_detail_004_kani=true&JigyosyoCd=1971300536-00&ServiceCd=430&Type=search", "url2": "http://seijinkai-saiyo.com/oak-care-support-center/" }, "geometry": { "type": "Point", "coordinates": [ 138.746998699999949, 35.4921921 ] } },
{ "type": "Feature", "properties": { "内容": "カイ虎ノ門居宅介護支援センター【居宅介護支援】山梨県南都留郡富士河口湖町船津字桜休場６８８７", "url": "https://www.kaigokensaku.mhlw.go.jp/19/index.php?action_kouhyou_detail_004_kani=true&JigyosyoCd=1971300247-00&ServiceCd=430&Type=search", "url2": null }, "geometry": { "type": "Point", "coordinates": [ 138.7542899, 35.4611677 ] } },
{ "type": "Feature", "properties": { "内容": "セントケア河口湖（居宅）【居宅介護支援】山梨県南都留郡富士河口湖町船津2091-2Sビル(船津)A号室", "url": "https://www.kaigokensaku.mhlw.go.jp/19/index.php?action_kouhyou_detail_004_kani=true&JigyosyoCd=1971300791-00&ServiceCd=430&Type=search", "url2": null }, "geometry": { "type": "Point", "coordinates": [ 138.763763700000027, 35.4944337 ] } },
{ "type": "Feature", "properties": { "内容": "指定介護支援事業所　ケアプラン　まるやま【居宅介護支援】山梨県南都留郡富士河口湖町勝山１２２３－５", "url": "https://www.kaigokensaku.mhlw.go.jp/19/index.php?action_kouhyou_detail_004_kani=true&JigyosyoCd=1971300510-00&ServiceCd=430&Type=search", "url2": null }, "geometry": { "type": "Point", "coordinates": [ 138.745019500000012, 35.5063774 ] } },
{ "type": "Feature", "properties": { "内容": "あおばケアマネ事務所【居宅介護支援】山梨県南都留郡富士河口湖町船津6809-1", "url": "https://www.kaigokensaku.mhlw.go.jp/19/index.php?action_kouhyou_detail_004_kani=true&JigyosyoCd=1971300940-00&ServiceCd=430&Type=search", "url2": null }, "geometry": { "type": "Point", "coordinates": [ 138.763835, 35.4885506 ] } },
{ "type": "Feature", "properties": { "内容": "ケアセンターこころ【居宅介護支援】山梨県南都留郡富士河口湖町船津１２４６－１", "url": "https://www.kaigokensaku.mhlw.go.jp/19/index.php?action_kouhyou_detail_004_kani=true&JigyosyoCd=1971300296-00&ServiceCd=430&Type=search", "url2": null }, "geometry": { "type": "Point", "coordinates": [ 138.753943, 35.5016022 ] } },
{ "type": "Feature", "properties": { "内容": "小菅村居宅介護支援事業所【居宅介護支援】山梨県北都留郡小菅村6027", "url": "https://www.kaigokensaku.mhlw.go.jp/19/index.php?action_kouhyou_detail_004_kani=true&JigyosyoCd=1971500036-00&ServiceCd=430&Type=search", "url2": null }, "geometry": { "type": "Point", "coordinates": [ 138.936689099999967, 35.7608823 ] } },
{ "type": "Feature", "properties": { "内容": "社会福祉法人　丹波山村社会福祉協議会【居宅介護支援】山梨県北都留郡丹波山村２９０１", "url": "https://www.kaigokensaku.mhlw.go.jp/19/index.php?action_kouhyou_detail_004_kani=true&JigyosyoCd=1971500077-00&ServiceCd=430&Type=search", "url2": null }, "geometry": { "type": "Point", "coordinates": [ 138.922231300000021, 35.7897122 ] } }
]
}
