{
"type": "FeatureCollection",
"name": "geo_19_3",
"crs": { "type": "name", "properties": { "name": "urn:ogc:def:crs:OGC:1.3:CRS84" } },
"features": [
{ "type": "Feature", "properties": { "ID": 1932190001258, "正式名称": "かまた歯科医院", "機関区分": 3, "都道府県コード": 19, "市区町村コード": 201, "所在地": "山梨県甲府市小瀬町３７４", "緯度": 35.626606, "経度": 138.580469, "url": "https://www.iryou.teikyouseido.mhlw.go.jp/znk-web/juminkanja/S2430/initialize?prefCd=19&kikanCd=2190001258&kikanKbn=3", "url2": null, "内容": "かまた歯科医院【3:歯科】山梨県甲府市小瀬町３７４" }, "geometry": { "type": "Point", "coordinates": [ 138.580469, 35.626606 ] } },
{ "type": "Feature", "properties": { "ID": 1933190000002, "正式名称": "京嶋歯科医院", "機関区分": 3, "都道府県コード": 19, "市区町村コード": 201, "所在地": "山梨県甲府市伊勢１－４－４", "緯度": 35.651376, "経度": 138.567641, "url": "https://www.iryou.teikyouseido.mhlw.go.jp/znk-web/juminkanja/S2430/initialize?prefCd=19&kikanCd=3190000002&kikanKbn=3", "url2": null, "内容": "京嶋歯科医院【3:歯科】山梨県甲府市伊勢１－４－４" }, "geometry": { "type": "Point", "coordinates": [ 138.567641, 35.651376 ] } },
{ "type": "Feature", "properties": { "ID": 1933190000004, "正式名称": "医療法人淳道会隈部歯科医院", "機関区分": 3, "都道府県コード": 19, "市区町村コード": 201, "所在地": "山梨県甲府市伊勢４－１－１", "緯度": 35.641682, "経度": 138.569864, "url": "https://www.iryou.teikyouseido.mhlw.go.jp/znk-web/juminkanja/S2430/initialize?prefCd=19&kikanCd=3190000004&kikanKbn=3", "url2": "http://www.office-web.jp/kumabesika", "内容": "医療法人淳道会隈部歯科医院【3:歯科】山梨県甲府市伊勢４－１－１" }, "geometry": { "type": "Point", "coordinates": [ 138.569864, 35.641682 ] } },
{ "type": "Feature", "properties": { "ID": 1933190000005, "正式名称": "羽黒歯科医院", "機関区分": 3, "都道府県コード": 19, "市区町村コード": 201, "所在地": "山梨県甲府市羽黒町１７５－９", "緯度": 35.691565, "経度": 138.543198, "url": "https://www.iryou.teikyouseido.mhlw.go.jp/znk-web/juminkanja/S2430/initialize?prefCd=19&kikanCd=3190000005&kikanKbn=3", "url2": null, "内容": "羽黒歯科医院【3:歯科】山梨県甲府市羽黒町１７５－９" }, "geometry": { "type": "Point", "coordinates": [ 138.543198, 35.691565 ] } },
{ "type": "Feature", "properties": { "ID": 1933190000008, "正式名称": "五味矯正歯科クリニック", "機関区分": 3, "都道府県コード": 19, "市区町村コード": 201, "所在地": "山梨県甲府市塩部４－１６－２０", "緯度": 35.677539, "経度": 138.553752, "url": "https://www.iryou.teikyouseido.mhlw.go.jp/znk-web/juminkanja/S2430/initialize?prefCd=19&kikanCd=3190000008&kikanKbn=3", "url2": null, "内容": "五味矯正歯科クリニック【3:歯科】山梨県甲府市塩部４－１６－２０" }, "geometry": { "type": "Point", "coordinates": [ 138.553752, 35.677539 ] } },
{ "type": "Feature", "properties": { "ID": 1933190000009, "正式名称": "医療法人　貴翔会　愛歯科クリニック", "機関区分": 3, "都道府県コード": 19, "市区町村コード": 201, "所在地": "山梨県甲府市横根町５５９－４", "緯度": 35.65782, "経度": 138.615026, "url": "https://www.iryou.teikyouseido.mhlw.go.jp/znk-web/juminkanja/S2430/initialize?prefCd=19&kikanCd=3190000009&kikanKbn=3", "url2": null, "内容": "医療法人　貴翔会　愛歯科クリニック【3:歯科】山梨県甲府市横根町５５９－４" }, "geometry": { "type": "Point", "coordinates": [ 138.615026, 35.65782 ] } },
{ "type": "Feature", "properties": { "ID": 1933190000011, "正式名称": "鈴木歯科医院", "機関区分": 3, "都道府県コード": 19, "市区町村コード": 201, "所在地": "山梨県甲府市下河原町２－７", "緯度": 35.663318, "経度": 138.5322, "url": "https://www.iryou.teikyouseido.mhlw.go.jp/znk-web/juminkanja/S2430/initialize?prefCd=19&kikanCd=3190000011&kikanKbn=3", "url2": null, "内容": "鈴木歯科医院【3:歯科】山梨県甲府市下河原町２－７" }, "geometry": { "type": "Point", "coordinates": [ 138.5322, 35.663318 ] } },
{ "type": "Feature", "properties": { "ID": 1933190000012, "正式名称": "樋口歯科医院", "機関区分": 3, "都道府県コード": 19, "市区町村コード": 201, "所在地": "山梨県甲府市下小河原町２３８", "緯度": 35.632933, "経度": 138.576003, "url": "https://www.iryou.teikyouseido.mhlw.go.jp/znk-web/juminkanja/S2430/initialize?prefCd=19&kikanCd=3190000012&kikanKbn=3", "url2": null, "内容": "樋口歯科医院【3:歯科】山梨県甲府市下小河原町２３８" }, "geometry": { "type": "Point", "coordinates": [ 138.576003, 35.632933 ] } },
{ "type": "Feature", "properties": { "ID": 1933190000016, "正式名称": "大森歯科医院", "機関区分": 3, "都道府県コード": 19, "市区町村コード": 201, "所在地": "山梨県甲府市丸の内１－１７－４", "緯度": 35.661597, "経度": 138.569308, "url": "https://www.iryou.teikyouseido.mhlw.go.jp/znk-web/juminkanja/S2430/initialize?prefCd=19&kikanCd=3190000016&kikanKbn=3", "url2": null, "内容": "大森歯科医院【3:歯科】山梨県甲府市丸の内１－１７－４" }, "geometry": { "type": "Point", "coordinates": [ 138.569308, 35.661597 ] } },
{ "type": "Feature", "properties": { "ID": 1933190000018, "正式名称": "（医）社団ふかさわ矯正歯科クリニック", "機関区分": 3, "都道府県コード": 19, "市区町村コード": 201, "所在地": "山梨県甲府市丸の内１－２－１３　サンフラワービル３Ｆ", "緯度": 35.66593, "経度": 138.568919, "url": "https://www.iryou.teikyouseido.mhlw.go.jp/znk-web/juminkanja/S2430/initialize?prefCd=19&kikanCd=3190000018&kikanKbn=3", "url2": "http://www.fukasawa-kyouseishika.jp", "内容": "（医）社団ふかさわ矯正歯科クリニック【3:歯科】山梨県甲府市丸の内１－２－１３　サンフラワービル３Ｆ" }, "geometry": { "type": "Point", "coordinates": [ 138.568919, 35.66593 ] } },
{ "type": "Feature", "properties": { "ID": 1933190000019, "正式名称": "望月歯科医院", "機関区分": 3, "都道府県コード": 19, "市区町村コード": 201, "所在地": "山梨県甲府市丸の内１－２１－７　岡島東館（武藤ビル）２Ｆ", "緯度": 35.661264, "経度": 138.57128, "url": "https://www.iryou.teikyouseido.mhlw.go.jp/znk-web/juminkanja/S2430/initialize?prefCd=19&kikanCd=3190000019&kikanKbn=3", "url2": null, "内容": "望月歯科医院【3:歯科】山梨県甲府市丸の内１－２１－７　岡島東館（武藤ビル）２Ｆ" }, "geometry": { "type": "Point", "coordinates": [ 138.57128, 35.661264 ] } },
{ "type": "Feature", "properties": { "ID": 1933190000020, "正式名称": "由井歯科", "機関区分": 3, "都道府県コード": 19, "市区町村コード": 201, "所在地": "山梨県甲府市丸の内１－９－６", "緯度": 35.663319, "経度": 138.570002, "url": "https://www.iryou.teikyouseido.mhlw.go.jp/znk-web/juminkanja/S2430/initialize?prefCd=19&kikanCd=3190000020&kikanKbn=3", "url2": null, "内容": "由井歯科【3:歯科】山梨県甲府市丸の内１－９－６" }, "geometry": { "type": "Point", "coordinates": [ 138.570002, 35.663319 ] } },
{ "type": "Feature", "properties": { "ID": 1933190000022, "正式名称": "手塚歯科医院", "機関区分": 3, "都道府県コード": 19, "市区町村コード": 201, "所在地": "山梨県甲府市丸の内２－２７－７", "緯度": 35.66368, "経度": 138.566891, "url": "https://www.iryou.teikyouseido.mhlw.go.jp/znk-web/juminkanja/S2430/initialize?prefCd=19&kikanCd=3190000022&kikanKbn=3", "url2": null, "内容": "手塚歯科医院【3:歯科】山梨県甲府市丸の内２－２７－７" }, "geometry": { "type": "Point", "coordinates": [ 138.566891, 35.66368 ] } },
{ "type": "Feature", "properties": { "ID": 1933190000023, "正式名称": "三木矯正歯科", "機関区分": 3, "都道府県コード": 19, "市区町村コード": 201, "所在地": "山梨県甲府市丸の内２－３０－１５", "緯度": 35.663097, "経度": 138.566419, "url": "https://www.iryou.teikyouseido.mhlw.go.jp/znk-web/juminkanja/S2430/initialize?prefCd=19&kikanCd=3190000023&kikanKbn=3", "url2": "http://www.kyouseishika.jp/", "内容": "三木矯正歯科【3:歯科】山梨県甲府市丸の内２－３０－１５" }, "geometry": { "type": "Point", "coordinates": [ 138.566419, 35.663097 ] } },
{ "type": "Feature", "properties": { "ID": 1933190000025, "正式名称": "山浦歯科医院", "機関区分": 3, "都道府県コード": 19, "市区町村コード": 201, "所在地": "山梨県甲府市丸の内２－３３－８　山浦ビル１Ｆ", "緯度": 35.662625, "経度": 138.566085, "url": "https://www.iryou.teikyouseido.mhlw.go.jp/znk-web/juminkanja/S2430/initialize?prefCd=19&kikanCd=3190000025&kikanKbn=3", "url2": "http://www.yamaura-dc.jp/", "内容": "山浦歯科医院【3:歯科】山梨県甲府市丸の内２－３３－８　山浦ビル１Ｆ" }, "geometry": { "type": "Point", "coordinates": [ 138.566085, 35.662625 ] } },
{ "type": "Feature", "properties": { "ID": 1933190000026, "正式名称": "内藤歯科診療所", "機関区分": 3, "都道府県コード": 19, "市区町村コード": 201, "所在地": "山梨県甲府市丸の内２－３４－４", "緯度": 35.662152, "経度": 138.566002, "url": "https://www.iryou.teikyouseido.mhlw.go.jp/znk-web/juminkanja/S2430/initialize?prefCd=19&kikanCd=3190000026&kikanKbn=3", "url2": null, "内容": "内藤歯科診療所【3:歯科】山梨県甲府市丸の内２－３４－４" }, "geometry": { "type": "Point", "coordinates": [ 138.566002, 35.662152 ] } },
{ "type": "Feature", "properties": { "ID": 1933190000027, "正式名称": "公益社団法人　山梨勤労者医療協会　共立歯科センター", "機関区分": 3, "都道府県コード": 19, "市区町村コード": 201, "所在地": "山梨県甲府市丸の内２－９－２８　勤医協駅前ビル", "緯度": 35.667068, "経度": 138.565447, "url": "https://www.iryou.teikyouseido.mhlw.go.jp/znk-web/juminkanja/S2430/initialize?prefCd=19&kikanCd=3190000027&kikanKbn=3", "url2": "http://www.yamanashi-min.jp/kinikyou/medical/sika/kyouritsu.html", "内容": "公益社団法人　山梨勤労者医療協会　共立歯科センター【3:歯科】山梨県甲府市丸の内２－９－２８　勤医協駅前ビル" }, "geometry": { "type": "Point", "coordinates": [ 138.565447, 35.667068 ] } },
{ "type": "Feature", "properties": { "ID": 1933190000030, "正式名称": "医療法人　デントラスト小倉歯科医院", "機関区分": 3, "都道府県コード": 19, "市区町村コード": 201, "所在地": "山梨県甲府市丸の内３－１８－５", "緯度": 35.660125, "経度": 138.566085, "url": "https://www.iryou.teikyouseido.mhlw.go.jp/znk-web/juminkanja/S2430/initialize?prefCd=19&kikanCd=3190000030&kikanKbn=3", "url2": null, "内容": "医療法人　デントラスト小倉歯科医院【3:歯科】山梨県甲府市丸の内３－１８－５" }, "geometry": { "type": "Point", "coordinates": [ 138.566085, 35.660125 ] } },
{ "type": "Feature", "properties": { "ID": 1933190000031, "正式名称": "臼井歯科医院", "機関区分": 3, "都道府県コード": 19, "市区町村コード": 201, "所在地": "山梨県甲府市丸の内３－１９－４", "緯度": 35.660125, "経度": 138.566613, "url": "https://www.iryou.teikyouseido.mhlw.go.jp/znk-web/juminkanja/S2430/initialize?prefCd=19&kikanCd=3190000031&kikanKbn=3", "url2": null, "内容": "臼井歯科医院【3:歯科】山梨県甲府市丸の内３－１９－４" }, "geometry": { "type": "Point", "coordinates": [ 138.566613, 35.660125 ] } },
{ "type": "Feature", "properties": { "ID": 1933190000033, "正式名称": "笠井歯科医院", "機関区分": 3, "都道府県コード": 19, "市区町村コード": 201, "所在地": "山梨県甲府市宮前町６－３", "緯度": 35.67479, "経度": 138.574612, "url": "https://www.iryou.teikyouseido.mhlw.go.jp/znk-web/juminkanja/S2430/initialize?prefCd=19&kikanCd=3190000033&kikanKbn=3", "url2": null, "内容": "笠井歯科医院【3:歯科】山梨県甲府市宮前町６－３" }, "geometry": { "type": "Point", "coordinates": [ 138.574612, 35.67479 ] } },
{ "type": "Feature", "properties": { "ID": 1933190000034, "正式名称": "本田歯科医院", "機関区分": 3, "都道府県コード": 19, "市区町村コード": 201, "所在地": "山梨県甲府市古上条町１４８", "緯度": 35.62835, "経度": 138.55806, "url": "https://www.iryou.teikyouseido.mhlw.go.jp/znk-web/juminkanja/S2430/initialize?prefCd=19&kikanCd=3190000034&kikanKbn=3", "url2": null, "内容": "本田歯科医院【3:歯科】山梨県甲府市古上条町１４８" }, "geometry": { "type": "Point", "coordinates": [ 138.55806, 35.62835 ] } },
{ "type": "Feature", "properties": { "ID": 1933190000035, "正式名称": "早河歯科医院", "機関区分": 3, "都道府県コード": 19, "市区町村コード": 201, "所在地": "山梨県甲府市古上条町１７７－１", "緯度": 35.629017, "経度": 138.558754, "url": "https://www.iryou.teikyouseido.mhlw.go.jp/znk-web/juminkanja/S2430/initialize?prefCd=19&kikanCd=3190000035&kikanKbn=3", "url2": null, "内容": "早河歯科医院【3:歯科】山梨県甲府市古上条町１７７－１" }, "geometry": { "type": "Point", "coordinates": [ 138.558754, 35.629017 ] } },
{ "type": "Feature", "properties": { "ID": 1933190000037, "正式名称": "笹本歯科", "機関区分": 3, "都道府県コード": 19, "市区町村コード": 201, "所在地": "山梨県甲府市古上条町４４１－１", "緯度": 35.631176, "経度": 138.561337, "url": "https://www.iryou.teikyouseido.mhlw.go.jp/znk-web/juminkanja/S2430/initialize?prefCd=19&kikanCd=3190000037&kikanKbn=3", "url2": null, "内容": "笹本歯科【3:歯科】山梨県甲府市古上条町４４１－１" }, "geometry": { "type": "Point", "coordinates": [ 138.561337, 35.631176 ] } },
{ "type": "Feature", "properties": { "ID": 1933190000038, "正式名称": "小池歯科医院", "機関区分": 3, "都道府県コード": 19, "市区町村コード": 201, "所在地": "山梨県甲府市向町５５９－１", "緯度": 35.64435, "経度": 138.614555, "url": "https://www.iryou.teikyouseido.mhlw.go.jp/znk-web/juminkanja/S2430/initialize?prefCd=19&kikanCd=3190000038&kikanKbn=3", "url2": null, "内容": "小池歯科医院【3:歯科】山梨県甲府市向町５５９－１" }, "geometry": { "type": "Point", "coordinates": [ 138.614555, 35.64435 ] } },
{ "type": "Feature", "properties": { "ID": 1933190000039, "正式名称": "甲府市夜間歯科救急センター", "機関区分": 3, "都道府県コード": 19, "市区町村コード": 201, "所在地": "山梨県甲府市幸町１４－６　甲府市夜間歯科救急センター", "緯度": 35.645432, "経度": 138.573169, "url": "https://www.iryou.teikyouseido.mhlw.go.jp/znk-web/juminkanja/S2430/initialize?prefCd=19&kikanCd=3190000039&kikanKbn=3", "url2": null, "内容": "甲府市夜間歯科救急センター【3:歯科】山梨県甲府市幸町１４－６　甲府市夜間歯科救急センター" }, "geometry": { "type": "Point", "coordinates": [ 138.573169, 35.645432 ] } },
{ "type": "Feature", "properties": { "ID": 1933190000040, "正式名称": "原歯科医院", "機関区分": 3, "都道府県コード": 19, "市区町村コード": 201, "所在地": "山梨県甲府市幸町６－１５", "緯度": 35.648238, "経度": 138.572502, "url": "https://www.iryou.teikyouseido.mhlw.go.jp/znk-web/juminkanja/S2430/initialize?prefCd=19&kikanCd=3190000040&kikanKbn=3", "url2": null, "内容": "原歯科医院【3:歯科】山梨県甲府市幸町６－１５" }, "geometry": { "type": "Point", "coordinates": [ 138.572502, 35.648238 ] } },
{ "type": "Feature", "properties": { "ID": 1933190000042, "正式名称": "コツボ歯科", "機関区分": 3, "都道府県コード": 19, "市区町村コード": 201, "所在地": "山梨県甲府市貢川２－１７－２", "緯度": 35.658875, "経度": 138.536477, "url": "https://www.iryou.teikyouseido.mhlw.go.jp/znk-web/juminkanja/S2430/initialize?prefCd=19&kikanCd=3190000042&kikanKbn=3", "url2": "http://www5.ocn.ne.jp/~kotsubo/", "内容": "コツボ歯科【3:歯科】山梨県甲府市貢川２－１７－２" }, "geometry": { "type": "Point", "coordinates": [ 138.536477, 35.658875 ] } },
{ "type": "Feature", "properties": { "ID": 1933190000043, "正式名称": "堀田歯科医院", "機関区分": 3, "都道府県コード": 19, "市区町村コード": 201, "所在地": "山梨県甲府市貢川本町８－３３", "緯度": 35.655375, "経度": 138.548087, "url": "https://www.iryou.teikyouseido.mhlw.go.jp/znk-web/juminkanja/S2430/initialize?prefCd=19&kikanCd=3190000043&kikanKbn=3", "url2": null, "内容": "堀田歯科医院【3:歯科】山梨県甲府市貢川本町８－３３" }, "geometry": { "type": "Point", "coordinates": [ 138.548087, 35.655375 ] } },
{ "type": "Feature", "properties": { "ID": 1933190000044, "正式名称": "あきやま歯科医院", "機関区分": 3, "都道府県コード": 19, "市区町村コード": 201, "所在地": "山梨県甲府市高畑１－２２－６", "緯度": 35.649876, "経度": 138.562948, "url": "https://www.iryou.teikyouseido.mhlw.go.jp/znk-web/juminkanja/S2430/initialize?prefCd=19&kikanCd=3190000044&kikanKbn=3", "url2": "https://www.akiyama-8148.net/", "内容": "あきやま歯科医院【3:歯科】山梨県甲府市高畑１－２２－６" }, "geometry": { "type": "Point", "coordinates": [ 138.562948, 35.649876 ] } },
{ "type": "Feature", "properties": { "ID": 1933190000046, "正式名称": "玉諸歯科医院", "機関区分": 3, "都道府県コード": 19, "市区町村コード": 201, "所在地": "山梨県甲府市国玉町１０４０", "緯度": 35.647793, "経度": 138.595917, "url": "https://www.iryou.teikyouseido.mhlw.go.jp/znk-web/juminkanja/S2430/initialize?prefCd=19&kikanCd=3190000046&kikanKbn=3", "url2": null, "内容": "玉諸歯科医院【3:歯科】山梨県甲府市国玉町１０４０" }, "geometry": { "type": "Point", "coordinates": [ 138.595917, 35.647793 ] } },
{ "type": "Feature", "properties": { "ID": 1933190000047, "正式名称": "ふじたに歯科医院", "機関区分": 3, "都道府県コード": 19, "市区町村コード": 201, "所在地": "山梨県甲府市国玉町２８７－２", "緯度": 35.653516, "経度": 138.603777, "url": "https://www.iryou.teikyouseido.mhlw.go.jp/znk-web/juminkanja/S2430/initialize?prefCd=19&kikanCd=3190000047&kikanKbn=3", "url2": null, "内容": "ふじたに歯科医院【3:歯科】山梨県甲府市国玉町２８７－２" }, "geometry": { "type": "Point", "coordinates": [ 138.603777, 35.653516 ] } },
{ "type": "Feature", "properties": { "ID": 1933190000048, "正式名称": "国母歯科医院", "機関区分": 3, "都道府県コード": 19, "市区町村コード": 201, "所在地": "山梨県甲府市国母４－１－４", "緯度": 35.641738, "経度": 138.557671, "url": "https://www.iryou.teikyouseido.mhlw.go.jp/znk-web/juminkanja/S2430/initialize?prefCd=19&kikanCd=3190000048&kikanKbn=3", "url2": "http://kokubo-sika.com", "内容": "国母歯科医院【3:歯科】山梨県甲府市国母４－１－４" }, "geometry": { "type": "Point", "coordinates": [ 138.557671, 35.641738 ] } },
{ "type": "Feature", "properties": { "ID": 1933190000049, "正式名称": "医療法人　石原会　石原歯科医院", "機関区分": 3, "都道府県コード": 19, "市区町村コード": 201, "所在地": "山梨県甲府市国母６－２－１０　石原ビル３Ｆ", "緯度": 35.63771, "経度": 138.552921, "url": "https://www.iryou.teikyouseido.mhlw.go.jp/znk-web/juminkanja/S2430/initialize?prefCd=19&kikanCd=3190000049&kikanKbn=3", "url2": null, "内容": "医療法人　石原会　石原歯科医院【3:歯科】山梨県甲府市国母６－２－１０　石原ビル３Ｆ" }, "geometry": { "type": "Point", "coordinates": [ 138.552921, 35.63771 ] } },
{ "type": "Feature", "properties": { "ID": 1933190000050, "正式名称": "クボデラ歯科", "機関区分": 3, "都道府県コード": 19, "市区町村コード": 201, "所在地": "山梨県甲府市桜井町４３", "緯度": 35.659431, "経度": 138.62197, "url": "https://www.iryou.teikyouseido.mhlw.go.jp/znk-web/juminkanja/S2430/initialize?prefCd=19&kikanCd=3190000050&kikanKbn=3", "url2": "https://www.kubodera-kofu.com/", "内容": "クボデラ歯科【3:歯科】山梨県甲府市桜井町４３" }, "geometry": { "type": "Point", "coordinates": [ 138.62197, 35.659431 ] } },
{ "type": "Feature", "properties": { "ID": 1933190000051, "正式名称": "オサダ歯科医院", "機関区分": 3, "都道府県コード": 19, "市区町村コード": 201, "所在地": "山梨県甲府市若松町９－６", "緯度": 35.653741, "経度": 138.571844, "url": "https://www.iryou.teikyouseido.mhlw.go.jp/znk-web/juminkanja/S2430/initialize?prefCd=19&kikanCd=3190000051&kikanKbn=3", "url2": "http://www.asahi-net.or.jp/~QE9E-OSD/", "内容": "オサダ歯科医院【3:歯科】山梨県甲府市若松町９－６" }, "geometry": { "type": "Point", "coordinates": [ 138.571844, 35.653741 ] } },
{ "type": "Feature", "properties": { "ID": 1933190000053, "正式名称": "小林歯科医院", "機関区分": 3, "都道府県コード": 19, "市区町村コード": 201, "所在地": "山梨県甲府市住吉１－１１－３２", "緯度": 35.64096, "経度": 138.574335, "url": "https://www.iryou.teikyouseido.mhlw.go.jp/znk-web/juminkanja/S2430/initialize?prefCd=19&kikanCd=3190000053&kikanKbn=3", "url2": null, "内容": "小林歯科医院【3:歯科】山梨県甲府市住吉１－１１－３２" }, "geometry": { "type": "Point", "coordinates": [ 138.574335, 35.64096 ] } },
{ "type": "Feature", "properties": { "ID": 1933190000054, "正式名称": "依田歯科医院", "機関区分": 3, "都道府県コード": 19, "市区町村コード": 201, "所在地": "山梨県甲府市住吉１－３－１６", "緯度": 35.641849, "経度": 138.573224, "url": "https://www.iryou.teikyouseido.mhlw.go.jp/znk-web/juminkanja/S2430/initialize?prefCd=19&kikanCd=3190000054&kikanKbn=3", "url2": null, "内容": "依田歯科医院【3:歯科】山梨県甲府市住吉１－３－１６" }, "geometry": { "type": "Point", "coordinates": [ 138.573224, 35.641849 ] } },
{ "type": "Feature", "properties": { "ID": 1933190000055, "正式名称": "古屋歯科医院", "機関区分": 3, "都道府県コード": 19, "市区町村コード": 201, "所在地": "山梨県甲府市住吉４－６－３", "緯度": 35.639128, "経度": 138.582141, "url": "https://www.iryou.teikyouseido.mhlw.go.jp/znk-web/juminkanja/S2430/initialize?prefCd=19&kikanCd=3190000055&kikanKbn=3", "url2": "http://www.furuya-dc.com", "内容": "古屋歯科医院【3:歯科】山梨県甲府市住吉４－６－３" }, "geometry": { "type": "Point", "coordinates": [ 138.582141, 35.639128 ] } },
{ "type": "Feature", "properties": { "ID": 1933190000056, "正式名称": "斉木歯科医院", "機関区分": 3, "都道府県コード": 19, "市区町村コード": 201, "所在地": "山梨県甲府市上阿原町１１５０", "緯度": 35.643878, "経度": 138.603167, "url": "https://www.iryou.teikyouseido.mhlw.go.jp/znk-web/juminkanja/S2430/initialize?prefCd=19&kikanCd=3190000056&kikanKbn=3", "url2": null, "内容": "斉木歯科医院【3:歯科】山梨県甲府市上阿原町１１５０" }, "geometry": { "type": "Point", "coordinates": [ 138.603167, 35.643878 ] } },
{ "type": "Feature", "properties": { "ID": 1933190000058, "正式名称": "シオジマ歯科医院", "機関区分": 3, "都道府県コード": 19, "市区町村コード": 201, "所在地": "山梨県甲府市上今井町１８４－１０", "緯度": 35.626879, "経度": 138.570642, "url": "https://www.iryou.teikyouseido.mhlw.go.jp/znk-web/juminkanja/S2430/initialize?prefCd=19&kikanCd=3190000058&kikanKbn=3", "url2": null, "内容": "シオジマ歯科医院【3:歯科】山梨県甲府市上今井町１８４－１０" }, "geometry": { "type": "Point", "coordinates": [ 138.570642, 35.626879 ] } },
{ "type": "Feature", "properties": { "ID": 1933190000060, "正式名称": "小林歯科医院", "機関区分": 3, "都道府県コード": 19, "市区町村コード": 201, "所在地": "山梨県甲府市上石田１－２－３", "緯度": 35.658541, "経度": 138.555031, "url": "https://www.iryou.teikyouseido.mhlw.go.jp/znk-web/juminkanja/S2430/initialize?prefCd=19&kikanCd=3190000060&kikanKbn=3", "url2": "https://dental-kofu,com/", "内容": "小林歯科医院【3:歯科】山梨県甲府市上石田１－２－３" }, "geometry": { "type": "Point", "coordinates": [ 138.555031, 35.658541 ] } },
{ "type": "Feature", "properties": { "ID": 1933190000064, "正式名称": "鎌田歯科矯正クリニック", "機関区分": 3, "都道府県コード": 19, "市区町村コード": 201, "所在地": "山梨県甲府市城東１－８－１２", "緯度": 35.661069, "経度": 138.579696, "url": "https://www.iryou.teikyouseido.mhlw.go.jp/znk-web/juminkanja/S2430/initialize?prefCd=19&kikanCd=3190000064&kikanKbn=3", "url2": null, "内容": "鎌田歯科矯正クリニック【3:歯科】山梨県甲府市城東１－８－１２" }, "geometry": { "type": "Point", "coordinates": [ 138.579696, 35.661069 ] } },
{ "type": "Feature", "properties": { "ID": 1933190000065, "正式名称": "井上歯科医院", "機関区分": 3, "都道府県コード": 19, "市区町村コード": 201, "所在地": "山梨県甲府市城東２－２０－１４", "緯度": 35.656848, "経度": 138.577418, "url": "https://www.iryou.teikyouseido.mhlw.go.jp/znk-web/juminkanja/S2430/initialize?prefCd=19&kikanCd=3190000065&kikanKbn=3", "url2": null, "内容": "井上歯科医院【3:歯科】山梨県甲府市城東２－２０－１４" }, "geometry": { "type": "Point", "coordinates": [ 138.577418, 35.656848 ] } },
{ "type": "Feature", "properties": { "ID": 1933190000066, "正式名称": "渡辺歯科医院", "機関区分": 3, "都道府県コード": 19, "市区町村コード": 201, "所在地": "山梨県甲府市西高橋町２０", "緯度": 35.640128, "経度": 138.598472, "url": "https://www.iryou.teikyouseido.mhlw.go.jp/znk-web/juminkanja/S2430/initialize?prefCd=19&kikanCd=3190000066&kikanKbn=3", "url2": null, "内容": "渡辺歯科医院【3:歯科】山梨県甲府市西高橋町２０" }, "geometry": { "type": "Point", "coordinates": [ 138.598472, 35.640128 ] } },
{ "type": "Feature", "properties": { "ID": 1933190000067, "正式名称": "若尾歯科医院", "機関区分": 3, "都道府県コード": 19, "市区町村コード": 201, "所在地": "山梨県甲府市西田町１－８", "緯度": 35.684317, "経度": 138.566334, "url": "https://www.iryou.teikyouseido.mhlw.go.jp/znk-web/juminkanja/S2430/initialize?prefCd=19&kikanCd=3190000067&kikanKbn=3", "url2": null, "内容": "若尾歯科医院【3:歯科】山梨県甲府市西田町１－８" }, "geometry": { "type": "Point", "coordinates": [ 138.566334, 35.684317 ] } },
{ "type": "Feature", "properties": { "ID": 1933190000068, "正式名称": "三枝歯科医院", "機関区分": 3, "都道府県コード": 19, "市区町村コード": 201, "所在地": "山梨県甲府市青沼２－９－８", "緯度": 35.654376, "経度": 138.578557, "url": "https://www.iryou.teikyouseido.mhlw.go.jp/znk-web/juminkanja/S2430/initialize?prefCd=19&kikanCd=3190000068&kikanKbn=3", "url2": null, "内容": "三枝歯科医院【3:歯科】山梨県甲府市青沼２－９－８" }, "geometry": { "type": "Point", "coordinates": [ 138.578557, 35.654376 ] } },
{ "type": "Feature", "properties": { "ID": 1933190000070, "正式名称": "今沢歯科医院", "機関区分": 3, "都道府県コード": 19, "市区町村コード": 201, "所在地": "山梨県甲府市青沼３－４－９", "緯度": 35.65232, "経度": 138.577085, "url": "https://www.iryou.teikyouseido.mhlw.go.jp/znk-web/juminkanja/S2430/initialize?prefCd=19&kikanCd=3190000070&kikanKbn=3", "url2": null, "内容": "今沢歯科医院【3:歯科】山梨県甲府市青沼３－４－９" }, "geometry": { "type": "Point", "coordinates": [ 138.577085, 35.65232 ] } },
{ "type": "Feature", "properties": { "ID": 1933190000072, "正式名称": "花形歯科医院", "機関区分": 3, "都道府県コード": 19, "市区町村コード": 201, "所在地": "山梨県甲府市千塚３－５－２２", "緯度": 35.683122, "経度": 138.545392, "url": "https://www.iryou.teikyouseido.mhlw.go.jp/znk-web/juminkanja/S2430/initialize?prefCd=19&kikanCd=3190000072&kikanKbn=3", "url2": null, "内容": "花形歯科医院【3:歯科】山梨県甲府市千塚３－５－２２" }, "geometry": { "type": "Point", "coordinates": [ 138.545392, 35.683122 ] } },
{ "type": "Feature", "properties": { "ID": 1933190000074, "正式名称": "須藤歯科医院", "機関区分": 3, "都道府県コード": 19, "市区町村コード": 201, "所在地": "山梨県甲府市千塚４－２－４５", "緯度": 35.681427, "経度": 138.53781, "url": "https://www.iryou.teikyouseido.mhlw.go.jp/znk-web/juminkanja/S2430/initialize?prefCd=19&kikanCd=3190000074&kikanKbn=3", "url2": null, "内容": "須藤歯科医院【3:歯科】山梨県甲府市千塚４－２－４５" }, "geometry": { "type": "Point", "coordinates": [ 138.53781, 35.681427 ] } },
{ "type": "Feature", "properties": { "ID": 1933190000075, "正式名称": "おちあい歯科医院", "機関区分": 3, "都道府県コード": 19, "市区町村コード": 201, "所在地": "山梨県甲府市千塚５－８－８", "緯度": 35.682344, "経度": 138.540225, "url": "https://www.iryou.teikyouseido.mhlw.go.jp/znk-web/juminkanja/S2430/initialize?prefCd=19&kikanCd=3190000075&kikanKbn=3", "url2": null, "内容": "おちあい歯科医院【3:歯科】山梨県甲府市千塚５－８－８" }, "geometry": { "type": "Point", "coordinates": [ 138.540225, 35.682344 ] } },
{ "type": "Feature", "properties": { "ID": 1933190000076, "正式名称": "ばば歯科医院", "機関区分": 3, "都道府県コード": 19, "市区町村コード": 201, "所在地": "山梨県甲府市川田町５３７－１", "緯度": 35.652099, "経度": 138.625665, "url": "https://www.iryou.teikyouseido.mhlw.go.jp/znk-web/juminkanja/S2430/initialize?prefCd=19&kikanCd=3190000076&kikanKbn=3", "url2": "http://www3.nns.ne.jp/pri/baba-do/", "内容": "ばば歯科医院【3:歯科】山梨県甲府市川田町５３７－１" }, "geometry": { "type": "Point", "coordinates": [ 138.625665, 35.652099 ] } },
{ "type": "Feature", "properties": { "ID": 1933190000077, "正式名称": "久保寺歯科医院", "機関区分": 3, "都道府県コード": 19, "市区町村コード": 201, "所在地": "山梨県甲府市善光寺１－１５－７", "緯度": 35.659431, "経度": 138.589778, "url": "https://www.iryou.teikyouseido.mhlw.go.jp/znk-web/juminkanja/S2430/initialize?prefCd=19&kikanCd=3190000077&kikanKbn=3", "url2": null, "内容": "久保寺歯科医院【3:歯科】山梨県甲府市善光寺１－１５－７" }, "geometry": { "type": "Point", "coordinates": [ 138.589778, 35.659431 ] } },
{ "type": "Feature", "properties": { "ID": 1933190000080, "正式名称": "望月歯科医院", "機関区分": 3, "都道府県コード": 19, "市区町村コード": 201, "所在地": "山梨県甲府市相生２－３－４", "緯度": 35.655792, "経度": 138.567002, "url": "https://www.iryou.teikyouseido.mhlw.go.jp/znk-web/juminkanja/S2430/initialize?prefCd=19&kikanCd=3190000080&kikanKbn=3", "url2": "http://www.mochizukishika.net/", "内容": "望月歯科医院【3:歯科】山梨県甲府市相生２－３－４" }, "geometry": { "type": "Point", "coordinates": [ 138.567002, 35.655792 ] } },
{ "type": "Feature", "properties": { "ID": 1933190000081, "正式名称": "丹沢歯科医院", "機関区分": 3, "都道府県コード": 19, "市区町村コード": 201, "所在地": "山梨県甲府市太田町２１－１６", "緯度": 35.649903, "経度": 138.570419, "url": "https://www.iryou.teikyouseido.mhlw.go.jp/znk-web/juminkanja/S2430/initialize?prefCd=19&kikanCd=3190000081&kikanKbn=3", "url2": "www.tanzawa-dentalclinic.com", "内容": "丹沢歯科医院【3:歯科】山梨県甲府市太田町２１－１６" }, "geometry": { "type": "Point", "coordinates": [ 138.570419, 35.649903 ] } },
{ "type": "Feature", "properties": { "ID": 1933190000082, "正式名称": "おがた歯科医院", "機関区分": 3, "都道府県コード": 19, "市区町村コード": 201, "所在地": "山梨県甲府市大手１－１－１", "緯度": 35.678817, "経度": 138.573751, "url": "https://www.iryou.teikyouseido.mhlw.go.jp/znk-web/juminkanja/S2430/initialize?prefCd=19&kikanCd=3190000082&kikanKbn=3", "url2": null, "内容": "おがた歯科医院【3:歯科】山梨県甲府市大手１－１－１" }, "geometry": { "type": "Point", "coordinates": [ 138.573751, 35.678817 ] } },
{ "type": "Feature", "properties": { "ID": 1933190000083, "正式名称": "山梨口腔保健センター", "機関区分": 3, "都道府県コード": 19, "市区町村コード": 201, "所在地": "山梨県甲府市屋形２－１－３３", "緯度": 35.684067, "経度": 138.57239, "url": "https://www.iryou.teikyouseido.mhlw.go.jp/znk-web/juminkanja/S2430/initialize?prefCd=19&kikanCd=3190000083&kikanKbn=3", "url2": "http://www.yda.jp", "内容": "山梨口腔保健センター【3:歯科】山梨県甲府市屋形２－１－３３" }, "geometry": { "type": "Point", "coordinates": [ 138.57239, 35.684067 ] } },
{ "type": "Feature", "properties": { "ID": 1933190000084, "正式名称": "中沢歯科医院", "機関区分": 3, "都道府県コード": 19, "市区町村コード": 201, "所在地": "山梨県甲府市大里町３７９３－１２", "緯度": 35.615713, "経度": 138.566254, "url": "https://www.iryou.teikyouseido.mhlw.go.jp/znk-web/juminkanja/S2430/initialize?prefCd=19&kikanCd=3190000084&kikanKbn=3", "url2": "http://www.nakazawashika.com", "内容": "中沢歯科医院【3:歯科】山梨県甲府市大里町３７９３－１２" }, "geometry": { "type": "Point", "coordinates": [ 138.566254, 35.615713 ] } },
{ "type": "Feature", "properties": { "ID": 1933190000085, "正式名称": "みちだ歯科クリニック", "機関区分": 3, "都道府県コード": 19, "市区町村コード": 201, "所在地": "山梨県甲府市大里町４０８９－２", "緯度": 35.622184, "経度": 138.562615, "url": "https://www.iryou.teikyouseido.mhlw.go.jp/znk-web/juminkanja/S2430/initialize?prefCd=19&kikanCd=3190000085&kikanKbn=3", "url2": null, "内容": "みちだ歯科クリニック【3:歯科】山梨県甲府市大里町４０８９－２" }, "geometry": { "type": "Point", "coordinates": [ 138.562615, 35.622184 ] } },
{ "type": "Feature", "properties": { "ID": 1933190000087, "正式名称": "くまざわ歯科医院", "機関区分": 3, "都道府県コード": 19, "市区町村コード": 201, "所在地": "山梨県甲府市大里町４２９７－１４", "緯度": 35.618269, "経度": 138.562837, "url": "https://www.iryou.teikyouseido.mhlw.go.jp/znk-web/juminkanja/S2430/initialize?prefCd=19&kikanCd=3190000087&kikanKbn=3", "url2": "http://www.kumazawa-shika.com/", "内容": "くまざわ歯科医院【3:歯科】山梨県甲府市大里町４２９７－１４" }, "geometry": { "type": "Point", "coordinates": [ 138.562837, 35.618269 ] } },
{ "type": "Feature", "properties": { "ID": 1933190000089, "正式名称": "雨宮歯科医院", "機関区分": 3, "都道府県コード": 19, "市区町村コード": 201, "所在地": "山梨県甲府市中央１－１－１７", "緯度": 35.66068, "経度": 138.570697, "url": "https://www.iryou.teikyouseido.mhlw.go.jp/znk-web/juminkanja/S2430/initialize?prefCd=19&kikanCd=3190000089&kikanKbn=3", "url2": null, "内容": "雨宮歯科医院【3:歯科】山梨県甲府市中央１－１－１７" }, "geometry": { "type": "Point", "coordinates": [ 138.570697, 35.66068 ] } },
{ "type": "Feature", "properties": { "ID": 1933190000090, "正式名称": "小川歯科医院", "機関区分": 3, "都道府県コード": 19, "市区町村コード": 201, "所在地": "山梨県甲府市中央１－１２－３３", "緯度": 35.659402, "経度": 138.568724, "url": "https://www.iryou.teikyouseido.mhlw.go.jp/znk-web/juminkanja/S2430/initialize?prefCd=19&kikanCd=3190000090&kikanKbn=3", "url2": null, "内容": "小川歯科医院【3:歯科】山梨県甲府市中央１－１２－３３" }, "geometry": { "type": "Point", "coordinates": [ 138.568724, 35.659402 ] } },
{ "type": "Feature", "properties": { "ID": 1933190000092, "正式名称": "中村歯科医院", "機関区分": 3, "都道府県コード": 19, "市区町村コード": 201, "所在地": "山梨県甲府市中央２－９－１６", "緯度": 35.662291, "経度": 138.57178, "url": "https://www.iryou.teikyouseido.mhlw.go.jp/znk-web/juminkanja/S2430/initialize?prefCd=19&kikanCd=3190000092&kikanKbn=3", "url2": null, "内容": "中村歯科医院【3:歯科】山梨県甲府市中央２－９－１６" }, "geometry": { "type": "Point", "coordinates": [ 138.57178, 35.662291 ] } },
{ "type": "Feature", "properties": { "ID": 1933190000094, "正式名称": "川口歯科医院", "機関区分": 3, "都道府県コード": 19, "市区町村コード": 201, "所在地": "山梨県甲府市中央４－８－１２", "緯度": 35.658069, "経度": 138.570752, "url": "https://www.iryou.teikyouseido.mhlw.go.jp/znk-web/juminkanja/S2430/initialize?prefCd=19&kikanCd=3190000094&kikanKbn=3", "url2": "http://kawaguchi-dc.crayonsite.com", "内容": "川口歯科医院【3:歯科】山梨県甲府市中央４－８－１２" }, "geometry": { "type": "Point", "coordinates": [ 138.570752, 35.658069 ] } },
{ "type": "Feature", "properties": { "ID": 1933190000096, "正式名称": "医療法人中央歯科医院", "機関区分": 3, "都道府県コード": 19, "市区町村コード": 201, "所在地": "山梨県甲府市中央５－５－３", "緯度": 35.658542, "経度": 138.576612, "url": "https://www.iryou.teikyouseido.mhlw.go.jp/znk-web/juminkanja/S2430/initialize?prefCd=19&kikanCd=3190000096&kikanKbn=3", "url2": "https://www.chuuou-dental.com", "内容": "医療法人中央歯科医院【3:歯科】山梨県甲府市中央５－５－３" }, "geometry": { "type": "Point", "coordinates": [ 138.576612, 35.658542 ] } },
{ "type": "Feature", "properties": { "ID": 1933190000097, "正式名称": "医療法人　篠原歯科医院", "機関区分": 3, "都道府県コード": 19, "市区町村コード": 201, "所在地": "山梨県甲府市中村町６－１０", "緯度": 35.667374, "経度": 138.534505, "url": "https://www.iryou.teikyouseido.mhlw.go.jp/znk-web/juminkanja/S2430/initialize?prefCd=19&kikanCd=3190000097&kikanKbn=3", "url2": null, "内容": "医療法人　篠原歯科医院【3:歯科】山梨県甲府市中村町６－１０" }, "geometry": { "type": "Point", "coordinates": [ 138.534505, 35.667374 ] } },
{ "type": "Feature", "properties": { "ID": 1933190000098, "正式名称": "フジモリ歯科医院", "機関区分": 3, "都道府県コード": 19, "市区町村コード": 201, "所在地": "山梨県甲府市朝気２－１－２１", "緯度": 35.655515, "経度": 138.585307, "url": "https://www.iryou.teikyouseido.mhlw.go.jp/znk-web/juminkanja/S2430/initialize?prefCd=19&kikanCd=3190000098&kikanKbn=3", "url2": "http://www.fujimori-dc.com/", "内容": "フジモリ歯科医院【3:歯科】山梨県甲府市朝気２－１－２１" }, "geometry": { "type": "Point", "coordinates": [ 138.585307, 35.655515 ] } },
{ "type": "Feature", "properties": { "ID": 1933190000099, "正式名称": "とざわ歯科医院", "機関区分": 3, "都道府県コード": 19, "市区町村コード": 201, "所在地": "山梨県甲府市朝日１－６－３", "緯度": 35.67029, "経度": 138.566197, "url": "https://www.iryou.teikyouseido.mhlw.go.jp/znk-web/juminkanja/S2430/initialize?prefCd=19&kikanCd=3190000099&kikanKbn=3", "url2": null, "内容": "とざわ歯科医院【3:歯科】山梨県甲府市朝日１－６－３" }, "geometry": { "type": "Point", "coordinates": [ 138.566197, 35.67029 ] } },
{ "type": "Feature", "properties": { "ID": 1933190000100, "正式名称": "渡辺歯科医院", "機関区分": 3, "都道府県コード": 19, "市区町村コード": 201, "所在地": "山梨県甲府市朝日１－７－１４　トミタビル２Ｆ", "緯度": 35.669846, "経度": 138.567363, "url": "https://www.iryou.teikyouseido.mhlw.go.jp/znk-web/juminkanja/S2430/initialize?prefCd=19&kikanCd=3190000100&kikanKbn=3", "url2": "http://www.watanabe-dental.com/", "内容": "渡辺歯科医院【3:歯科】山梨県甲府市朝日１－７－１４　トミタビル２Ｆ" }, "geometry": { "type": "Point", "coordinates": [ 138.567363, 35.669846 ] } },
{ "type": "Feature", "properties": { "ID": 1933190000101, "正式名称": "小沢歯科医院", "機関区分": 3, "都道府県コード": 19, "市区町村コード": 201, "所在地": "山梨県甲府市朝日２－１１－１１", "緯度": 35.669846, "経度": 138.563974, "url": "https://www.iryou.teikyouseido.mhlw.go.jp/znk-web/juminkanja/S2430/initialize?prefCd=19&kikanCd=3190000101&kikanKbn=3", "url2": null, "内容": "小沢歯科医院【3:歯科】山梨県甲府市朝日２－１１－１１" }, "geometry": { "type": "Point", "coordinates": [ 138.563974, 35.669846 ] } },
{ "type": "Feature", "properties": { "ID": 1933190000105, "正式名称": "川出歯科医院", "機関区分": 3, "都道府県コード": 19, "市区町村コード": 201, "所在地": "山梨県甲府市長松寺町３－３７　川出歯科医院", "緯度": 35.668151, "経度": 138.539976, "url": "https://www.iryou.teikyouseido.mhlw.go.jp/znk-web/juminkanja/S2430/initialize?prefCd=19&kikanCd=3190000105&kikanKbn=3", "url2": null, "内容": "川出歯科医院【3:歯科】山梨県甲府市長松寺町３－３７　川出歯科医院" }, "geometry": { "type": "Point", "coordinates": [ 138.539976, 35.668151 ] } },
{ "type": "Feature", "properties": { "ID": 1933190000106, "正式名称": "池田歯科医院", "機関区分": 3, "都道府県コード": 19, "市区町村コード": 201, "所在地": "山梨県甲府市長松寺町５５１　阪本ビル２Ｆ", "緯度": 35.668398, "経度": 138.542348, "url": "https://www.iryou.teikyouseido.mhlw.go.jp/znk-web/juminkanja/S2430/initialize?prefCd=19&kikanCd=3190000106&kikanKbn=3", "url2": null, "内容": "池田歯科医院【3:歯科】山梨県甲府市長松寺町５５１　阪本ビル２Ｆ" }, "geometry": { "type": "Point", "coordinates": [ 138.542348, 35.668398 ] } },
{ "type": "Feature", "properties": { "ID": 1933190000107, "正式名称": "すえき歯科医院", "機関区分": 3, "都道府県コード": 19, "市区町村コード": 201, "所在地": "山梨県甲府市長松寺町７－７", "緯度": 35.665763, "経度": 138.542837, "url": "https://www.iryou.teikyouseido.mhlw.go.jp/znk-web/juminkanja/S2430/initialize?prefCd=19&kikanCd=3190000107&kikanKbn=3", "url2": null, "内容": "すえき歯科医院【3:歯科】山梨県甲府市長松寺町７－７" }, "geometry": { "type": "Point", "coordinates": [ 138.542837, 35.665763 ] } },
{ "type": "Feature", "properties": { "ID": 1933190000108, "正式名称": "末木歯科医院", "機関区分": 3, "都道府県コード": 19, "市区町村コード": 201, "所在地": "山梨県甲府市湯村２－１－１６", "緯度": 35.678234, "経度": 138.547003, "url": "https://www.iryou.teikyouseido.mhlw.go.jp/znk-web/juminkanja/S2430/initialize?prefCd=19&kikanCd=3190000108&kikanKbn=3", "url2": null, "内容": "末木歯科医院【3:歯科】山梨県甲府市湯村２－１－１６" }, "geometry": { "type": "Point", "coordinates": [ 138.547003, 35.678234 ] } },
{ "type": "Feature", "properties": { "ID": 1933190000109, "正式名称": "湯村歯科医院", "機関区分": 3, "都道府県コード": 19, "市区町村コード": 201, "所在地": "山梨県甲府市大和町１－４８－１", "緯度": 35.678928, "経度": 138.553224, "url": "https://www.iryou.teikyouseido.mhlw.go.jp/znk-web/juminkanja/S2430/initialize?prefCd=19&kikanCd=3190000109&kikanKbn=3", "url2": "http://dental-yumura.com", "内容": "湯村歯科医院【3:歯科】山梨県甲府市大和町１－４８－１" }, "geometry": { "type": "Point", "coordinates": [ 138.553224, 35.678928 ] } },
{ "type": "Feature", "properties": { "ID": 1933190000110, "正式名称": "清水歯科医院", "機関区分": 3, "都道府県コード": 19, "市区町村コード": 201, "所在地": "山梨県甲府市湯田１－１０－１", "緯度": 35.649377, "経度": 138.57678, "url": "https://www.iryou.teikyouseido.mhlw.go.jp/znk-web/juminkanja/S2430/initialize?prefCd=19&kikanCd=3190000110&kikanKbn=3", "url2": null, "内容": "清水歯科医院【3:歯科】山梨県甲府市湯田１－１０－１" }, "geometry": { "type": "Point", "coordinates": [ 138.57678, 35.649377 ] } },
{ "type": "Feature", "properties": { "ID": 1933190000112, "正式名称": "矢崎歯科医院", "機関区分": 3, "都道府県コード": 19, "市区町村コード": 201, "所在地": "山梨県甲府市徳行１－６－２０", "緯度": 35.65493, "経度": 138.542421, "url": "https://www.iryou.teikyouseido.mhlw.go.jp/znk-web/juminkanja/S2430/initialize?prefCd=19&kikanCd=3190000112&kikanKbn=3", "url2": null, "内容": "矢崎歯科医院【3:歯科】山梨県甲府市徳行１－６－２０" }, "geometry": { "type": "Point", "coordinates": [ 138.542421, 35.65493 ] } },
{ "type": "Feature", "properties": { "ID": 1933190000113, "正式名称": "医療法人健昌会　コマキ歯科", "機関区分": 3, "都道府県コード": 19, "市区町村コード": 201, "所在地": "山梨県甲府市徳行４－６－６", "緯度": 35.650695, "経度": 138.539459, "url": "https://www.iryou.teikyouseido.mhlw.go.jp/znk-web/juminkanja/S2430/initialize?prefCd=19&kikanCd=3190000113&kikanKbn=3", "url2": "https://www.komaki.or.jp", "内容": "医療法人健昌会　コマキ歯科【3:歯科】山梨県甲府市徳行４－６－６" }, "geometry": { "type": "Point", "coordinates": [ 138.539459, 35.650695 ] } },
{ "type": "Feature", "properties": { "ID": 1933190000115, "正式名称": "河住歯科診療所", "機関区分": 3, "都道府県コード": 19, "市区町村コード": 201, "所在地": "山梨県甲府市下河原町２－４０－１", "緯度": 35.664374, "経度": 138.531783, "url": "https://www.iryou.teikyouseido.mhlw.go.jp/znk-web/juminkanja/S2430/initialize?prefCd=19&kikanCd=3190000115&kikanKbn=3", "url2": null, "内容": "河住歯科診療所【3:歯科】山梨県甲府市下河原町２－４０－１" }, "geometry": { "type": "Point", "coordinates": [ 138.531783, 35.664374 ] } },
{ "type": "Feature", "properties": { "ID": 1933190000116, "正式名称": "内田歯科医院", "機関区分": 3, "都道府県コード": 19, "市区町村コード": 201, "所在地": "山梨県甲府市美咲１－１５－６", "緯度": 35.675678, "経度": 138.563585, "url": "https://www.iryou.teikyouseido.mhlw.go.jp/znk-web/juminkanja/S2430/initialize?prefCd=19&kikanCd=3190000116&kikanKbn=3", "url2": "https://www.uchida-dentalclinic-kofu.com/", "内容": "内田歯科医院【3:歯科】山梨県甲府市美咲１－１５－６" }, "geometry": { "type": "Point", "coordinates": [ 138.563585, 35.675678 ] } },
{ "type": "Feature", "properties": { "ID": 1933190000117, "正式名称": "医療法人真心会富士見歯科医院", "機関区分": 3, "都道府県コード": 19, "市区町村コード": 201, "所在地": "山梨県甲府市富士見１－１８－４", "緯度": 35.676234, "経度": 138.549392, "url": "https://www.iryou.teikyouseido.mhlw.go.jp/znk-web/juminkanja/S2430/initialize?prefCd=19&kikanCd=3190000117&kikanKbn=3", "url2": null, "内容": "医療法人真心会富士見歯科医院【3:歯科】山梨県甲府市富士見１－１８－４" }, "geometry": { "type": "Point", "coordinates": [ 138.549392, 35.676234 ] } },
{ "type": "Feature", "properties": { "ID": 1933190000118, "正式名称": "歯科　若尾", "機関区分": 3, "都道府県コード": 19, "市区町村コード": 201, "所在地": "山梨県甲府市富竹１－２－２６", "緯度": 35.658541, "経度": 138.549254, "url": "https://www.iryou.teikyouseido.mhlw.go.jp/znk-web/juminkanja/S2430/initialize?prefCd=19&kikanCd=3190000118&kikanKbn=3", "url2": null, "内容": "歯科　若尾【3:歯科】山梨県甲府市富竹１－２－２６" }, "geometry": { "type": "Point", "coordinates": [ 138.549254, 35.658541 ] } },
{ "type": "Feature", "properties": { "ID": 1933190000119, "正式名称": "富竹歯科医院", "機関区分": 3, "都道府県コード": 19, "市区町村コード": 201, "所在地": "山梨県甲府市富竹４－１－４１", "緯度": 35.654791, "経度": 138.541422, "url": "https://www.iryou.teikyouseido.mhlw.go.jp/znk-web/juminkanja/S2430/initialize?prefCd=19&kikanCd=3190000119&kikanKbn=3", "url2": null, "内容": "富竹歯科医院【3:歯科】山梨県甲府市富竹４－１－４１" }, "geometry": { "type": "Point", "coordinates": [ 138.541422, 35.654791 ] } },
{ "type": "Feature", "properties": { "ID": 1933190000121, "正式名称": "内藤歯科医院", "機関区分": 3, "都道府県コード": 19, "市区町村コード": 201, "所在地": "山梨県甲府市武田２－７－１４", "緯度": 35.671457, "経度": 138.571779, "url": "https://www.iryou.teikyouseido.mhlw.go.jp/znk-web/juminkanja/S2430/initialize?prefCd=19&kikanCd=3190000121&kikanKbn=3", "url2": null, "内容": "内藤歯科医院【3:歯科】山梨県甲府市武田２－７－１４" }, "geometry": { "type": "Point", "coordinates": [ 138.571779, 35.671457 ] } },
{ "type": "Feature", "properties": { "ID": 1933190000125, "正式名称": "秋山歯科医院", "機関区分": 3, "都道府県コード": 19, "市区町村コード": 201, "所在地": "山梨県甲府市北口２－３－８", "緯度": 35.667429, "経度": 138.571446, "url": "https://www.iryou.teikyouseido.mhlw.go.jp/znk-web/juminkanja/S2430/initialize?prefCd=19&kikanCd=3190000125&kikanKbn=3", "url2": "https://www.akiyamashika.com/", "内容": "秋山歯科医院【3:歯科】山梨県甲府市北口２－３－８" }, "geometry": { "type": "Point", "coordinates": [ 138.571446, 35.667429 ] } },
{ "type": "Feature", "properties": { "ID": 1933190000126, "正式名称": "七沢歯科医院", "機関区分": 3, "都道府県コード": 19, "市区町村コード": 201, "所在地": "山梨県甲府市里吉４－８－３５", "緯度": 35.648238, "経度": 138.590696, "url": "https://www.iryou.teikyouseido.mhlw.go.jp/znk-web/juminkanja/S2430/initialize?prefCd=19&kikanCd=3190000126&kikanKbn=3", "url2": "http://nanasawadental.com", "内容": "七沢歯科医院【3:歯科】山梨県甲府市里吉４－８－３５" }, "geometry": { "type": "Point", "coordinates": [ 138.590696, 35.648238 ] } },
{ "type": "Feature", "properties": { "ID": 1933190000128, "正式名称": "小田切歯科医院", "機関区分": 3, "都道府県コード": 19, "市区町村コード": 201, "所在地": "山梨県甲府市和戸町２４７", "緯度": 35.652599, "経度": 138.621359, "url": "https://www.iryou.teikyouseido.mhlw.go.jp/znk-web/juminkanja/S2430/initialize?prefCd=19&kikanCd=3190000128&kikanKbn=3", "url2": null, "内容": "小田切歯科医院【3:歯科】山梨県甲府市和戸町２４７" }, "geometry": { "type": "Point", "coordinates": [ 138.621359, 35.652599 ] } },
{ "type": "Feature", "properties": { "ID": 1933190000129, "正式名称": "あいざわ歯科クリニック", "機関区分": 3, "都道府県コード": 19, "市区町村コード": 201, "所在地": "山梨県甲府市小瀬町５５０－４", "緯度": 35.625851, "経度": 138.58378, "url": "https://www.iryou.teikyouseido.mhlw.go.jp/znk-web/juminkanja/S2430/initialize?prefCd=19&kikanCd=3190000129&kikanKbn=3", "url2": "http://www.aizawa-dc.jp/", "内容": "あいざわ歯科クリニック【3:歯科】山梨県甲府市小瀬町５５０－４" }, "geometry": { "type": "Point", "coordinates": [ 138.58378, 35.625851 ] } },
{ "type": "Feature", "properties": { "ID": 1933190000130, "正式名称": "ヤナセ歯科医院", "機関区分": 3, "都道府県コード": 19, "市区町村コード": 210, "所在地": "山梨県甲斐市玉川４４３", "緯度": 35.636266, "経度": 138.525257, "url": "https://www.iryou.teikyouseido.mhlw.go.jp/znk-web/juminkanja/S2430/initialize?prefCd=19&kikanCd=3190000130&kikanKbn=3", "url2": null, "内容": "ヤナセ歯科医院【3:歯科】山梨県甲斐市玉川４４３" }, "geometry": { "type": "Point", "coordinates": [ 138.525257, 35.636266 ] } },
{ "type": "Feature", "properties": { "ID": 1933190000131, "正式名称": "医療法人スカンジナビア会　クリニックささもと歯科", "機関区分": 3, "都道府県コード": 19, "市区町村コード": 210, "所在地": "山梨県甲斐市篠原２２－１", "緯度": 35.653208, "経度": 138.518174, "url": "https://www.iryou.teikyouseido.mhlw.go.jp/znk-web/juminkanja/S2430/initialize?prefCd=19&kikanCd=3190000131&kikanKbn=3", "url2": "http://clinic-sasamoto.com/", "内容": "医療法人スカンジナビア会　クリニックささもと歯科【3:歯科】山梨県甲斐市篠原２２－１" }, "geometry": { "type": "Point", "coordinates": [ 138.518174, 35.653208 ] } },
{ "type": "Feature", "properties": { "ID": 1933190000132, "正式名称": "畑歯科医院", "機関区分": 3, "都道府県コード": 19, "市区町村コード": 210, "所在地": "山梨県甲斐市篠原２５３１", "緯度": 35.659735, "経度": 138.516367, "url": "https://www.iryou.teikyouseido.mhlw.go.jp/znk-web/juminkanja/S2430/initialize?prefCd=19&kikanCd=3190000132&kikanKbn=3", "url2": "hatadc.jp", "内容": "畑歯科医院【3:歯科】山梨県甲斐市篠原２５３１" }, "geometry": { "type": "Point", "coordinates": [ 138.516367, 35.659735 ] } },
{ "type": "Feature", "properties": { "ID": 1933190000134, "正式名称": "やじま歯科医院", "機関区分": 3, "都道府県コード": 19, "市区町村コード": 210, "所在地": "山梨県甲斐市西八幡２２９６－１", "緯度": 35.641122, "経度": 138.519418, "url": "https://www.iryou.teikyouseido.mhlw.go.jp/znk-web/juminkanja/S2430/initialize?prefCd=19&kikanCd=3190000134&kikanKbn=3", "url2": "http://www.yajima-dc.net/", "内容": "やじま歯科医院【3:歯科】山梨県甲斐市西八幡２２９６－１" }, "geometry": { "type": "Point", "coordinates": [ 138.519418, 35.641122 ] } },
{ "type": "Feature", "properties": { "ID": 1933190000135, "正式名称": "医療法人　なかざわ歯科医院", "機関区分": 3, "都道府県コード": 19, "市区町村コード": 210, "所在地": "山梨県甲斐市西八幡３５８８　グランレーヴ竜王", "緯度": 35.64107, "経度": 138.51634, "url": "https://www.iryou.teikyouseido.mhlw.go.jp/znk-web/juminkanja/S2430/initialize?prefCd=19&kikanCd=3190000135&kikanKbn=3", "url2": null, "内容": "医療法人　なかざわ歯科医院【3:歯科】山梨県甲斐市西八幡３５８８　グランレーヴ竜王" }, "geometry": { "type": "Point", "coordinates": [ 138.51634, 35.64107 ] } },
{ "type": "Feature", "properties": { "ID": 1933190000138, "正式名称": "ヒカワ歯科医院", "機関区分": 3, "都道府県コード": 19, "市区町村コード": 210, "所在地": "山梨県甲斐市富竹新田２０６５", "緯度": 35.659208, "経度": 138.525812, "url": "https://www.iryou.teikyouseido.mhlw.go.jp/znk-web/juminkanja/S2430/initialize?prefCd=19&kikanCd=3190000138&kikanKbn=3", "url2": null, "内容": "ヒカワ歯科医院【3:歯科】山梨県甲斐市富竹新田２０６５" }, "geometry": { "type": "Point", "coordinates": [ 138.525812, 35.659208 ] } },
{ "type": "Feature", "properties": { "ID": 1933190000139, "正式名称": "保坂歯科医院", "機関区分": 3, "都道府県コード": 19, "市区町村コード": 210, "所在地": "山梨県甲斐市富竹新田４０６", "緯度": 35.661513, "経度": 138.526561, "url": "https://www.iryou.teikyouseido.mhlw.go.jp/znk-web/juminkanja/S2430/initialize?prefCd=19&kikanCd=3190000139&kikanKbn=3", "url2": null, "内容": "保坂歯科医院【3:歯科】山梨県甲斐市富竹新田４０６" }, "geometry": { "type": "Point", "coordinates": [ 138.526561, 35.661513 ] } },
{ "type": "Feature", "properties": { "ID": 1933190000140, "正式名称": "もりや歯科クリニック", "機関区分": 3, "都道府県コード": 19, "市区町村コード": 210, "所在地": "山梨県甲斐市竜王１６２４", "緯度": 35.664513, "経度": 138.509424, "url": "https://www.iryou.teikyouseido.mhlw.go.jp/znk-web/juminkanja/S2430/initialize?prefCd=19&kikanCd=3190000140&kikanKbn=3", "url2": null, "内容": "もりや歯科クリニック【3:歯科】山梨県甲斐市竜王１６２４" }, "geometry": { "type": "Point", "coordinates": [ 138.509424, 35.664513 ] } },
{ "type": "Feature", "properties": { "ID": 1933190000142, "正式名称": "松浦歯科", "機関区分": 3, "都道府県コード": 19, "市区町村コード": 210, "所在地": "山梨県甲斐市竜王新町３５３", "緯度": 35.66654, "経度": 138.519423, "url": "https://www.iryou.teikyouseido.mhlw.go.jp/znk-web/juminkanja/S2430/initialize?prefCd=19&kikanCd=3190000142&kikanKbn=3", "url2": null, "内容": "松浦歯科【3:歯科】山梨県甲斐市竜王新町３５３" }, "geometry": { "type": "Point", "coordinates": [ 138.519423, 35.66654 ] } },
{ "type": "Feature", "properties": { "ID": 1933190000143, "正式名称": "中込歯科医院", "機関区分": 3, "都道府県コード": 19, "市区町村コード": 210, "所在地": "山梨県甲斐市大下条１４３－１７", "緯度": 35.673734, "経度": 138.529616, "url": "https://www.iryou.teikyouseido.mhlw.go.jp/znk-web/juminkanja/S2430/initialize?prefCd=19&kikanCd=3190000143&kikanKbn=3", "url2": "https://nakagomi-dental-clinic.com", "内容": "中込歯科医院【3:歯科】山梨県甲斐市大下条１４３－１７" }, "geometry": { "type": "Point", "coordinates": [ 138.529616, 35.673734 ] } },
{ "type": "Feature", "properties": { "ID": 1933190000144, "正式名称": "有馬歯科医院", "機関区分": 3, "都道府県コード": 19, "市区町村コード": 210, "所在地": "山梨県甲斐市中下条１２６７", "緯度": 35.683316, "経度": 138.526976, "url": "https://www.iryou.teikyouseido.mhlw.go.jp/znk-web/juminkanja/S2430/initialize?prefCd=19&kikanCd=3190000144&kikanKbn=3", "url2": null, "内容": "有馬歯科医院【3:歯科】山梨県甲斐市中下条１２６７" }, "geometry": { "type": "Point", "coordinates": [ 138.526976, 35.683316 ] } },
{ "type": "Feature", "properties": { "ID": 1933190000145, "正式名称": "石川歯科医院", "機関区分": 3, "都道府県コード": 19, "市区町村コード": 210, "所在地": "山梨県甲斐市中下条１６１７", "緯度": 35.682816, "経度": 138.530782, "url": "https://www.iryou.teikyouseido.mhlw.go.jp/znk-web/juminkanja/S2430/initialize?prefCd=19&kikanCd=3190000145&kikanKbn=3", "url2": null, "内容": "石川歯科医院【3:歯科】山梨県甲斐市中下条１６１７" }, "geometry": { "type": "Point", "coordinates": [ 138.530782, 35.682816 ] } },
{ "type": "Feature", "properties": { "ID": 1933190000146, "正式名称": "Ｍデンタルクリニック　松野歯科", "機関区分": 3, "都道府県コード": 19, "市区町村コード": 210, "所在地": "山梨県甲斐市中下条２４９－１", "緯度": 35.677844, "経度": 138.520616, "url": "https://www.iryou.teikyouseido.mhlw.go.jp/znk-web/juminkanja/S2430/initialize?prefCd=19&kikanCd=3190000146&kikanKbn=3", "url2": "http://www.m-mtm.jp/", "内容": "Ｍデンタルクリニック　松野歯科【3:歯科】山梨県甲斐市中下条２４９－１" }, "geometry": { "type": "Point", "coordinates": [ 138.520616, 35.677844 ] } },
{ "type": "Feature", "properties": { "ID": 1933190000147, "正式名称": "シキシマ歯科", "機関区分": 3, "都道府県コード": 19, "市区町村コード": 210, "所在地": "山梨県甲斐市中下条７３９－１", "緯度": 35.681566, "経度": 138.522811, "url": "https://www.iryou.teikyouseido.mhlw.go.jp/znk-web/juminkanja/S2430/initialize?prefCd=19&kikanCd=3190000147&kikanKbn=3", "url2": "http://www.sikisima-sika.dr-clinic.jp", "内容": "シキシマ歯科【3:歯科】山梨県甲斐市中下条７３９－１" }, "geometry": { "type": "Point", "coordinates": [ 138.522811, 35.681566 ] } },
{ "type": "Feature", "properties": { "ID": 1933190000149, "正式名称": "新藤歯科医院", "機関区分": 3, "都道府県コード": 19, "市区町村コード": 210, "所在地": "山梨県甲斐市島上条４９０－５", "緯度": 35.684872, "経度": 138.522755, "url": "https://www.iryou.teikyouseido.mhlw.go.jp/znk-web/juminkanja/S2430/initialize?prefCd=19&kikanCd=3190000149&kikanKbn=3", "url2": null, "内容": "新藤歯科医院【3:歯科】山梨県甲斐市島上条４９０－５" }, "geometry": { "type": "Point", "coordinates": [ 138.522755, 35.684872 ] } },
{ "type": "Feature", "properties": { "ID": 1933190000150, "正式名称": "大房デンタルクリニック", "機関区分": 3, "都道府県コード": 19, "市区町村コード": 210, "所在地": "山梨県甲斐市島上条７１４－１　ニーバスビル２階", "緯度": 35.685066, "経度": 138.519588, "url": "https://www.iryou.teikyouseido.mhlw.go.jp/znk-web/juminkanja/S2430/initialize?prefCd=19&kikanCd=3190000150&kikanKbn=3", "url2": null, "内容": "大房デンタルクリニック【3:歯科】山梨県甲斐市島上条７１４－１　ニーバスビル２階" }, "geometry": { "type": "Point", "coordinates": [ 138.519588, 35.685066 ] } },
{ "type": "Feature", "properties": { "ID": 1933190000151, "正式名称": "ふかさわ歯科医院", "機関区分": 3, "都道府県コード": 19, "市区町村コード": 214, "所在地": "山梨県中央市井之口１０９２－３", "緯度": 35.61513, "経度": 138.544034, "url": "https://www.iryou.teikyouseido.mhlw.go.jp/znk-web/juminkanja/S2430/initialize?prefCd=19&kikanCd=3190000151&kikanKbn=3", "url2": null, "内容": "ふかさわ歯科医院【3:歯科】山梨県中央市井之口１０９２－３" }, "geometry": { "type": "Point", "coordinates": [ 138.544034, 35.61513 ] } },
{ "type": "Feature", "properties": { "ID": 1933190000155, "正式名称": "せた歯科医院", "機関区分": 3, "都道府県コード": 19, "市区町村コード": 214, "所在地": "山梨県中央市成島２５０２－３", "緯度": 35.596854, "経度": 138.544979, "url": "https://www.iryou.teikyouseido.mhlw.go.jp/znk-web/juminkanja/S2430/initialize?prefCd=19&kikanCd=3190000155&kikanKbn=3", "url2": null, "内容": "せた歯科医院【3:歯科】山梨県中央市成島２５０２－３" }, "geometry": { "type": "Point", "coordinates": [ 138.544979, 35.596854 ] } },
{ "type": "Feature", "properties": { "ID": 1933190000156, "正式名称": "いまむら歯科クリニック", "機関区分": 3, "都道府県コード": 19, "市区町村コード": 384, "所在地": "山梨県中巨摩郡昭和町押越１０７０－１", "緯度": 35.630905, "経度": 138.533145, "url": "https://www.iryou.teikyouseido.mhlw.go.jp/znk-web/juminkanja/S2430/initialize?prefCd=19&kikanCd=3190000156&kikanKbn=3", "url2": null, "内容": "いまむら歯科クリニック【3:歯科】山梨県中巨摩郡昭和町押越１０７０－１" }, "geometry": { "type": "Point", "coordinates": [ 138.533145, 35.630905 ] } },
{ "type": "Feature", "properties": { "ID": 1933190000157, "正式名称": "カホリ歯科", "機関区分": 3, "都道府県コード": 19, "市区町村コード": 384, "所在地": "山梨県中巨摩郡昭和町河西１４８３", "緯度": 35.615851, "経度": 138.519758, "url": "https://www.iryou.teikyouseido.mhlw.go.jp/znk-web/juminkanja/S2430/initialize?prefCd=19&kikanCd=3190000157&kikanKbn=3", "url2": null, "内容": "カホリ歯科【3:歯科】山梨県中巨摩郡昭和町河西１４８３" }, "geometry": { "type": "Point", "coordinates": [ 138.519758, 35.615851 ] } },
{ "type": "Feature", "properties": { "ID": 1933190000159, "正式名称": "うちだ歯科クリニック", "機関区分": 3, "都道府県コード": 19, "市区町村コード": 384, "所在地": "山梨県中巨摩郡昭和町河東中島１３１７－２", "緯度": 35.623184, "経度": 138.532396, "url": "https://www.iryou.teikyouseido.mhlw.go.jp/znk-web/juminkanja/S2430/initialize?prefCd=19&kikanCd=3190000159&kikanKbn=3", "url2": null, "内容": "うちだ歯科クリニック【3:歯科】山梨県中巨摩郡昭和町河東中島１３１７－２" }, "geometry": { "type": "Point", "coordinates": [ 138.532396, 35.623184 ] } },
{ "type": "Feature", "properties": { "ID": 1933190000160, "正式名称": "福田歯科", "機関区分": 3, "都道府県コード": 19, "市区町村コード": 384, "所在地": "山梨県中巨摩郡昭和町清水新居１６７４－２", "緯度": 35.648903, "経度": 138.543144, "url": "https://www.iryou.teikyouseido.mhlw.go.jp/znk-web/juminkanja/S2430/initialize?prefCd=19&kikanCd=3190000160&kikanKbn=3", "url2": null, "内容": "福田歯科【3:歯科】山梨県中巨摩郡昭和町清水新居１６７４－２" }, "geometry": { "type": "Point", "coordinates": [ 138.543144, 35.648903 ] } },
{ "type": "Feature", "properties": { "ID": 1933190000161, "正式名称": "フカサワ歯科", "機関区分": 3, "都道府県コード": 19, "市区町村コード": 384, "所在地": "山梨県中巨摩郡昭和町西条１０３３", "緯度": 35.635627, "経度": 138.541977, "url": "https://www.iryou.teikyouseido.mhlw.go.jp/znk-web/juminkanja/S2430/initialize?prefCd=19&kikanCd=3190000161&kikanKbn=3", "url2": null, "内容": "フカサワ歯科【3:歯科】山梨県中巨摩郡昭和町西条１０３３" }, "geometry": { "type": "Point", "coordinates": [ 138.541977, 35.635627 ] } },
{ "type": "Feature", "properties": { "ID": 1933190000162, "正式名称": "たか歯科", "機関区分": 3, "都道府県コード": 19, "市区町村コード": 384, "所在地": "山梨県中巨摩郡昭和町西条１５２３－１", "緯度": 35.632878, "経度": 138.536506, "url": "https://www.iryou.teikyouseido.mhlw.go.jp/znk-web/juminkanja/S2430/initialize?prefCd=19&kikanCd=3190000162&kikanKbn=3", "url2": "https://www.taka-dentaloffice.com/", "内容": "たか歯科【3:歯科】山梨県中巨摩郡昭和町西条１５２３－１" }, "geometry": { "type": "Point", "coordinates": [ 138.536506, 35.632878 ] } },
{ "type": "Feature", "properties": { "ID": 1933190000165, "正式名称": "医療法人スマイル歯科クリニック", "機関区分": 3, "都道府県コード": 19, "市区町村コード": 384, "所在地": "山梨県中巨摩郡昭和町西条５１０９　吉平恒産ビル２階", "緯度": 35.63871, "経度": 138.546005, "url": "https://www.iryou.teikyouseido.mhlw.go.jp/znk-web/juminkanja/S2430/initialize?prefCd=19&kikanCd=3190000165&kikanKbn=3", "url2": null, "内容": "医療法人スマイル歯科クリニック【3:歯科】山梨県中巨摩郡昭和町西条５１０９　吉平恒産ビル２階" }, "geometry": { "type": "Point", "coordinates": [ 138.546005, 35.63871 ] } },
{ "type": "Feature", "properties": { "ID": 1933190000168, "正式名称": "今村歯科・矯正歯科クリニック", "機関区分": 3, "都道府県コード": 19, "市区町村コード": 214, "所在地": "山梨県中央市山之神１１４４－２３", "緯度": 35.61649, "経度": 138.512454, "url": "https://www.iryou.teikyouseido.mhlw.go.jp/znk-web/juminkanja/S2430/initialize?prefCd=19&kikanCd=3190000168&kikanKbn=3", "url2": null, "内容": "今村歯科・矯正歯科クリニック【3:歯科】山梨県中央市山之神１１４４－２３" }, "geometry": { "type": "Point", "coordinates": [ 138.512454, 35.61649 ] } },
{ "type": "Feature", "properties": { "ID": 1933190000169, "正式名称": "一瀬歯科医院", "機関区分": 3, "都道府県コード": 19, "市区町村コード": 214, "所在地": "山梨県中央市山之神４－８７", "緯度": 35.620461, "経度": 138.511287, "url": "https://www.iryou.teikyouseido.mhlw.go.jp/znk-web/juminkanja/S2430/initialize?prefCd=19&kikanCd=3190000169&kikanKbn=3", "url2": null, "内容": "一瀬歯科医院【3:歯科】山梨県中央市山之神４－８７" }, "geometry": { "type": "Point", "coordinates": [ 138.511287, 35.620461 ] } },
{ "type": "Feature", "properties": { "ID": 1933190000171, "正式名称": "長谷川歯科医院", "機関区分": 3, "都道府県コード": 19, "市区町村コード": 214, "所在地": "山梨県中央市東花輪８－１", "緯度": 35.593964, "経度": 138.523509, "url": "https://www.iryou.teikyouseido.mhlw.go.jp/znk-web/juminkanja/S2430/initialize?prefCd=19&kikanCd=3190000171&kikanKbn=3", "url2": null, "内容": "長谷川歯科医院【3:歯科】山梨県中央市東花輪８－１" }, "geometry": { "type": "Point", "coordinates": [ 138.523509, 35.593964 ] } },
{ "type": "Feature", "properties": { "ID": 1933190000173, "正式名称": "三井歯科医院", "機関区分": 3, "都道府県コード": 19, "市区町村コード": 214, "所在地": "山梨県中央市布施２１０１－２", "緯度": 35.607491, "経度": 138.523091, "url": "https://www.iryou.teikyouseido.mhlw.go.jp/znk-web/juminkanja/S2430/initialize?prefCd=19&kikanCd=3190000173&kikanKbn=3", "url2": null, "内容": "三井歯科医院【3:歯科】山梨県中央市布施２１０１－２" }, "geometry": { "type": "Point", "coordinates": [ 138.523091, 35.607491 ] } },
{ "type": "Feature", "properties": { "ID": 1933190000174, "正式名称": "ナカムラ歯科医院", "機関区分": 3, "都道府県コード": 19, "市区町村コード": 213, "所在地": "山梨県甲州市塩山下於曽１５６２－２", "緯度": 35.699013, "経度": 138.724043, "url": "https://www.iryou.teikyouseido.mhlw.go.jp/znk-web/juminkanja/S2430/initialize?prefCd=19&kikanCd=3190000174&kikanKbn=3", "url2": null, "内容": "ナカムラ歯科医院【3:歯科】山梨県甲州市塩山下於曽１５６２－２" }, "geometry": { "type": "Point", "coordinates": [ 138.724043, 35.699013 ] } },
{ "type": "Feature", "properties": { "ID": 1933190000176, "正式名称": "三塚歯科医院", "機関区分": 3, "都道府県コード": 19, "市区町村コード": 213, "所在地": "山梨県甲州市塩山上於曽１１２４", "緯度": 35.706067, "経度": 138.730264, "url": "https://www.iryou.teikyouseido.mhlw.go.jp/znk-web/juminkanja/S2430/initialize?prefCd=19&kikanCd=3190000176&kikanKbn=3", "url2": null, "内容": "三塚歯科医院【3:歯科】山梨県甲州市塩山上於曽１１２４" }, "geometry": { "type": "Point", "coordinates": [ 138.730264, 35.706067 ] } },
{ "type": "Feature", "properties": { "ID": 1933190000177, "正式名称": "早乙女歯科医院", "機関区分": 3, "都道府県コード": 19, "市区町村コード": 213, "所在地": "山梨県甲州市塩山上於曽１２６７", "緯度": 35.707345, "経度": 138.730403, "url": "https://www.iryou.teikyouseido.mhlw.go.jp/znk-web/juminkanja/S2430/initialize?prefCd=19&kikanCd=3190000177&kikanKbn=3", "url2": null, "内容": "早乙女歯科医院【3:歯科】山梨県甲州市塩山上於曽１２６７" }, "geometry": { "type": "Point", "coordinates": [ 138.730403, 35.707345 ] } },
{ "type": "Feature", "properties": { "ID": 1933190000180, "正式名称": "内田歯科医院", "機関区分": 3, "都道府県コード": 19, "市区町村コード": 213, "所在地": "山梨県甲州市塩山上於曽１７７４", "緯度": 35.704623, "経度": 138.731319, "url": "https://www.iryou.teikyouseido.mhlw.go.jp/znk-web/juminkanja/S2430/initialize?prefCd=19&kikanCd=3190000180&kikanKbn=3", "url2": null, "内容": "内田歯科医院【3:歯科】山梨県甲州市塩山上於曽１７７４" }, "geometry": { "type": "Point", "coordinates": [ 138.731319, 35.704623 ] } },
{ "type": "Feature", "properties": { "ID": 1933190000181, "正式名称": "村田歯科医院", "機関区分": 3, "都道府県コード": 19, "市区町村コード": 213, "所在地": "山梨県甲州市塩山上於曽１８７１－７", "緯度": 35.704623, "経度": 138.734903, "url": "https://www.iryou.teikyouseido.mhlw.go.jp/znk-web/juminkanja/S2430/initialize?prefCd=19&kikanCd=3190000181&kikanKbn=3", "url2": null, "内容": "村田歯科医院【3:歯科】山梨県甲州市塩山上於曽１８７１－７" }, "geometry": { "type": "Point", "coordinates": [ 138.734903, 35.704623 ] } },
{ "type": "Feature", "properties": { "ID": 1933190000182, "正式名称": "高木歯科医院", "機関区分": 3, "都道府県コード": 19, "市区町村コード": 213, "所在地": "山梨県甲州市塩山上於曽３８８", "緯度": 35.704345, "経度": 138.726348, "url": "https://www.iryou.teikyouseido.mhlw.go.jp/znk-web/juminkanja/S2430/initialize?prefCd=19&kikanCd=3190000182&kikanKbn=3", "url2": null, "内容": "高木歯科医院【3:歯科】山梨県甲州市塩山上於曽３８８" }, "geometry": { "type": "Point", "coordinates": [ 138.726348, 35.704345 ] } },
{ "type": "Feature", "properties": { "ID": 1933190000183, "正式名称": "宿澤歯科医院", "機関区分": 3, "都道府県コード": 19, "市区町村コード": 213, "所在地": "山梨県甲州市塩山上於曽９１５－３", "緯度": 35.701485, "経度": 138.725932, "url": "https://www.iryou.teikyouseido.mhlw.go.jp/znk-web/juminkanja/S2430/initialize?prefCd=19&kikanCd=3190000183&kikanKbn=3", "url2": null, "内容": "宿澤歯科医院【3:歯科】山梨県甲州市塩山上於曽９１５－３" }, "geometry": { "type": "Point", "coordinates": [ 138.725932, 35.701485 ] } },
{ "type": "Feature", "properties": { "ID": 1933190000184, "正式名称": "矢崎歯科医院", "機関区分": 3, "都道府県コード": 19, "市区町村コード": 205, "所在地": "山梨県山梨市一町田中８", "緯度": 35.66196, "経度": 138.684242, "url": "https://www.iryou.teikyouseido.mhlw.go.jp/znk-web/juminkanja/S2430/initialize?prefCd=19&kikanCd=3190000184&kikanKbn=3", "url2": "http://yazaki-dental.com/", "内容": "矢崎歯科医院【3:歯科】山梨県山梨市一町田中８" }, "geometry": { "type": "Point", "coordinates": [ 138.684242, 35.66196 ] } },
{ "type": "Feature", "properties": { "ID": 1933190000189, "正式名称": "藤原歯科医院", "機関区分": 3, "都道府県コード": 19, "市区町村コード": 205, "所在地": "山梨県山梨市小原西８１８－３", "緯度": 35.695513, "経度": 138.689657, "url": "https://www.iryou.teikyouseido.mhlw.go.jp/znk-web/juminkanja/S2430/initialize?prefCd=19&kikanCd=3190000189&kikanKbn=3", "url2": "http://www.fujiharashikaiin.jp", "内容": "藤原歯科医院【3:歯科】山梨県山梨市小原西８１８－３" }, "geometry": { "type": "Point", "coordinates": [ 138.689657, 35.695513 ] } },
{ "type": "Feature", "properties": { "ID": 1933190000190, "正式名称": "医療法人　輝　はやかわ歯科医院", "機関区分": 3, "都道府県コード": 19, "市区町村コード": 205, "所在地": "山梨県山梨市三ケ所７８７－３", "緯度": 35.693901, "経度": 138.703045, "url": "https://www.iryou.teikyouseido.mhlw.go.jp/znk-web/juminkanja/S2430/initialize?prefCd=19&kikanCd=3190000190&kikanKbn=3", "url2": null, "内容": "医療法人　輝　はやかわ歯科医院【3:歯科】山梨県山梨市三ケ所７８７－３" }, "geometry": { "type": "Point", "coordinates": [ 138.703045, 35.693901 ] } },
{ "type": "Feature", "properties": { "ID": 1933190000191, "正式名称": "若杉歯科クリニック", "機関区分": 3, "都道府県コード": 19, "市区町村コード": 205, "所在地": "山梨県山梨市上神内川１２４３－２", "緯度": 35.686263, "経度": 138.683074, "url": "https://www.iryou.teikyouseido.mhlw.go.jp/znk-web/juminkanja/S2430/initialize?prefCd=19&kikanCd=3190000191&kikanKbn=3", "url2": null, "内容": "若杉歯科クリニック【3:歯科】山梨県山梨市上神内川１２４３－２" }, "geometry": { "type": "Point", "coordinates": [ 138.683074, 35.686263 ] } },
{ "type": "Feature", "properties": { "ID": 1933190000192, "正式名称": "土屋歯科医院", "機関区分": 3, "都道府県コード": 19, "市区町村コード": 205, "所在地": "山梨県山梨市上神内川１４５", "緯度": 35.683819, "経度": 138.685547, "url": "https://www.iryou.teikyouseido.mhlw.go.jp/znk-web/juminkanja/S2430/initialize?prefCd=19&kikanCd=3190000192&kikanKbn=3", "url2": null, "内容": "土屋歯科医院【3:歯科】山梨県山梨市上神内川１４５" }, "geometry": { "type": "Point", "coordinates": [ 138.685547, 35.683819 ] } },
{ "type": "Feature", "properties": { "ID": 1933190000193, "正式名称": "岡歯科医院", "機関区分": 3, "都道府県コード": 19, "市区町村コード": 205, "所在地": "山梨県山梨市上神内川９９８－１１", "緯度": 35.686679, "経度": 138.68588, "url": "https://www.iryou.teikyouseido.mhlw.go.jp/znk-web/juminkanja/S2430/initialize?prefCd=19&kikanCd=3190000193&kikanKbn=3", "url2": null, "内容": "岡歯科医院【3:歯科】山梨県山梨市上神内川９９８－１１" }, "geometry": { "type": "Point", "coordinates": [ 138.68588, 35.686679 ] } },
{ "type": "Feature", "properties": { "ID": 1933190000194, "正式名称": "三神歯科医院", "機関区分": 3, "都道府県コード": 19, "市区町村コード": 205, "所在地": "山梨県山梨市上之割１８４－１", "緯度": 35.694651, "経度": 138.703072, "url": "https://www.iryou.teikyouseido.mhlw.go.jp/znk-web/juminkanja/S2430/initialize?prefCd=19&kikanCd=3190000194&kikanKbn=3", "url2": null, "内容": "三神歯科医院【3:歯科】山梨県山梨市上之割１８４－１" }, "geometry": { "type": "Point", "coordinates": [ 138.703072, 35.694651 ] } },
{ "type": "Feature", "properties": { "ID": 1933190000195, "正式名称": "反田歯科医院", "機関区分": 3, "都道府県コード": 19, "市区町村コード": 205, "所在地": "山梨県山梨市東後屋敷５２４－２", "緯度": 35.69279, "経度": 138.712211, "url": "https://www.iryou.teikyouseido.mhlw.go.jp/znk-web/juminkanja/S2430/initialize?prefCd=19&kikanCd=3190000195&kikanKbn=3", "url2": null, "内容": "反田歯科医院【3:歯科】山梨県山梨市東後屋敷５２４－２" }, "geometry": { "type": "Point", "coordinates": [ 138.712211, 35.69279 ] } },
{ "type": "Feature", "properties": { "ID": 1933190000196, "正式名称": "オギハラ歯科クリニック", "機関区分": 3, "都道府県コード": 19, "市区町村コード": 205, "所在地": "山梨県山梨市南１９４番地の１", "緯度": 35.698484, "経度": 138.684713, "url": "https://www.iryou.teikyouseido.mhlw.go.jp/znk-web/juminkanja/S2430/initialize?prefCd=19&kikanCd=3190000196&kikanKbn=3", "url2": null, "内容": "オギハラ歯科クリニック【3:歯科】山梨県山梨市南１９４番地の１" }, "geometry": { "type": "Point", "coordinates": [ 138.684713, 35.698484 ] } },
{ "type": "Feature", "properties": { "ID": 1933190000197, "正式名称": "諸角歯科医院", "機関区分": 3, "都道府県コード": 19, "市区町村コード": 211, "所在地": "山梨県笛吹市春日居町国府１３－１", "緯度": 35.661653, "経度": 138.649134, "url": "https://www.iryou.teikyouseido.mhlw.go.jp/znk-web/juminkanja/S2430/initialize?prefCd=19&kikanCd=3190000197&kikanKbn=3", "url2": null, "内容": "諸角歯科医院【3:歯科】山梨県笛吹市春日居町国府１３－１" }, "geometry": { "type": "Point", "coordinates": [ 138.649134, 35.661653 ] } },
{ "type": "Feature", "properties": { "ID": 1933190000198, "正式名称": "雨宮歯科医院", "機関区分": 3, "都道府県コード": 19, "市区町村コード": 211, "所在地": "山梨県笛吹市春日居町国府２３４－１", "緯度": 35.663876, "経度": 138.651078, "url": "https://www.iryou.teikyouseido.mhlw.go.jp/znk-web/juminkanja/S2430/initialize?prefCd=19&kikanCd=3190000198&kikanKbn=3", "url2": null, "内容": "雨宮歯科医院【3:歯科】山梨県笛吹市春日居町国府２３４－１" }, "geometry": { "type": "Point", "coordinates": [ 138.651078, 35.663876 ] } },
{ "type": "Feature", "properties": { "ID": 1933190000200, "正式名称": "若月歯科医院", "機関区分": 3, "都道府県コード": 19, "市区町村コード": 205, "所在地": "山梨県山梨市牧丘町窪平１２６－２", "緯度": 35.739452, "経度": 138.712458, "url": "https://www.iryou.teikyouseido.mhlw.go.jp/znk-web/juminkanja/S2430/initialize?prefCd=19&kikanCd=3190000200&kikanKbn=3", "url2": null, "内容": "若月歯科医院【3:歯科】山梨県山梨市牧丘町窪平１２６－２" }, "geometry": { "type": "Point", "coordinates": [ 138.712458, 35.739452 ] } },
{ "type": "Feature", "properties": { "ID": 1933190000201, "正式名称": "前嶋歯科医院", "機関区分": 3, "都道府県コード": 19, "市区町村コード": 205, "所在地": "山梨県山梨市牧丘町窪平６９", "緯度": 35.739202, "経度": 138.713625, "url": "https://www.iryou.teikyouseido.mhlw.go.jp/znk-web/juminkanja/S2430/initialize?prefCd=19&kikanCd=3190000201&kikanKbn=3", "url2": null, "内容": "前嶋歯科医院【3:歯科】山梨県山梨市牧丘町窪平６９" }, "geometry": { "type": "Point", "coordinates": [ 138.713625, 35.739202 ] } },
{ "type": "Feature", "properties": { "ID": 1933190000202, "正式名称": "近藤歯科医院", "機関区分": 3, "都道府県コード": 19, "市区町村コード": 213, "所在地": "山梨県甲州市勝沼町勝沼２９９５－２", "緯度": 35.664182, "経度": 138.722295, "url": "https://www.iryou.teikyouseido.mhlw.go.jp/znk-web/juminkanja/S2430/initialize?prefCd=19&kikanCd=3190000202&kikanKbn=3", "url2": null, "内容": "近藤歯科医院【3:歯科】山梨県甲州市勝沼町勝沼２９９５－２" }, "geometry": { "type": "Point", "coordinates": [ 138.722295, 35.664182 ] } },
{ "type": "Feature", "properties": { "ID": 1933190000203, "正式名称": "おざわ歯科医院", "機関区分": 3, "都道府県コード": 19, "市区町村コード": 213, "所在地": "山梨県甲州市勝沼町勝沼９７６", "緯度": 35.668154, "経度": 138.725461, "url": "https://www.iryou.teikyouseido.mhlw.go.jp/znk-web/juminkanja/S2430/initialize?prefCd=19&kikanCd=3190000203&kikanKbn=3", "url2": "http://www.ozawa-dental-clinic.jp", "内容": "おざわ歯科医院【3:歯科】山梨県甲州市勝沼町勝沼９７６" }, "geometry": { "type": "Point", "coordinates": [ 138.725461, 35.668154 ] } },
{ "type": "Feature", "properties": { "ID": 1933190000204, "正式名称": "吉田歯科医院", "機関区分": 3, "都道府県コード": 19, "市区町村コード": 213, "所在地": "山梨県甲州市勝沼町小佐手１０９４", "緯度": 35.673127, "経度": 138.725627, "url": "https://www.iryou.teikyouseido.mhlw.go.jp/znk-web/juminkanja/S2430/initialize?prefCd=19&kikanCd=3190000204&kikanKbn=3", "url2": null, "内容": "吉田歯科医院【3:歯科】山梨県甲州市勝沼町小佐手１０９４" }, "geometry": { "type": "Point", "coordinates": [ 138.725627, 35.673127 ] } },
{ "type": "Feature", "properties": { "ID": 1933190000205, "正式名称": "鶴田歯科医院", "機関区分": 3, "都道府県コード": 19, "市区町村コード": 213, "所在地": "山梨県甲州市勝沼町等々力２３２８－４３", "緯度": 35.675737, "経度": 138.708629, "url": "https://www.iryou.teikyouseido.mhlw.go.jp/znk-web/juminkanja/S2430/initialize?prefCd=19&kikanCd=3190000205&kikanKbn=3", "url2": null, "内容": "鶴田歯科医院【3:歯科】山梨県甲州市勝沼町等々力２３２８－４３" }, "geometry": { "type": "Point", "coordinates": [ 138.708629, 35.675737 ] } },
{ "type": "Feature", "properties": { "ID": 1933190000206, "正式名称": "三沢歯科医院", "機関区分": 3, "都道府県コード": 19, "市区町村コード": 213, "所在地": "山梨県甲州市勝沼町等々力６７８", "緯度": 35.664099, "経度": 138.714157, "url": "https://www.iryou.teikyouseido.mhlw.go.jp/znk-web/juminkanja/S2430/initialize?prefCd=19&kikanCd=3190000206&kikanKbn=3", "url2": null, "内容": "三沢歯科医院【3:歯科】山梨県甲州市勝沼町等々力６７８" }, "geometry": { "type": "Point", "coordinates": [ 138.714157, 35.664099 ] } },
{ "type": "Feature", "properties": { "ID": 1933190000208, "正式名称": "野村歯科クリニック", "機関区分": 3, "都道府県コード": 19, "市区町村コード": 211, "所在地": "山梨県笛吹市石和町井戸７４－３", "緯度": 35.626045, "経度": 138.604001, "url": "https://www.iryou.teikyouseido.mhlw.go.jp/znk-web/juminkanja/S2430/initialize?prefCd=19&kikanCd=3190000208&kikanKbn=3", "url2": null, "内容": "野村歯科クリニック【3:歯科】山梨県笛吹市石和町井戸７４－３" }, "geometry": { "type": "Point", "coordinates": [ 138.604001, 35.626045 ] } },
{ "type": "Feature", "properties": { "ID": 1933190000209, "正式名称": "風間歯科医院", "機関区分": 3, "都道府県コード": 19, "市区町村コード": 211, "所在地": "山梨県笛吹市石和町下平井１６４－１", "緯度": 35.646517, "経度": 138.645496, "url": "https://www.iryou.teikyouseido.mhlw.go.jp/znk-web/juminkanja/S2430/initialize?prefCd=19&kikanCd=3190000209&kikanKbn=3", "url2": null, "内容": "風間歯科医院【3:歯科】山梨県笛吹市石和町下平井１６４－１" }, "geometry": { "type": "Point", "coordinates": [ 138.645496, 35.646517 ] } },
{ "type": "Feature", "properties": { "ID": 1933190000211, "正式名称": "馬場歯科クリニック", "機関区分": 3, "都道府県コード": 19, "市区町村コード": 211, "所在地": "山梨県笛吹市石和町広瀬２０７", "緯度": 35.641489, "経度": 138.628054, "url": "https://www.iryou.teikyouseido.mhlw.go.jp/znk-web/juminkanja/S2430/initialize?prefCd=19&kikanCd=3190000211&kikanKbn=3", "url2": null, "内容": "馬場歯科クリニック【3:歯科】山梨県笛吹市石和町広瀬２０７" }, "geometry": { "type": "Point", "coordinates": [ 138.628054, 35.641489 ] } },
{ "type": "Feature", "properties": { "ID": 1933190000212, "正式名称": "中川歯科医院", "機関区分": 3, "都道府県コード": 19, "市区町村コード": 211, "所在地": "山梨県笛吹市石和町市部１０２２", "緯度": 35.649961, "経度": 138.639886, "url": "https://www.iryou.teikyouseido.mhlw.go.jp/znk-web/juminkanja/S2430/initialize?prefCd=19&kikanCd=3190000212&kikanKbn=3", "url2": null, "内容": "中川歯科医院【3:歯科】山梨県笛吹市石和町市部１０２２" }, "geometry": { "type": "Point", "coordinates": [ 138.639886, 35.649961 ] } },
{ "type": "Feature", "properties": { "ID": 1933190000213, "正式名称": "茂手木歯科医院", "機関区分": 3, "都道府県コード": 19, "市区町村コード": 211, "所在地": "山梨県笛吹市石和町市部２５１", "緯度": 35.650461, "経度": 138.642052, "url": "https://www.iryou.teikyouseido.mhlw.go.jp/znk-web/juminkanja/S2430/initialize?prefCd=19&kikanCd=3190000213&kikanKbn=3", "url2": "https://www.motegishikaiin.com/", "内容": "茂手木歯科医院【3:歯科】山梨県笛吹市石和町市部２５１" }, "geometry": { "type": "Point", "coordinates": [ 138.642052, 35.650461 ] } },
{ "type": "Feature", "properties": { "ID": 1933190000214, "正式名称": "後藤歯科医院", "機関区分": 3, "都道府県コード": 19, "市区町村コード": 211, "所在地": "山梨県笛吹市石和町市部５２６－１", "緯度": 35.651432, "経度": 138.635497, "url": "https://www.iryou.teikyouseido.mhlw.go.jp/znk-web/juminkanja/S2430/initialize?prefCd=19&kikanCd=3190000214&kikanKbn=3", "url2": "http://www.haisya510.com", "内容": "後藤歯科医院【3:歯科】山梨県笛吹市石和町市部５２６－１" }, "geometry": { "type": "Point", "coordinates": [ 138.635497, 35.651432 ] } },
{ "type": "Feature", "properties": { "ID": 1933190000216, "正式名称": "石倉歯科医院", "機関区分": 3, "都道府県コード": 19, "市区町村コード": 211, "所在地": "山梨県笛吹市石和町市部７８９－８７", "緯度": 35.650627, "経度": 138.632414, "url": "https://www.iryou.teikyouseido.mhlw.go.jp/znk-web/juminkanja/S2430/initialize?prefCd=19&kikanCd=3190000216&kikanKbn=3", "url2": null, "内容": "石倉歯科医院【3:歯科】山梨県笛吹市石和町市部７８９－８７" }, "geometry": { "type": "Point", "coordinates": [ 138.632414, 35.650627 ] } },
{ "type": "Feature", "properties": { "ID": 1933190000217, "正式名称": "米山歯科医院", "機関区分": 3, "都道府県コード": 19, "市区町村コード": 211, "所在地": "山梨県笛吹市石和町小石和１３４－１　米山歯科医院", "緯度": 35.628045, "経度": 138.615611, "url": "https://www.iryou.teikyouseido.mhlw.go.jp/znk-web/juminkanja/S2430/initialize?prefCd=19&kikanCd=3190000217&kikanKbn=3", "url2": null, "内容": "米山歯科医院【3:歯科】山梨県笛吹市石和町小石和１３４－１　米山歯科医院" }, "geometry": { "type": "Point", "coordinates": [ 138.615611, 35.628045 ] } },
{ "type": "Feature", "properties": { "ID": 1933190000218, "正式名称": "おぎの歯科・矯正歯科クリニック", "機関区分": 3, "都道府県コード": 19, "市区町村コード": 211, "所在地": "山梨県笛吹市石和町松本４１－３", "緯度": 35.660459, "経度": 138.639024, "url": "https://www.iryou.teikyouseido.mhlw.go.jp/znk-web/juminkanja/S2430/initialize?prefCd=19&kikanCd=3190000218&kikanKbn=3", "url2": "http://www.ogino-shika.com/clinic/ogino/ogino.htm", "内容": "おぎの歯科・矯正歯科クリニック【3:歯科】山梨県笛吹市石和町松本４１－３" }, "geometry": { "type": "Point", "coordinates": [ 138.639024, 35.660459 ] } },
{ "type": "Feature", "properties": { "ID": 1933190000219, "正式名称": "さいぐさ歯科医院", "機関区分": 3, "都道府県コード": 19, "市区町村コード": 211, "所在地": "山梨県笛吹市石和町松本８４８", "緯度": 35.658376, "経度": 138.623165, "url": "https://www.iryou.teikyouseido.mhlw.go.jp/znk-web/juminkanja/S2430/initialize?prefCd=19&kikanCd=3190000219&kikanKbn=3", "url2": null, "内容": "さいぐさ歯科医院【3:歯科】山梨県笛吹市石和町松本８４８" }, "geometry": { "type": "Point", "coordinates": [ 138.623165, 35.658376 ] } },
{ "type": "Feature", "properties": { "ID": 1933190000220, "正式名称": "石和武井歯科医院", "機関区分": 3, "都道府県コード": 19, "市区町村コード": 211, "所在地": "山梨県笛吹市石和町川中島５０８", "緯度": 35.655654, "経度": 138.646107, "url": "https://www.iryou.teikyouseido.mhlw.go.jp/znk-web/juminkanja/S2430/initialize?prefCd=19&kikanCd=3190000220&kikanKbn=3", "url2": null, "内容": "石和武井歯科医院【3:歯科】山梨県笛吹市石和町川中島５０８" }, "geometry": { "type": "Point", "coordinates": [ 138.646107, 35.655654 ] } },
{ "type": "Feature", "properties": { "ID": 1933190000221, "正式名称": "富士見歯科診療所", "機関区分": 3, "都道府県コード": 19, "市区町村コード": 211, "所在地": "山梨県笛吹市石和町唐柏７６８－５", "緯度": 35.635601, "経度": 138.618027, "url": "https://www.iryou.teikyouseido.mhlw.go.jp/znk-web/juminkanja/S2430/initialize?prefCd=19&kikanCd=3190000221&kikanKbn=3", "url2": null, "内容": "富士見歯科診療所【3:歯科】山梨県笛吹市石和町唐柏７６８－５" }, "geometry": { "type": "Point", "coordinates": [ 138.618027, 35.635601 ] } },
{ "type": "Feature", "properties": { "ID": 1933190000222, "正式名称": "しんじ歯科医院", "機関区分": 3, "都道府県コード": 19, "市区町村コード": 211, "所在地": "山梨県笛吹市石和町東高橋２６３－４", "緯度": 35.634295, "経度": 138.605445, "url": "https://www.iryou.teikyouseido.mhlw.go.jp/znk-web/juminkanja/S2430/initialize?prefCd=19&kikanCd=3190000222&kikanKbn=3", "url2": null, "内容": "しんじ歯科医院【3:歯科】山梨県笛吹市石和町東高橋２６３－４" }, "geometry": { "type": "Point", "coordinates": [ 138.605445, 35.634295 ] } },
{ "type": "Feature", "properties": { "ID": 1933190000223, "正式名称": "斉藤歯科医院", "機関区分": 3, "都道府県コード": 19, "市区町村コード": 211, "所在地": "山梨県笛吹市御坂町二之宮２６７９－１", "緯度": 35.63188, "経度": 138.656996, "url": "https://www.iryou.teikyouseido.mhlw.go.jp/znk-web/juminkanja/S2430/initialize?prefCd=19&kikanCd=3190000223&kikanKbn=3", "url2": null, "内容": "斉藤歯科医院【3:歯科】山梨県笛吹市御坂町二之宮２６７９－１" }, "geometry": { "type": "Point", "coordinates": [ 138.656996, 35.63188 ] } },
{ "type": "Feature", "properties": { "ID": 1933190000225, "正式名称": "篠原歯科医院", "機関区分": 3, "都道府県コード": 19, "市区町村コード": 211, "所在地": "山梨県笛吹市御坂町栗合１２４－６", "緯度": 35.623047, "経度": 138.664357, "url": "https://www.iryou.teikyouseido.mhlw.go.jp/znk-web/juminkanja/S2430/initialize?prefCd=19&kikanCd=3190000225&kikanKbn=3", "url2": null, "内容": "篠原歯科医院【3:歯科】山梨県笛吹市御坂町栗合１２４－６" }, "geometry": { "type": "Point", "coordinates": [ 138.664357, 35.623047 ] } },
{ "type": "Feature", "properties": { "ID": 1933190000226, "正式名称": "御坂共立歯科診療所", "機関区分": 3, "都道府県コード": 19, "市区町村コード": 211, "所在地": "山梨県笛吹市御坂町八千蔵５３５－１", "緯度": 35.620853, "経度": 138.661524, "url": "https://www.iryou.teikyouseido.mhlw.go.jp/znk-web/juminkanja/S2430/initialize?prefCd=19&kikanCd=3190000226&kikanKbn=3", "url2": "http://www.yamanashi-min.jp/misakashika/", "内容": "御坂共立歯科診療所【3:歯科】山梨県笛吹市御坂町八千蔵５３５－１" }, "geometry": { "type": "Point", "coordinates": [ 138.661524, 35.620853 ] } },
{ "type": "Feature", "properties": { "ID": 1933190000228, "正式名称": "三森歯科", "機関区分": 3, "都道府県コード": 19, "市区町村コード": 211, "所在地": "山梨県笛吹市一宮町中尾６６１", "緯度": 35.656378, "経度": 138.700019, "url": "https://www.iryou.teikyouseido.mhlw.go.jp/znk-web/juminkanja/S2430/initialize?prefCd=19&kikanCd=3190000228&kikanKbn=3", "url2": null, "内容": "三森歯科【3:歯科】山梨県笛吹市一宮町中尾６６１" }, "geometry": { "type": "Point", "coordinates": [ 138.700019, 35.656378 ] } },
{ "type": "Feature", "properties": { "ID": 1933190000229, "正式名称": "医療法人ワコウ　中川歯科医院一宮分院", "機関区分": 3, "都道府県コード": 19, "市区町村コード": 211, "所在地": "山梨県笛吹市一宮町末木７４７－１", "緯度": 35.647212, "経度": 138.689299, "url": "https://www.iryou.teikyouseido.mhlw.go.jp/znk-web/juminkanja/S2430/initialize?prefCd=19&kikanCd=3190000229&kikanKbn=3", "url2": null, "内容": "医療法人ワコウ　中川歯科医院一宮分院【3:歯科】山梨県笛吹市一宮町末木７４７－１" }, "geometry": { "type": "Point", "coordinates": [ 138.689299, 35.647212 ] } },
{ "type": "Feature", "properties": { "ID": 1933190000230, "正式名称": "たけい歯科", "機関区分": 3, "都道府県コード": 19, "市区町村コード": 211, "所在地": "山梨県笛吹市八代町南１５９１－４", "緯度": 35.619992, "経度": 138.635081, "url": "https://www.iryou.teikyouseido.mhlw.go.jp/znk-web/juminkanja/S2430/initialize?prefCd=19&kikanCd=3190000230&kikanKbn=3", "url2": null, "内容": "たけい歯科【3:歯科】山梨県笛吹市八代町南１５９１－４" }, "geometry": { "type": "Point", "coordinates": [ 138.635081, 35.619992 ] } },
{ "type": "Feature", "properties": { "ID": 1933190000231, "正式名称": "渡辺歯科医院", "機関区分": 3, "都道府県コード": 19, "市区町村コード": 211, "所在地": "山梨県笛吹市八代町米倉８９６", "緯度": 35.608326, "経度": 138.631277, "url": "https://www.iryou.teikyouseido.mhlw.go.jp/znk-web/juminkanja/S2430/initialize?prefCd=19&kikanCd=3190000231&kikanKbn=3", "url2": null, "内容": "渡辺歯科医院【3:歯科】山梨県笛吹市八代町米倉８９６" }, "geometry": { "type": "Point", "coordinates": [ 138.631277, 35.608326 ] } },
{ "type": "Feature", "properties": { "ID": 1933190000232, "正式名称": "境川歯科診療所", "機関区分": 3, "都道府県コード": 19, "市区町村コード": 211, "所在地": "山梨県笛吹市境川町石橋２２０７－１", "緯度": 35.601521, "経度": 138.619556, "url": "https://www.iryou.teikyouseido.mhlw.go.jp/znk-web/juminkanja/S2430/initialize?prefCd=19&kikanCd=3190000232&kikanKbn=3", "url2": null, "内容": "境川歯科診療所【3:歯科】山梨県笛吹市境川町石橋２２０７－１" }, "geometry": { "type": "Point", "coordinates": [ 138.619556, 35.601521 ] } },
{ "type": "Feature", "properties": { "ID": 1933190000233, "正式名称": "羽中田歯科医院", "機関区分": 3, "都道府県コード": 19, "市区町村コード": 201, "所在地": "山梨県甲府市上曽根町１８９２", "緯度": 35.605381, "経度": 138.59092, "url": "https://www.iryou.teikyouseido.mhlw.go.jp/znk-web/juminkanja/S2430/initialize?prefCd=19&kikanCd=3190000233&kikanKbn=3", "url2": null, "内容": "羽中田歯科医院【3:歯科】山梨県甲府市上曽根町１８９２" }, "geometry": { "type": "Point", "coordinates": [ 138.59092, 35.605381 ] } },
{ "type": "Feature", "properties": { "ID": 1933190000236, "正式名称": "小澤歯科医院", "機関区分": 3, "都道府県コード": 19, "市区町村コード": 346, "所在地": "山梨県西八代郡市川三郷町上野３０８１－１０", "緯度": 35.569939, "経度": 138.520288, "url": "https://www.iryou.teikyouseido.mhlw.go.jp/znk-web/juminkanja/S2430/initialize?prefCd=19&kikanCd=3190000236&kikanKbn=3", "url2": null, "内容": "小澤歯科医院【3:歯科】山梨県西八代郡市川三郷町上野３０８１－１０" }, "geometry": { "type": "Point", "coordinates": [ 138.520288, 35.569939 ] } },
{ "type": "Feature", "properties": { "ID": 1933190000237, "正式名称": "アイボリー歯科医院", "機関区分": 3, "都道府県コード": 19, "市区町村コード": 346, "所在地": "山梨県西八代郡市川三郷町上野５８２－６", "緯度": 35.562357, "経度": 138.510428, "url": "https://www.iryou.teikyouseido.mhlw.go.jp/znk-web/juminkanja/S2430/initialize?prefCd=19&kikanCd=3190000237&kikanKbn=3", "url2": null, "内容": "アイボリー歯科医院【3:歯科】山梨県西八代郡市川三郷町上野５８２－６" }, "geometry": { "type": "Point", "coordinates": [ 138.510428, 35.562357 ] } },
{ "type": "Feature", "properties": { "ID": 1933190000239, "正式名称": "山内歯科医院", "機関区分": 3, "都道府県コード": 19, "市区町村コード": 346, "所在地": "山梨県西八代郡市川三郷町市川大門１２４６", "緯度": 35.562773, "経度": 138.502179, "url": "https://www.iryou.teikyouseido.mhlw.go.jp/znk-web/juminkanja/S2430/initialize?prefCd=19&kikanCd=3190000239&kikanKbn=3", "url2": null, "内容": "山内歯科医院【3:歯科】山梨県西八代郡市川三郷町市川大門１２４６" }, "geometry": { "type": "Point", "coordinates": [ 138.502179, 35.562773 ] } },
{ "type": "Feature", "properties": { "ID": 1933190000240, "正式名称": "村松歯科医院", "機関区分": 3, "都道府県コード": 19, "市区町村コード": 346, "所在地": "山梨県西八代郡市川三郷町市川大門１３３６", "緯度": 35.563661, "経度": 138.497818, "url": "https://www.iryou.teikyouseido.mhlw.go.jp/znk-web/juminkanja/S2430/initialize?prefCd=19&kikanCd=3190000240&kikanKbn=3", "url2": "http://muramatsudentist.com/", "内容": "村松歯科医院【3:歯科】山梨県西八代郡市川三郷町市川大門１３３６" }, "geometry": { "type": "Point", "coordinates": [ 138.497818, 35.563661 ] } },
{ "type": "Feature", "properties": { "ID": 1933190000241, "正式名称": "シン歯科クリニック", "機関区分": 3, "都道府県コード": 19, "市区町村コード": 346, "所在地": "山梨県西八代郡市川三郷町市川大門５７７", "緯度": 35.56119, "経度": 138.497013, "url": "https://www.iryou.teikyouseido.mhlw.go.jp/znk-web/juminkanja/S2430/initialize?prefCd=19&kikanCd=3190000241&kikanKbn=3", "url2": null, "内容": "シン歯科クリニック【3:歯科】山梨県西八代郡市川三郷町市川大門５７７" }, "geometry": { "type": "Point", "coordinates": [ 138.497013, 35.56119 ] } },
{ "type": "Feature", "properties": { "ID": 1933190000243, "正式名称": "滝戸歯科医院", "機関区分": 3, "都道府県コード": 19, "市区町村コード": 346, "所在地": "山梨県西八代郡市川三郷町岩間１５８８", "緯度": 35.490863, "経度": 138.462741, "url": "https://www.iryou.teikyouseido.mhlw.go.jp/znk-web/juminkanja/S2430/initialize?prefCd=19&kikanCd=3190000243&kikanKbn=3", "url2": null, "内容": "滝戸歯科医院【3:歯科】山梨県西八代郡市川三郷町岩間１５８８" }, "geometry": { "type": "Point", "coordinates": [ 138.462741, 35.490863 ] } },
{ "type": "Feature", "properties": { "ID": 1933190000248, "正式名称": "あらかわ歯科医院", "機関区分": 3, "都道府県コード": 19, "市区町村コード": 368, "所在地": "山梨県南巨摩郡富士川町青柳町９－２", "緯度": 35.564606, "経度": 138.46396, "url": "https://www.iryou.teikyouseido.mhlw.go.jp/znk-web/juminkanja/S2430/initialize?prefCd=19&kikanCd=3190000248&kikanKbn=3", "url2": null, "内容": "あらかわ歯科医院【3:歯科】山梨県南巨摩郡富士川町青柳町９－２" }, "geometry": { "type": "Point", "coordinates": [ 138.46396, 35.564606 ] } },
{ "type": "Feature", "properties": { "ID": 1933190000249, "正式名称": "さの歯科医院", "機関区分": 3, "都道府県コード": 19, "市区町村コード": 368, "所在地": "山梨県南巨摩郡富士川町青柳町９４６－５", "緯度": 35.5573, "経度": 138.467071, "url": "https://www.iryou.teikyouseido.mhlw.go.jp/znk-web/juminkanja/S2430/initialize?prefCd=19&kikanCd=3190000249&kikanKbn=3", "url2": null, "内容": "さの歯科医院【3:歯科】山梨県南巨摩郡富士川町青柳町９４６－５" }, "geometry": { "type": "Point", "coordinates": [ 138.467071, 35.5573 ] } },
{ "type": "Feature", "properties": { "ID": 1933190000250, "正式名称": "志村デンタルクリニック", "機関区分": 3, "都道府県コード": 19, "市区町村コード": 368, "所在地": "山梨県南巨摩郡富士川町長澤１９０３", "緯度": 35.575104, "経度": 138.465015, "url": "https://www.iryou.teikyouseido.mhlw.go.jp/znk-web/juminkanja/S2430/initialize?prefCd=19&kikanCd=3190000250&kikanKbn=3", "url2": null, "内容": "志村デンタルクリニック【3:歯科】山梨県南巨摩郡富士川町長澤１９０３" }, "geometry": { "type": "Point", "coordinates": [ 138.465015, 35.575104 ] } },
{ "type": "Feature", "properties": { "ID": 1933190000251, "正式名称": "秋山歯科医院", "機関区分": 3, "都道府県コード": 19, "市区町村コード": 368, "所在地": "山梨県南巨摩郡富士川町鰍沢１２１７", "緯度": 35.543858, "経度": 138.459572, "url": "https://www.iryou.teikyouseido.mhlw.go.jp/znk-web/juminkanja/S2430/initialize?prefCd=19&kikanCd=3190000251&kikanKbn=3", "url2": null, "内容": "秋山歯科医院【3:歯科】山梨県南巨摩郡富士川町鰍沢１２１７" }, "geometry": { "type": "Point", "coordinates": [ 138.459572, 35.543858 ] } },
{ "type": "Feature", "properties": { "ID": 1933190000252, "正式名称": "志村歯科医院", "機関区分": 3, "都道府県コード": 19, "市区町村コード": 368, "所在地": "山梨県南巨摩郡富士川町鰍沢１５２５", "緯度": 35.546607, "経度": 138.459933, "url": "https://www.iryou.teikyouseido.mhlw.go.jp/znk-web/juminkanja/S2430/initialize?prefCd=19&kikanCd=3190000252&kikanKbn=3", "url2": null, "内容": "志村歯科医院【3:歯科】山梨県南巨摩郡富士川町鰍沢１５２５" }, "geometry": { "type": "Point", "coordinates": [ 138.459933, 35.546607 ] } },
{ "type": "Feature", "properties": { "ID": 1933190000253, "正式名称": "早川歯科医院", "機関区分": 3, "都道府県コード": 19, "市区町村コード": 368, "所在地": "山梨県南巨摩郡富士川町鰍沢７０６", "緯度": 35.548079, "経度": 138.461849, "url": "https://www.iryou.teikyouseido.mhlw.go.jp/znk-web/juminkanja/S2430/initialize?prefCd=19&kikanCd=3190000253&kikanKbn=3", "url2": null, "内容": "早川歯科医院【3:歯科】山梨県南巨摩郡富士川町鰍沢７０６" }, "geometry": { "type": "Point", "coordinates": [ 138.461849, 35.548079 ] } },
{ "type": "Feature", "properties": { "ID": 1933190000255, "正式名称": "高野歯科クリニック", "機関区分": 3, "都道府県コード": 19, "市区町村コード": 365, "所在地": "山梨県南巨摩郡身延町飯富１８７４－１", "緯度": 35.435258, "経度": 138.438912, "url": "https://www.iryou.teikyouseido.mhlw.go.jp/znk-web/juminkanja/S2430/initialize?prefCd=19&kikanCd=3190000255&kikanKbn=3", "url2": null, "内容": "高野歯科クリニック【3:歯科】山梨県南巨摩郡身延町飯富１８７４－１" }, "geometry": { "type": "Point", "coordinates": [ 138.438912, 35.435258 ] } },
{ "type": "Feature", "properties": { "ID": 1933190000257, "正式名称": "山内歯科医院", "機関区分": 3, "都道府県コード": 19, "市区町村コード": 365, "所在地": "山梨県南巨摩郡身延町下山", "緯度": 35.407789, "経度": 138.442302, "url": "https://www.iryou.teikyouseido.mhlw.go.jp/znk-web/juminkanja/S2430/initialize?prefCd=19&kikanCd=3190000257&kikanKbn=3", "url2": null, "内容": "山内歯科医院【3:歯科】山梨県南巨摩郡身延町下山" }, "geometry": { "type": "Point", "coordinates": [ 138.442302, 35.407789 ] } },
{ "type": "Feature", "properties": { "ID": 1933190000259, "正式名称": "望月歯科医院", "機関区分": 3, "都道府県コード": 19, "市区町村コード": 365, "所在地": "山梨県南巨摩郡身延町身延１７２０", "緯度": 35.371681, "経度": 138.431638, "url": "https://www.iryou.teikyouseido.mhlw.go.jp/znk-web/juminkanja/S2430/initialize?prefCd=19&kikanCd=3190000259&kikanKbn=3", "url2": null, "内容": "望月歯科医院【3:歯科】山梨県南巨摩郡身延町身延１７２０" }, "geometry": { "type": "Point", "coordinates": [ 138.431638, 35.371681 ] } },
{ "type": "Feature", "properties": { "ID": 1933190000262, "正式名称": "南部歯科医院", "機関区分": 3, "都道府県コード": 19, "市区町村コード": 366, "所在地": "山梨県南巨摩郡南部町内船８１３７－１", "緯度": 35.280191, "経度": 138.466056, "url": "https://www.iryou.teikyouseido.mhlw.go.jp/znk-web/juminkanja/S2430/initialize?prefCd=19&kikanCd=3190000262&kikanKbn=3", "url2": null, "内容": "南部歯科医院【3:歯科】山梨県南巨摩郡南部町内船８１３７－１" }, "geometry": { "type": "Point", "coordinates": [ 138.466056, 35.280191 ] } },
{ "type": "Feature", "properties": { "ID": 1933190000263, "正式名称": "桐戸歯科医院", "機関区分": 3, "都道府県コード": 19, "市区町村コード": 366, "所在地": "山梨県南巨摩郡南部町南部８２６７", "緯度": 35.289996, "経度": 138.456084, "url": "https://www.iryou.teikyouseido.mhlw.go.jp/znk-web/juminkanja/S2430/initialize?prefCd=19&kikanCd=3190000263&kikanKbn=3", "url2": null, "内容": "桐戸歯科医院【3:歯科】山梨県南巨摩郡南部町南部８２６７" }, "geometry": { "type": "Point", "coordinates": [ 138.456084, 35.289996 ] } },
{ "type": "Feature", "properties": { "ID": 1933190000267, "正式名称": "淡路歯科医院", "機関区分": 3, "都道府県コード": 19, "市区町村コード": 208, "所在地": "山梨県南アルプス市鮎沢１１８２", "緯度": 35.592603, "経度": 138.468541, "url": "https://www.iryou.teikyouseido.mhlw.go.jp/znk-web/juminkanja/S2430/initialize?prefCd=19&kikanCd=3190000267&kikanKbn=3", "url2": "http://www.awaji-dc.jp", "内容": "淡路歯科医院【3:歯科】山梨県南アルプス市鮎沢１１８２" }, "geometry": { "type": "Point", "coordinates": [ 138.468541, 35.592603 ] } },
{ "type": "Feature", "properties": { "ID": 1933190000268, "正式名称": "小林歯科医院", "機関区分": 3, "都道府県コード": 19, "市区町村コード": 208, "所在地": "山梨県南アルプス市下宮地５６２", "緯度": 35.602602, "経度": 138.46543, "url": "https://www.iryou.teikyouseido.mhlw.go.jp/znk-web/juminkanja/S2430/initialize?prefCd=19&kikanCd=3190000268&kikanKbn=3", "url2": null, "内容": "小林歯科医院【3:歯科】山梨県南アルプス市下宮地５６２" }, "geometry": { "type": "Point", "coordinates": [ 138.46543, 35.602602 ] } },
{ "type": "Feature", "properties": { "ID": 1933190000269, "正式名称": "金丸歯科医院", "機関区分": 3, "都道府県コード": 19, "市区町村コード": 208, "所在地": "山梨県南アルプス市下今井２７４－２", "緯度": 35.625239, "経度": 138.486566, "url": "https://www.iryou.teikyouseido.mhlw.go.jp/znk-web/juminkanja/S2430/initialize?prefCd=19&kikanCd=3190000269&kikanKbn=3", "url2": null, "内容": "金丸歯科医院【3:歯科】山梨県南アルプス市下今井２７４－２" }, "geometry": { "type": "Point", "coordinates": [ 138.486566, 35.625239 ] } },
{ "type": "Feature", "properties": { "ID": 1933190000271, "正式名称": "塩髙歯科医院", "機関区分": 3, "都道府県コード": 19, "市区町村コード": 208, "所在地": "山梨県南アルプス市吉田３５２", "緯度": 35.620544, "経度": 138.4799, "url": "https://www.iryou.teikyouseido.mhlw.go.jp/znk-web/juminkanja/S2430/initialize?prefCd=19&kikanCd=3190000271&kikanKbn=3", "url2": null, "内容": "塩髙歯科医院【3:歯科】山梨県南アルプス市吉田３５２" }, "geometry": { "type": "Point", "coordinates": [ 138.4799, 35.620544 ] } },
{ "type": "Feature", "properties": { "ID": 1933190000276, "正式名称": "渡辺歯科医院", "機関区分": 3, "都道府県コード": 19, "市区町村コード": 208, "所在地": "山梨県南アルプス市小笠原１２７４", "緯度": 35.616544, "経度": 138.465735, "url": "https://www.iryou.teikyouseido.mhlw.go.jp/znk-web/juminkanja/S2430/initialize?prefCd=19&kikanCd=3190000276&kikanKbn=3", "url2": null, "内容": "渡辺歯科医院【3:歯科】山梨県南アルプス市小笠原１２７４" }, "geometry": { "type": "Point", "coordinates": [ 138.465735, 35.616544 ] } },
{ "type": "Feature", "properties": { "ID": 1933190000277, "正式名称": "大森歯科医院", "機関区分": 3, "都道府県コード": 19, "市区町村コード": 208, "所在地": "山梨県南アルプス市小笠原１７１７", "緯度": 35.615239, "経度": 138.470679, "url": "https://www.iryou.teikyouseido.mhlw.go.jp/znk-web/juminkanja/S2430/initialize?prefCd=19&kikanCd=3190000277&kikanKbn=3", "url2": null, "内容": "大森歯科医院【3:歯科】山梨県南アルプス市小笠原１７１７" }, "geometry": { "type": "Point", "coordinates": [ 138.470679, 35.615239 ] } },
{ "type": "Feature", "properties": { "ID": 1933190000278, "正式名称": "近藤歯科医院", "機関区分": 3, "都道府県コード": 19, "市区町村コード": 208, "所在地": "山梨県南アルプス市小笠原３５２－１", "緯度": 35.610129, "経度": 138.466458, "url": "https://www.iryou.teikyouseido.mhlw.go.jp/znk-web/juminkanja/S2430/initialize?prefCd=19&kikanCd=3190000278&kikanKbn=3", "url2": "http://www.16.plala.or.jp/kondo-dc/", "内容": "近藤歯科医院【3:歯科】山梨県南アルプス市小笠原３５２－１" }, "geometry": { "type": "Point", "coordinates": [ 138.466458, 35.610129 ] } },
{ "type": "Feature", "properties": { "ID": 1933190000281, "正式名称": "くわしま歯科クリニック", "機関区分": 3, "都道府県コード": 19, "市区町村コード": 208, "所在地": "山梨県南アルプス市小笠原２４９４", "緯度": 35.612433, "経度": 138.454042, "url": "https://www.iryou.teikyouseido.mhlw.go.jp/znk-web/juminkanja/S2430/initialize?prefCd=19&kikanCd=3190000281&kikanKbn=3", "url2": null, "内容": "くわしま歯科クリニック【3:歯科】山梨県南アルプス市小笠原２４９４" }, "geometry": { "type": "Point", "coordinates": [ 138.454042, 35.612433 ] } },
{ "type": "Feature", "properties": { "ID": 1933190000282, "正式名称": "おざわ歯科クリニック", "機関区分": 3, "都道府県コード": 19, "市区町村コード": 208, "所在地": "山梨県南アルプス市上宮地７６５", "緯度": 35.614572, "経度": 138.44882, "url": "https://www.iryou.teikyouseido.mhlw.go.jp/znk-web/juminkanja/S2430/initialize?prefCd=19&kikanCd=3190000282&kikanKbn=3", "url2": null, "内容": "おざわ歯科クリニック【3:歯科】山梨県南アルプス市上宮地７６５" }, "geometry": { "type": "Point", "coordinates": [ 138.44882, 35.614572 ] } },
{ "type": "Feature", "properties": { "ID": 1933190000283, "正式名称": "はせべ歯科医院", "機関区分": 3, "都道府県コード": 19, "市区町村コード": 208, "所在地": "山梨県南アルプス市上今諏訪１２６３", "緯度": 35.641237, "経度": 138.494537, "url": "https://www.iryou.teikyouseido.mhlw.go.jp/znk-web/juminkanja/S2430/initialize?prefCd=19&kikanCd=3190000283&kikanKbn=3", "url2": null, "内容": "はせべ歯科医院【3:歯科】山梨県南アルプス市上今諏訪１２６３" }, "geometry": { "type": "Point", "coordinates": [ 138.494537, 35.641237 ] } },
{ "type": "Feature", "properties": { "ID": 1933190000284, "正式名称": "さくら歯科クリニック", "機関区分": 3, "都道府県コード": 19, "市区町村コード": 208, "所在地": "山梨県南アルプス市上今諏訪１７９７－１", "緯度": 35.63657, "経度": 138.497454, "url": "https://www.iryou.teikyouseido.mhlw.go.jp/znk-web/juminkanja/S2430/initialize?prefCd=19&kikanCd=3190000284&kikanKbn=3", "url2": null, "内容": "さくら歯科クリニック【3:歯科】山梨県南アルプス市上今諏訪１７９７－１" }, "geometry": { "type": "Point", "coordinates": [ 138.497454, 35.63657 ] } },
{ "type": "Feature", "properties": { "ID": 1933190000286, "正式名称": "望月歯科", "機関区分": 3, "都道府県コード": 19, "市区町村コード": 208, "所在地": "山梨県南アルプス市東南湖７０６", "緯度": 35.575494, "経度": 138.484624, "url": "https://www.iryou.teikyouseido.mhlw.go.jp/znk-web/juminkanja/S2430/initialize?prefCd=19&kikanCd=3190000286&kikanKbn=3", "url2": null, "内容": "望月歯科【3:歯科】山梨県南アルプス市東南湖７０６" }, "geometry": { "type": "Point", "coordinates": [ 138.484624, 35.575494 ] } },
{ "type": "Feature", "properties": { "ID": 1933190000288, "正式名称": "なかむら歯科", "機関区分": 3, "都道府県コード": 19, "市区町村コード": 208, "所在地": "山梨県南アルプス市藤田１３５６－２", "緯度": 35.597408, "経度": 138.498039, "url": "https://www.iryou.teikyouseido.mhlw.go.jp/znk-web/juminkanja/S2430/initialize?prefCd=19&kikanCd=3190000288&kikanKbn=3", "url2": null, "内容": "なかむら歯科【3:歯科】山梨県南アルプス市藤田１３５６－２" }, "geometry": { "type": "Point", "coordinates": [ 138.498039, 35.597408 ] } },
{ "type": "Feature", "properties": { "ID": 1933190000289, "正式名称": "石澤歯科クリニック", "機関区分": 3, "都道府県コード": 19, "市区町村コード": 208, "所在地": "山梨県南アルプス市藤田２６０９－５", "緯度": 35.596742, "経度": 138.505066, "url": "https://www.iryou.teikyouseido.mhlw.go.jp/znk-web/juminkanja/S2430/initialize?prefCd=19&kikanCd=3190000289&kikanKbn=3", "url2": null, "内容": "石澤歯科クリニック【3:歯科】山梨県南アルプス市藤田２６０９－５" }, "geometry": { "type": "Point", "coordinates": [ 138.505066, 35.596742 ] } },
{ "type": "Feature", "properties": { "ID": 1933190000290, "正式名称": "飯野歯科医院", "機関区分": 3, "都道府県コード": 19, "市区町村コード": 208, "所在地": "山梨県南アルプス市藤田６０８", "緯度": 35.597881, "経度": 138.492511, "url": "https://www.iryou.teikyouseido.mhlw.go.jp/znk-web/juminkanja/S2430/initialize?prefCd=19&kikanCd=3190000290&kikanKbn=3", "url2": null, "内容": "飯野歯科医院【3:歯科】山梨県南アルプス市藤田６０８" }, "geometry": { "type": "Point", "coordinates": [ 138.492511, 35.597881 ] } },
{ "type": "Feature", "properties": { "ID": 1933190000291, "正式名称": "医療法人社団　アヴァンティ　岡部歯科医院", "機関区分": 3, "都道府県コード": 19, "市区町村コード": 208, "所在地": "山梨県南アルプス市飯野３６３３－１", "緯度": 35.634653, "経度": 138.465373, "url": "https://www.iryou.teikyouseido.mhlw.go.jp/znk-web/juminkanja/S2430/initialize?prefCd=19&kikanCd=3190000291&kikanKbn=3", "url2": "http://www.perio.co.jp", "内容": "医療法人社団　アヴァンティ　岡部歯科医院【3:歯科】山梨県南アルプス市飯野３６３３－１" }, "geometry": { "type": "Point", "coordinates": [ 138.465373, 35.634653 ] } },
{ "type": "Feature", "properties": { "ID": 1933190000293, "正式名称": "シマハラ歯科医院", "機関区分": 3, "都道府県コード": 19, "市区町村コード": 208, "所在地": "山梨県南アルプス市六科１１８６－２１", "緯度": 35.662789, "経度": 138.461067, "url": "https://www.iryou.teikyouseido.mhlw.go.jp/znk-web/juminkanja/S2430/initialize?prefCd=19&kikanCd=3190000293&kikanKbn=3", "url2": null, "内容": "シマハラ歯科医院【3:歯科】山梨県南アルプス市六科１１８６－２１" }, "geometry": { "type": "Point", "coordinates": [ 138.461067, 35.662789 ] } },
{ "type": "Feature", "properties": { "ID": 1933190000295, "正式名称": "医療法人社団　芳庸会　跡部歯科医院", "機関区分": 3, "都道府県コード": 19, "市区町村コード": 207, "所在地": "山梨県韮崎市若宮１丁目２番１７号", "緯度": 35.712562, "経度": 138.44926, "url": "https://www.iryou.teikyouseido.mhlw.go.jp/znk-web/juminkanja/S2430/initialize?prefCd=19&kikanCd=3190000295&kikanKbn=3", "url2": "http://atobeshika.cihp2.jp", "内容": "医療法人社団　芳庸会　跡部歯科医院【3:歯科】山梨県韮崎市若宮１丁目２番１７号" }, "geometry": { "type": "Point", "coordinates": [ 138.44926, 35.712562 ] } },
{ "type": "Feature", "properties": { "ID": 1933190000296, "正式名称": "医療法人芬芳会　福本歯科医院", "機関区分": 3, "都道府県コード": 19, "市区町村コード": 207, "所在地": "山梨県韮崎市藤井町南下條５９５－２", "緯度": 35.710257, "経度": 138.450427, "url": "https://www.iryou.teikyouseido.mhlw.go.jp/znk-web/juminkanja/S2430/initialize?prefCd=19&kikanCd=3190000296&kikanKbn=3", "url2": null, "内容": "医療法人芬芳会　福本歯科医院【3:歯科】山梨県韮崎市藤井町南下條５９５－２" }, "geometry": { "type": "Point", "coordinates": [ 138.450427, 35.710257 ] } },
{ "type": "Feature", "properties": { "ID": 1933190000297, "正式名称": "跡部歯科診療所", "機関区分": 3, "都道府県コード": 19, "市区町村コード": 207, "所在地": "山梨県韮崎市中央町１３－７", "緯度": 35.708229, "経度": 138.451121, "url": "https://www.iryou.teikyouseido.mhlw.go.jp/znk-web/juminkanja/S2430/initialize?prefCd=19&kikanCd=3190000297&kikanKbn=3", "url2": null, "内容": "跡部歯科診療所【3:歯科】山梨県韮崎市中央町１３－７" }, "geometry": { "type": "Point", "coordinates": [ 138.451121, 35.708229 ] } },
{ "type": "Feature", "properties": { "ID": 1933190000298, "正式名称": "守屋歯科医院", "機関区分": 3, "都道府県コード": 19, "市区町村コード": 207, "所在地": "山梨県韮崎市中田町中條１７６８－２", "緯度": 35.747614, "経度": 138.439092, "url": "https://www.iryou.teikyouseido.mhlw.go.jp/znk-web/juminkanja/S2430/initialize?prefCd=19&kikanCd=3190000298&kikanKbn=3", "url2": null, "内容": "守屋歯科医院【3:歯科】山梨県韮崎市中田町中條１７６８－２" }, "geometry": { "type": "Point", "coordinates": [ 138.439092, 35.747614 ] } },
{ "type": "Feature", "properties": { "ID": 1933190000299, "正式名称": "堀内歯科医院", "機関区分": 3, "都道府県コード": 19, "市区町村コード": 207, "所在地": "山梨県韮崎市藤井町駒井２７５６－１", "緯度": 35.732754, "経度": 138.447176, "url": "https://www.iryou.teikyouseido.mhlw.go.jp/znk-web/juminkanja/S2430/initialize?prefCd=19&kikanCd=3190000299&kikanKbn=3", "url2": null, "内容": "堀内歯科医院【3:歯科】山梨県韮崎市藤井町駒井２７５６－１" }, "geometry": { "type": "Point", "coordinates": [ 138.447176, 35.732754 ] } },
{ "type": "Feature", "properties": { "ID": 1933190000300, "正式名称": "小林歯科医院", "機関区分": 3, "都道府県コード": 19, "市区町村コード": 207, "所在地": "山梨県韮崎市富士見１－５－１４", "緯度": 35.710145, "経度": 138.454454, "url": "https://www.iryou.teikyouseido.mhlw.go.jp/znk-web/juminkanja/S2430/initialize?prefCd=19&kikanCd=3190000300&kikanKbn=3", "url2": "https://kdc-nirasaki.jp/", "内容": "小林歯科医院【3:歯科】山梨県韮崎市富士見１－５－１４" }, "geometry": { "type": "Point", "coordinates": [ 138.454454, 35.710145 ] } },
{ "type": "Feature", "properties": { "ID": 1933190000301, "正式名称": "山本歯科医院", "機関区分": 3, "都道府県コード": 19, "市区町村コード": 207, "所在地": "山梨県韮崎市富士見２－３－１７", "緯度": 35.707479, "経度": 138.454704, "url": "https://www.iryou.teikyouseido.mhlw.go.jp/znk-web/juminkanja/S2430/initialize?prefCd=19&kikanCd=3190000301&kikanKbn=3", "url2": null, "内容": "山本歯科医院【3:歯科】山梨県韮崎市富士見２－３－１７" }, "geometry": { "type": "Point", "coordinates": [ 138.454704, 35.707479 ] } },
{ "type": "Feature", "properties": { "ID": 1933190000304, "正式名称": "小屋歯科医院", "機関区分": 3, "都道府県コード": 19, "市区町村コード": 207, "所在地": "山梨県韮崎市本町１－２－１７", "緯度": 35.708368, "経度": 138.449205, "url": "https://www.iryou.teikyouseido.mhlw.go.jp/znk-web/juminkanja/S2430/initialize?prefCd=19&kikanCd=3190000304&kikanKbn=3", "url2": "http://www.koyashika.jp", "内容": "小屋歯科医院【3:歯科】山梨県韮崎市本町１－２－１７" }, "geometry": { "type": "Point", "coordinates": [ 138.449205, 35.708368 ] } },
{ "type": "Feature", "properties": { "ID": 1933190000305, "正式名称": "医療法人恵公会金山歯科医院", "機関区分": 3, "都道府県コード": 19, "市区町村コード": 207, "所在地": "山梨県韮崎市本町２－１０－２", "緯度": 35.706479, "経度": 138.450982, "url": "https://www.iryou.teikyouseido.mhlw.go.jp/znk-web/juminkanja/S2430/initialize?prefCd=19&kikanCd=3190000305&kikanKbn=3", "url2": null, "内容": "医療法人恵公会金山歯科医院【3:歯科】山梨県韮崎市本町２－１０－２" }, "geometry": { "type": "Point", "coordinates": [ 138.450982, 35.706479 ] } },
{ "type": "Feature", "properties": { "ID": 1933190000306, "正式名称": "山内歯科医院", "機関区分": 3, "都道府県コード": 19, "市区町村コード": 207, "所在地": "山梨県韮崎市本町２－５－２７", "緯度": 35.704757, "経度": 138.453593, "url": "https://www.iryou.teikyouseido.mhlw.go.jp/znk-web/juminkanja/S2430/initialize?prefCd=19&kikanCd=3190000306&kikanKbn=3", "url2": null, "内容": "山内歯科医院【3:歯科】山梨県韮崎市本町２－５－２７" }, "geometry": { "type": "Point", "coordinates": [ 138.453593, 35.704757 ] } },
{ "type": "Feature", "properties": { "ID": 1933190000307, "正式名称": "成島歯科医院", "機関区分": 3, "都道府県コード": 19, "市区町村コード": 207, "所在地": "山梨県韮崎市本町２－６－３", "緯度": 35.706118, "経度": 138.453009, "url": "https://www.iryou.teikyouseido.mhlw.go.jp/znk-web/juminkanja/S2430/initialize?prefCd=19&kikanCd=3190000307&kikanKbn=3", "url2": null, "内容": "成島歯科医院【3:歯科】山梨県韮崎市本町２－６－３" }, "geometry": { "type": "Point", "coordinates": [ 138.453009, 35.706118 ] } },
{ "type": "Feature", "properties": { "ID": 1933190000308, "正式名称": "岩下歯科医院", "機関区分": 3, "都道府県コード": 19, "市区町村コード": 210, "所在地": "山梨県甲斐市志田４７３", "緯度": 35.688926, "経度": 138.484647, "url": "https://www.iryou.teikyouseido.mhlw.go.jp/znk-web/juminkanja/S2430/initialize?prefCd=19&kikanCd=3190000308&kikanKbn=3", "url2": "http://www.iwashita-dental.com", "内容": "岩下歯科医院【3:歯科】山梨県甲斐市志田４７３" }, "geometry": { "type": "Point", "coordinates": [ 138.484647, 35.688926 ] } },
{ "type": "Feature", "properties": { "ID": 1933190000310, "正式名称": "福田歯科", "機関区分": 3, "都道府県コード": 19, "市区町村コード": 210, "所在地": "山梨県甲斐市龍地２３２４－５", "緯度": 35.678427, "経度": 138.514145, "url": "https://www.iryou.teikyouseido.mhlw.go.jp/znk-web/juminkanja/S2430/initialize?prefCd=19&kikanCd=3190000310&kikanKbn=3", "url2": null, "内容": "福田歯科【3:歯科】山梨県甲斐市龍地２３２４－５" }, "geometry": { "type": "Point", "coordinates": [ 138.514145, 35.678427 ] } },
{ "type": "Feature", "properties": { "ID": 1933190000312, "正式名称": "よだ歯科クリニック", "機関区分": 3, "都道府県コード": 19, "市区町村コード": 210, "所在地": "山梨県甲斐市龍地２７９５－１８", "緯度": 35.682177, "経度": 138.510117, "url": "https://www.iryou.teikyouseido.mhlw.go.jp/znk-web/juminkanja/S2430/initialize?prefCd=19&kikanCd=3190000312&kikanKbn=3", "url2": "http://www.yoda-dc.com/", "内容": "よだ歯科クリニック【3:歯科】山梨県甲斐市龍地２７９５－１８" }, "geometry": { "type": "Point", "coordinates": [ 138.510117, 35.682177 ] } },
{ "type": "Feature", "properties": { "ID": 1933190000315, "正式名称": "藤巻歯科医院", "機関区分": 3, "都道府県コード": 19, "市区町村コード": 209, "所在地": "山梨県北杜市須玉町藤田７２２－３", "緯度": 35.778026, "経度": 138.42548, "url": "https://www.iryou.teikyouseido.mhlw.go.jp/znk-web/juminkanja/S2430/initialize?prefCd=19&kikanCd=3190000315&kikanKbn=3", "url2": null, "内容": "藤巻歯科医院【3:歯科】山梨県北杜市須玉町藤田７２２－３" }, "geometry": { "type": "Point", "coordinates": [ 138.42548, 35.778026 ] } },
{ "type": "Feature", "properties": { "ID": 1933190000316, "正式名称": "小林歯科医院", "機関区分": 3, "都道府県コード": 19, "市区町村コード": 209, "所在地": "山梨県北杜市高根町五町田５６６－１", "緯度": 35.834604, "経度": 138.397675, "url": "https://www.iryou.teikyouseido.mhlw.go.jp/znk-web/juminkanja/S2430/initialize?prefCd=19&kikanCd=3190000316&kikanKbn=3", "url2": null, "内容": "小林歯科医院【3:歯科】山梨県北杜市高根町五町田５６６－１" }, "geometry": { "type": "Point", "coordinates": [ 138.397675, 35.834604 ] } },
{ "type": "Feature", "properties": { "ID": 1933190000317, "正式名称": "清里歯科医院", "機関区分": 3, "都道府県コード": 19, "市区町村コード": 209, "所在地": "山梨県北杜市高根町清里３５４５－３９０２", "緯度": 35.90243, "経度": 138.444473, "url": "https://www.iryou.teikyouseido.mhlw.go.jp/znk-web/juminkanja/S2430/initialize?prefCd=19&kikanCd=3190000317&kikanKbn=3", "url2": "http://www.kiyosatosika.jp", "内容": "清里歯科医院【3:歯科】山梨県北杜市高根町清里３５４５－３９０２" }, "geometry": { "type": "Point", "coordinates": [ 138.444473, 35.90243 ] } },
{ "type": "Feature", "properties": { "ID": 1933190000318, "正式名称": "ぴかいち歯科医院", "機関区分": 3, "都道府県コード": 19, "市区町村コード": 209, "所在地": "山梨県北杜市高根町東井出４９８６－１３７８", "緯度": 35.884821, "経度": 138.416671, "url": "https://www.iryou.teikyouseido.mhlw.go.jp/znk-web/juminkanja/S2430/initialize?prefCd=19&kikanCd=3190000318&kikanKbn=3", "url2": null, "内容": "ぴかいち歯科医院【3:歯科】山梨県北杜市高根町東井出４９８６－１３７８" }, "geometry": { "type": "Point", "coordinates": [ 138.416671, 35.884821 ] } },
{ "type": "Feature", "properties": { "ID": 1933190000319, "正式名称": "阿久津歯科医院", "機関区分": 3, "都道府県コード": 19, "市区町村コード": 209, "所在地": "山梨県北杜市高根町箕輪新町２６５", "緯度": 35.83402, "経度": 138.434227, "url": "https://www.iryou.teikyouseido.mhlw.go.jp/znk-web/juminkanja/S2430/initialize?prefCd=19&kikanCd=3190000319&kikanKbn=3", "url2": null, "内容": "阿久津歯科医院【3:歯科】山梨県北杜市高根町箕輪新町２６５" }, "geometry": { "type": "Point", "coordinates": [ 138.434227, 35.83402 ] } },
{ "type": "Feature", "properties": { "ID": 1933190000320, "正式名称": "しみず歯科医院", "機関区分": 3, "都道府県コード": 19, "市区町村コード": 209, "所在地": "山梨県北杜市長坂町大八田３８７９－１１", "緯度": 35.833047, "経度": 138.382815, "url": "https://www.iryou.teikyouseido.mhlw.go.jp/znk-web/juminkanja/S2430/initialize?prefCd=19&kikanCd=3190000320&kikanKbn=3", "url2": "https://shimizu-dental-recruit.com/", "内容": "しみず歯科医院【3:歯科】山梨県北杜市長坂町大八田３８７９－１１" }, "geometry": { "type": "Point", "coordinates": [ 138.382815, 35.833047 ] } },
{ "type": "Feature", "properties": { "ID": 1933190000321, "正式名称": "阿久津歯科医院", "機関区分": 3, "都道府県コード": 19, "市区町村コード": 209, "所在地": "山梨県北杜市長坂町長坂上条２０８３", "緯度": 35.830326, "経度": 138.372538, "url": "https://www.iryou.teikyouseido.mhlw.go.jp/znk-web/juminkanja/S2430/initialize?prefCd=19&kikanCd=3190000321&kikanKbn=3", "url2": null, "内容": "阿久津歯科医院【3:歯科】山梨県北杜市長坂町長坂上条２０８３" }, "geometry": { "type": "Point", "coordinates": [ 138.372538, 35.830326 ] } },
{ "type": "Feature", "properties": { "ID": 1933190000322, "正式名称": "進藤歯科医院", "機関区分": 3, "都道府県コード": 19, "市区町村コード": 209, "所在地": "山梨県北杜市長坂町長坂上条２３１３", "緯度": 35.830548, "経度": 138.372149, "url": "https://www.iryou.teikyouseido.mhlw.go.jp/znk-web/juminkanja/S2430/initialize?prefCd=19&kikanCd=3190000322&kikanKbn=3", "url2": null, "内容": "進藤歯科医院【3:歯科】山梨県北杜市長坂町長坂上条２３１３" }, "geometry": { "type": "Point", "coordinates": [ 138.372149, 35.830548 ] } },
{ "type": "Feature", "properties": { "ID": 1933190000324, "正式名称": "小尾歯科医院", "機関区分": 3, "都道府県コード": 19, "市区町村コード": 209, "所在地": "山梨県北杜市長坂町長坂上条２５７５", "緯度": 35.82427, "経度": 138.367956, "url": "https://www.iryou.teikyouseido.mhlw.go.jp/znk-web/juminkanja/S2430/initialize?prefCd=19&kikanCd=3190000324&kikanKbn=3", "url2": null, "内容": "小尾歯科医院【3:歯科】山梨県北杜市長坂町長坂上条２５７５" }, "geometry": { "type": "Point", "coordinates": [ 138.367956, 35.82427 ] } },
{ "type": "Feature", "properties": { "ID": 1933190000325, "正式名称": "須田歯科医院", "機関区分": 3, "都道府県コード": 19, "市区町村コード": 209, "所在地": "山梨県北杜市大泉町谷戸１９０４", "緯度": 35.858851, "経度": 138.379565, "url": "https://www.iryou.teikyouseido.mhlw.go.jp/znk-web/juminkanja/S2430/initialize?prefCd=19&kikanCd=3190000325&kikanKbn=3", "url2": null, "内容": "須田歯科医院【3:歯科】山梨県北杜市大泉町谷戸１９０４" }, "geometry": { "type": "Point", "coordinates": [ 138.379565, 35.858851 ] } },
{ "type": "Feature", "properties": { "ID": 1933190000326, "正式名称": "大泉中央診療所", "機関区分": 3, "都道府県コード": 19, "市区町村コード": 209, "所在地": "山梨県北杜市大泉町谷戸２９６９", "緯度": 35.861377, "経度": 138.38623, "url": "https://www.iryou.teikyouseido.mhlw.go.jp/znk-web/juminkanja/S2430/initialize?prefCd=19&kikanCd=3190000326&kikanKbn=3", "url2": null, "内容": "大泉中央診療所【3:歯科】山梨県北杜市大泉町谷戸２９６９" }, "geometry": { "type": "Point", "coordinates": [ 138.38623, 35.861377 ] } },
{ "type": "Feature", "properties": { "ID": 1933190000327, "正式名称": "八ヶ岳星と虹歯科診療所", "機関区分": 3, "都道府県コード": 19, "市区町村コード": 209, "所在地": "山梨県北杜市小淵沢町１０１９８－２", "緯度": 35.887236, "経度": 138.32279, "url": "https://www.iryou.teikyouseido.mhlw.go.jp/znk-web/juminkanja/S2430/initialize?prefCd=19&kikanCd=3190000327&kikanKbn=3", "url2": null, "内容": "八ヶ岳星と虹歯科診療所【3:歯科】山梨県北杜市小淵沢町１０１９８－２" }, "geometry": { "type": "Point", "coordinates": [ 138.32279, 35.887236 ] } },
{ "type": "Feature", "properties": { "ID": 1933190000329, "正式名称": "大久保歯科医院", "機関区分": 3, "都道府県コード": 19, "市区町村コード": 209, "所在地": "山梨県北杜市白州町台ケ原２３１０－６２", "緯度": 35.808852, "経度": 138.346255, "url": "https://www.iryou.teikyouseido.mhlw.go.jp/znk-web/juminkanja/S2430/initialize?prefCd=19&kikanCd=3190000329&kikanKbn=3", "url2": null, "内容": "大久保歯科医院【3:歯科】山梨県北杜市白州町台ケ原２３１０－６２" }, "geometry": { "type": "Point", "coordinates": [ 138.346255, 35.808852 ] } },
{ "type": "Feature", "properties": { "ID": 1933190000330, "正式名称": "岩下歯科医院", "機関区分": 3, "都道府県コード": 19, "市区町村コード": 209, "所在地": "山梨県北杜市武川町牧原９２２－１", "緯度": 35.783664, "経度": 138.382762, "url": "https://www.iryou.teikyouseido.mhlw.go.jp/znk-web/juminkanja/S2430/initialize?prefCd=19&kikanCd=3190000330&kikanKbn=3", "url2": null, "内容": "岩下歯科医院【3:歯科】山梨県北杜市武川町牧原９２２－１" }, "geometry": { "type": "Point", "coordinates": [ 138.382762, 35.783664 ] } },
{ "type": "Feature", "properties": { "ID": 1933190000331, "正式名称": "武川歯科診療所", "機関区分": 3, "都道府県コード": 19, "市区町村コード": 209, "所在地": "山梨県北杜市武川町牧原１３７１", "緯度": 35.784664, "経度": 138.381318, "url": "https://www.iryou.teikyouseido.mhlw.go.jp/znk-web/juminkanja/S2430/initialize?prefCd=19&kikanCd=3190000331&kikanKbn=3", "url2": "http://www.yamanashi-min.jp/kinikyou/", "内容": "武川歯科診療所【3:歯科】山梨県北杜市武川町牧原１３７１" }, "geometry": { "type": "Point", "coordinates": [ 138.381318, 35.784664 ] } },
{ "type": "Feature", "properties": { "ID": 1933190000332, "正式名称": "宮下矯正歯科", "機関区分": 3, "都道府県コード": 19, "市区町村コード": 202, "所在地": "山梨県富士吉田市ときわ台１－１－２４", "緯度": 35.489091, "経度": 138.79163, "url": "https://www.iryou.teikyouseido.mhlw.go.jp/znk-web/juminkanja/S2430/initialize?prefCd=19&kikanCd=3190000332&kikanKbn=3", "url2": null, "内容": "宮下矯正歯科【3:歯科】山梨県富士吉田市ときわ台１－１－２４" }, "geometry": { "type": "Point", "coordinates": [ 138.79163, 35.489091 ] } },
{ "type": "Feature", "properties": { "ID": 1933190000333, "正式名称": "周東歯科医院", "機関区分": 3, "都道府県コード": 19, "市区町村コード": 202, "所在地": "山梨県富士吉田市ときわ台２－２－２４", "緯度": 35.488702, "経度": 138.785325, "url": "https://www.iryou.teikyouseido.mhlw.go.jp/znk-web/juminkanja/S2430/initialize?prefCd=19&kikanCd=3190000333&kikanKbn=3", "url2": null, "内容": "周東歯科医院【3:歯科】山梨県富士吉田市ときわ台２－２－２４" }, "geometry": { "type": "Point", "coordinates": [ 138.785325, 35.488702 ] } },
{ "type": "Feature", "properties": { "ID": 1933190000335, "正式名称": "渡辺歯科医院", "機関区分": 3, "都道府県コード": 19, "市区町村コード": 202, "所在地": "山梨県富士吉田市下吉田３－４－１", "緯度": 35.493869, "経度": 138.803796, "url": "https://www.iryou.teikyouseido.mhlw.go.jp/znk-web/juminkanja/S2430/initialize?prefCd=19&kikanCd=3190000335&kikanKbn=3", "url2": null, "内容": "渡辺歯科医院【3:歯科】山梨県富士吉田市下吉田３－４－１" }, "geometry": { "type": "Point", "coordinates": [ 138.803796, 35.493869 ] } },
{ "type": "Feature", "properties": { "ID": 1933190000336, "正式名称": "田邊歯科医院", "機関区分": 3, "都道府県コード": 19, "市区町村コード": 202, "所在地": "山梨県富士吉田市下吉田１－３－１２", "緯度": 35.493813, "経度": 138.804796, "url": "https://www.iryou.teikyouseido.mhlw.go.jp/znk-web/juminkanja/S2430/initialize?prefCd=19&kikanCd=3190000336&kikanKbn=3", "url2": null, "内容": "田邊歯科医院【3:歯科】山梨県富士吉田市下吉田１－３－１２" }, "geometry": { "type": "Point", "coordinates": [ 138.804796, 35.493813 ] } },
{ "type": "Feature", "properties": { "ID": 1933190000337, "正式名称": "真田歯科医院", "機関区分": 3, "都道府県コード": 19, "市区町村コード": 202, "所在地": "山梨県富士吉田市下吉田８－２１－１８", "緯度": 35.495119, "経度": 138.808851, "url": "https://www.iryou.teikyouseido.mhlw.go.jp/znk-web/juminkanja/S2430/initialize?prefCd=19&kikanCd=3190000337&kikanKbn=3", "url2": null, "内容": "真田歯科医院【3:歯科】山梨県富士吉田市下吉田８－２１－１８" }, "geometry": { "type": "Point", "coordinates": [ 138.808851, 35.495119 ] } },
{ "type": "Feature", "properties": { "ID": 1933190000338, "正式名称": "マーブル歯科", "機関区分": 3, "都道府県コード": 19, "市区町村コード": 202, "所在地": "山梨県富士吉田市下吉田４－７－２２", "緯度": 35.48762, "経度": 138.80013, "url": "https://www.iryou.teikyouseido.mhlw.go.jp/znk-web/juminkanja/S2430/initialize?prefCd=19&kikanCd=3190000338&kikanKbn=3", "url2": "https://hp1.dent-hp.com/SR3050064marblesika/", "内容": "マーブル歯科【3:歯科】山梨県富士吉田市下吉田４－７－２２" }, "geometry": { "type": "Point", "coordinates": [ 138.80013, 35.48762 ] } },
{ "type": "Feature", "properties": { "ID": 1933190000340, "正式名称": "幸町歯科", "機関区分": 3, "都道府県コード": 19, "市区町村コード": 202, "所在地": "山梨県富士吉田市下吉田５－３０－１１", "緯度": 35.486675, "経度": 138.804518, "url": "https://www.iryou.teikyouseido.mhlw.go.jp/znk-web/juminkanja/S2430/initialize?prefCd=19&kikanCd=3190000340&kikanKbn=3", "url2": null, "内容": "幸町歯科【3:歯科】山梨県富士吉田市下吉田５－３０－１１" }, "geometry": { "type": "Point", "coordinates": [ 138.804518, 35.486675 ] } },
{ "type": "Feature", "properties": { "ID": 1933190000341, "正式名称": "天野歯科医院", "機関区分": 3, "都道府県コード": 19, "市区町村コード": 202, "所在地": "山梨県富士吉田市下吉田２－３－７", "緯度": 35.49148, "経度": 138.803879, "url": "https://www.iryou.teikyouseido.mhlw.go.jp/znk-web/juminkanja/S2430/initialize?prefCd=19&kikanCd=3190000341&kikanKbn=3", "url2": null, "内容": "天野歯科医院【3:歯科】山梨県富士吉田市下吉田２－３－７" }, "geometry": { "type": "Point", "coordinates": [ 138.803879, 35.49148 ] } },
{ "type": "Feature", "properties": { "ID": 1933190000342, "正式名称": "舟久保歯科クリニック", "機関区分": 3, "都道府県コード": 19, "市区町村コード": 202, "所在地": "山梨県富士吉田市下吉田８－８－８", "緯度": 35.495563, "経度": 138.815461, "url": "https://www.iryou.teikyouseido.mhlw.go.jp/znk-web/juminkanja/S2430/initialize?prefCd=19&kikanCd=3190000342&kikanKbn=3", "url2": null, "内容": "舟久保歯科クリニック【3:歯科】山梨県富士吉田市下吉田８－８－８" }, "geometry": { "type": "Point", "coordinates": [ 138.815461, 35.495563 ] } },
{ "type": "Feature", "properties": { "ID": 1933190000343, "正式名称": "勝俣歯科医院", "機関区分": 3, "都道府県コード": 19, "市区町村コード": 202, "所在地": "山梨県富士吉田市下吉田１－７－１２", "緯度": 35.493008, "経度": 138.805573, "url": "https://www.iryou.teikyouseido.mhlw.go.jp/znk-web/juminkanja/S2430/initialize?prefCd=19&kikanCd=3190000343&kikanKbn=3", "url2": null, "内容": "勝俣歯科医院【3:歯科】山梨県富士吉田市下吉田１－７－１２" }, "geometry": { "type": "Point", "coordinates": [ 138.805573, 35.493008 ] } },
{ "type": "Feature", "properties": { "ID": 1933190000344, "正式名称": "三浦一之歯科医院", "機関区分": 3, "都道府県コード": 19, "市区町村コード": 202, "所在地": "山梨県富士吉田市下吉田９－３４－１２", "緯度": 35.490813, "経度": 138.803823, "url": "https://www.iryou.teikyouseido.mhlw.go.jp/znk-web/juminkanja/S2430/initialize?prefCd=19&kikanCd=3190000344&kikanKbn=3", "url2": null, "内容": "三浦一之歯科医院【3:歯科】山梨県富士吉田市下吉田９－３４－１２" }, "geometry": { "type": "Point", "coordinates": [ 138.803823, 35.490813 ] } },
{ "type": "Feature", "properties": { "ID": 1933190000347, "正式名称": "富士見台歯科医院", "機関区分": 3, "都道府県コード": 19, "市区町村コード": 202, "所在地": "山梨県富士吉田市富士見５－８－２８", "緯度": 35.502118, "経度": 138.816239, "url": "https://www.iryou.teikyouseido.mhlw.go.jp/znk-web/juminkanja/S2430/initialize?prefCd=19&kikanCd=3190000347&kikanKbn=3", "url2": null, "内容": "富士見台歯科医院【3:歯科】山梨県富士吉田市富士見５－８－２８" }, "geometry": { "type": "Point", "coordinates": [ 138.816239, 35.502118 ] } },
{ "type": "Feature", "properties": { "ID": 1933190000348, "正式名称": "永島歯科医院", "機関区分": 3, "都道府県コード": 19, "市区町村コード": 202, "所在地": "山梨県富士吉田市下吉田４－１０－３３", "緯度": 35.489009, "経度": 138.799269, "url": "https://www.iryou.teikyouseido.mhlw.go.jp/znk-web/juminkanja/S2430/initialize?prefCd=19&kikanCd=3190000348&kikanKbn=3", "url2": null, "内容": "永島歯科医院【3:歯科】山梨県富士吉田市下吉田４－１０－３３" }, "geometry": { "type": "Point", "coordinates": [ 138.799269, 35.489009 ] } },
{ "type": "Feature", "properties": { "ID": 1933190000350, "正式名称": "大森歯科医院", "機関区分": 3, "都道府県コード": 19, "市区町村コード": 202, "所在地": "山梨県富士吉田市新町４－１１－１３", "緯度": 35.494369, "経度": 138.79788, "url": "https://www.iryou.teikyouseido.mhlw.go.jp/znk-web/juminkanja/S2430/initialize?prefCd=19&kikanCd=3190000350&kikanKbn=3", "url2": null, "内容": "大森歯科医院【3:歯科】山梨県富士吉田市新町４－１１－１３" }, "geometry": { "type": "Point", "coordinates": [ 138.79788, 35.494369 ] } },
{ "type": "Feature", "properties": { "ID": 1933190000351, "正式名称": "渡辺（公）歯科医院", "機関区分": 3, "都道府県コード": 19, "市区町村コード": 202, "所在地": "山梨県富士吉田市上吉田１－１０－１７", "緯度": 35.482648, "経度": 138.797936, "url": "https://www.iryou.teikyouseido.mhlw.go.jp/znk-web/juminkanja/S2430/initialize?prefCd=19&kikanCd=3190000351&kikanKbn=3", "url2": null, "内容": "渡辺（公）歯科医院【3:歯科】山梨県富士吉田市上吉田１－１０－１７" }, "geometry": { "type": "Point", "coordinates": [ 138.797936, 35.482648 ] } },
{ "type": "Feature", "properties": { "ID": 1933190000352, "正式名称": "ひまわり歯科医院", "機関区分": 3, "都道府県コード": 19, "市区町村コード": 202, "所在地": "山梨県富士吉田市上吉田２－１１－２", "緯度": 35.481592, "経度": 138.795658, "url": "https://www.iryou.teikyouseido.mhlw.go.jp/znk-web/juminkanja/S2430/initialize?prefCd=19&kikanCd=3190000352&kikanKbn=3", "url2": null, "内容": "ひまわり歯科医院【3:歯科】山梨県富士吉田市上吉田２－１１－２" }, "geometry": { "type": "Point", "coordinates": [ 138.795658, 35.481592 ] } },
{ "type": "Feature", "properties": { "ID": 1933190000353, "正式名称": "柴垣矯正歯科医院", "機関区分": 3, "都道府県コード": 19, "市区町村コード": 202, "所在地": "山梨県富士吉田市上吉田東２－２－１１", "緯度": 35.474038, "経度": 138.802019, "url": "https://www.iryou.teikyouseido.mhlw.go.jp/znk-web/juminkanja/S2430/initialize?prefCd=19&kikanCd=3190000353&kikanKbn=3", "url2": null, "内容": "柴垣矯正歯科医院【3:歯科】山梨県富士吉田市上吉田東２－２－１１" }, "geometry": { "type": "Point", "coordinates": [ 138.802019, 35.474038 ] } },
{ "type": "Feature", "properties": { "ID": 1933190000354, "正式名称": "ワタナベ歯科医院", "機関区分": 3, "都道府県コード": 19, "市区町村コード": 202, "所在地": "山梨県富士吉田市上吉田東２－１－６", "緯度": 35.478538, "経度": 138.795881, "url": "https://www.iryou.teikyouseido.mhlw.go.jp/znk-web/juminkanja/S2430/initialize?prefCd=19&kikanCd=3190000354&kikanKbn=3", "url2": null, "内容": "ワタナベ歯科医院【3:歯科】山梨県富士吉田市上吉田東２－１－６" }, "geometry": { "type": "Point", "coordinates": [ 138.795881, 35.478538 ] } },
{ "type": "Feature", "properties": { "ID": 1933190000357, "正式名称": "中沢歯科医院", "機関区分": 3, "都道府県コード": 19, "市区町村コード": 202, "所在地": "山梨県富士吉田市上吉田７０", "緯度": 35.47501, "経度": 138.79152, "url": "https://www.iryou.teikyouseido.mhlw.go.jp/znk-web/juminkanja/S2430/initialize?prefCd=19&kikanCd=3190000357&kikanKbn=3", "url2": null, "内容": "中沢歯科医院【3:歯科】山梨県富士吉田市上吉田７０" }, "geometry": { "type": "Point", "coordinates": [ 138.79152, 35.47501 ] } },
{ "type": "Feature", "properties": { "ID": 1933190000358, "正式名称": "希代歯科医院", "機関区分": 3, "都道府県コード": 19, "市区町村コード": 202, "所在地": "山梨県富士吉田市新西原２－２４－５", "緯度": 35.481537, "経度": 138.787131, "url": "https://www.iryou.teikyouseido.mhlw.go.jp/znk-web/juminkanja/S2430/initialize?prefCd=19&kikanCd=3190000358&kikanKbn=3", "url2": null, "内容": "希代歯科医院【3:歯科】山梨県富士吉田市新西原２－２４－５" }, "geometry": { "type": "Point", "coordinates": [ 138.787131, 35.481537 ] } },
{ "type": "Feature", "properties": { "ID": 1933190000359, "正式名称": "医療法人翔新会和歯科クリニック", "機関区分": 3, "都道府県コード": 19, "市区町村コード": 202, "所在地": "山梨県富士吉田市新町２丁目２番１０号", "緯度": 35.49673, "経度": 138.801462, "url": "https://www.iryou.teikyouseido.mhlw.go.jp/znk-web/juminkanja/S2430/initialize?prefCd=19&kikanCd=3190000359&kikanKbn=3", "url2": "http://www.kaz-dental.net/", "内容": "医療法人翔新会和歯科クリニック【3:歯科】山梨県富士吉田市新町２丁目２番１０号" }, "geometry": { "type": "Point", "coordinates": [ 138.801462, 35.49673 ] } },
{ "type": "Feature", "properties": { "ID": 1933190000360, "正式名称": "あきやま歯科クリニック", "機関区分": 3, "都道府県コード": 19, "市区町村コード": 202, "所在地": "山梨県富士吉田市富士見１－８－１", "緯度": 35.487481, "経度": 138.807879, "url": "https://www.iryou.teikyouseido.mhlw.go.jp/znk-web/juminkanja/S2430/initialize?prefCd=19&kikanCd=3190000360&kikanKbn=3", "url2": null, "内容": "あきやま歯科クリニック【3:歯科】山梨県富士吉田市富士見１－８－１" }, "geometry": { "type": "Point", "coordinates": [ 138.807879, 35.487481 ] } },
{ "type": "Feature", "properties": { "ID": 1933190000362, "正式名称": "中村歯科医院", "機関区分": 3, "都道府県コード": 19, "市区町村コード": 202, "所在地": "山梨県富士吉田市緑ケ丘１－４－１１", "緯度": 35.492008, "経度": 138.79863, "url": "https://www.iryou.teikyouseido.mhlw.go.jp/znk-web/juminkanja/S2430/initialize?prefCd=19&kikanCd=3190000362&kikanKbn=3", "url2": null, "内容": "中村歯科医院【3:歯科】山梨県富士吉田市緑ケ丘１－４－１１" }, "geometry": { "type": "Point", "coordinates": [ 138.79863, 35.492008 ] } },
{ "type": "Feature", "properties": { "ID": 1933190000363, "正式名称": "渡邉歯科医院", "機関区分": 3, "都道府県コード": 19, "市区町村コード": 423, "所在地": "山梨県南都留郡西桂町小沼１５０７", "緯度": 35.524089, "経度": 138.846346, "url": "https://www.iryou.teikyouseido.mhlw.go.jp/znk-web/juminkanja/S2430/initialize?prefCd=19&kikanCd=3190000363&kikanKbn=3", "url2": null, "内容": "渡邉歯科医院【3:歯科】山梨県南都留郡西桂町小沼１５０７" }, "geometry": { "type": "Point", "coordinates": [ 138.846346, 35.524089 ] } },
{ "type": "Feature", "properties": { "ID": 1933190000364, "正式名称": "シマダ歯科医院", "機関区分": 3, "都道府県コード": 19, "市区町村コード": 423, "所在地": "山梨県南都留郡西桂町小沼１７１２－２", "緯度": 35.522534, "経度": 138.847374, "url": "https://www.iryou.teikyouseido.mhlw.go.jp/znk-web/juminkanja/S2430/initialize?prefCd=19&kikanCd=3190000364&kikanKbn=3", "url2": "https://www.shimadadc-yamanashi.com/", "内容": "シマダ歯科医院【3:歯科】山梨県南都留郡西桂町小沼１７１２－２" }, "geometry": { "type": "Point", "coordinates": [ 138.847374, 35.522534 ] } },
{ "type": "Feature", "properties": { "ID": 1933190000366, "正式名称": "いあい歯科", "機関区分": 3, "都道府県コード": 19, "市区町村コード": 424, "所在地": "山梨県南都留郡忍野村内野２００６", "緯度": 35.462623, "経度": 138.85957, "url": "https://www.iryou.teikyouseido.mhlw.go.jp/znk-web/juminkanja/S2430/initialize?prefCd=19&kikanCd=3190000366&kikanKbn=3", "url2": null, "内容": "いあい歯科【3:歯科】山梨県南都留郡忍野村内野２００６" }, "geometry": { "type": "Point", "coordinates": [ 138.85957, 35.462623 ] } },
{ "type": "Feature", "properties": { "ID": 1933190000367, "正式名称": "山中湖村診療所歯科", "機関区分": 3, "都道府県コード": 19, "市区町村コード": 425, "所在地": "山梨県南都留郡山中湖村山中１２", "緯度": 35.42796, "経度": 138.84799, "url": "https://www.iryou.teikyouseido.mhlw.go.jp/znk-web/juminkanja/S2430/initialize?prefCd=19&kikanCd=3190000367&kikanKbn=3", "url2": "http://yamanakako.info/dental/", "内容": "山中湖村診療所歯科【3:歯科】山梨県南都留郡山中湖村山中１２" }, "geometry": { "type": "Point", "coordinates": [ 138.84799, 35.42796 ] } },
{ "type": "Feature", "properties": { "ID": 1933190000368, "正式名称": "医療法人聖仁会すみ歯科医院", "機関区分": 3, "都道府県コード": 19, "市区町村コード": 430, "所在地": "山梨県南都留郡富士河口湖町船津１７７５", "緯度": 35.486563, "経度": 138.759216, "url": "https://www.iryou.teikyouseido.mhlw.go.jp/znk-web/juminkanja/S2430/initialize?prefCd=19&kikanCd=3190000368&kikanKbn=3", "url2": "http://seijinkai-group.jp/", "内容": "医療法人聖仁会すみ歯科医院【3:歯科】山梨県南都留郡富士河口湖町船津１７７５" }, "geometry": { "type": "Point", "coordinates": [ 138.759216, 35.486563 ] } },
{ "type": "Feature", "properties": { "ID": 1933190000369, "正式名称": "大門歯科医院", "機関区分": 3, "都道府県コード": 19, "市区町村コード": 430, "所在地": "山梨県南都留郡富士河口湖町小立２１２６", "緯度": 35.50545, "経度": 138.746105, "url": "https://www.iryou.teikyouseido.mhlw.go.jp/znk-web/juminkanja/S2430/initialize?prefCd=19&kikanCd=3190000369&kikanKbn=3", "url2": null, "内容": "大門歯科医院【3:歯科】山梨県南都留郡富士河口湖町小立２１２６" }, "geometry": { "type": "Point", "coordinates": [ 138.746105, 35.50545 ] } },
{ "type": "Feature", "properties": { "ID": 1933190000370, "正式名称": "はなまがり歯科医院", "機関区分": 3, "都道府県コード": 19, "市区町村コード": 430, "所在地": "山梨県南都留郡富士河口湖町小立２７７１", "緯度": 35.501728, "経度": 138.748911, "url": "https://www.iryou.teikyouseido.mhlw.go.jp/znk-web/juminkanja/S2430/initialize?prefCd=19&kikanCd=3190000370&kikanKbn=3", "url2": null, "内容": "はなまがり歯科医院【3:歯科】山梨県南都留郡富士河口湖町小立２７７１" }, "geometry": { "type": "Point", "coordinates": [ 138.748911, 35.501728 ] } },
{ "type": "Feature", "properties": { "ID": 1933190000371, "正式名称": "渡辺歯科医院", "機関区分": 3, "都道府県コード": 19, "市区町村コード": 430, "所在地": "山梨県南都留郡富士河口湖町船津１４５５－２", "緯度": 35.498285, "経度": 138.760882, "url": "https://www.iryou.teikyouseido.mhlw.go.jp/znk-web/juminkanja/S2430/initialize?prefCd=19&kikanCd=3190000371&kikanKbn=3", "url2": null, "内容": "渡辺歯科医院【3:歯科】山梨県南都留郡富士河口湖町船津１４５５－２" }, "geometry": { "type": "Point", "coordinates": [ 138.760882, 35.498285 ] } },
{ "type": "Feature", "properties": { "ID": 1933190000372, "正式名称": "佐野歯科医院", "機関区分": 3, "都道府県コード": 19, "市区町村コード": 430, "所在地": "山梨県南都留郡富士河口湖町船津１５１４", "緯度": 35.498007, "経度": 138.764049, "url": "https://www.iryou.teikyouseido.mhlw.go.jp/znk-web/juminkanja/S2430/initialize?prefCd=19&kikanCd=3190000372&kikanKbn=3", "url2": null, "内容": "佐野歯科医院【3:歯科】山梨県南都留郡富士河口湖町船津１５１４" }, "geometry": { "type": "Point", "coordinates": [ 138.764049, 35.498007 ] } },
{ "type": "Feature", "properties": { "ID": 1933190000373, "正式名称": "藤久保歯科医院", "機関区分": 3, "都道府県コード": 19, "市区町村コード": 430, "所在地": "山梨県南都留郡富士河口湖町船津２１６２", "緯度": 35.494035, "経度": 138.762716, "url": "https://www.iryou.teikyouseido.mhlw.go.jp/znk-web/juminkanja/S2430/initialize?prefCd=19&kikanCd=3190000373&kikanKbn=3", "url2": null, "内容": "藤久保歯科医院【3:歯科】山梨県南都留郡富士河口湖町船津２１６２" }, "geometry": { "type": "Point", "coordinates": [ 138.762716, 35.494035 ] } },
{ "type": "Feature", "properties": { "ID": 1933190000374, "正式名称": "しらかべ歯科医院", "機関区分": 3, "都道府県コード": 19, "市区町村コード": 430, "所在地": "山梨県南都留郡富士河口湖町船津７５９７－１", "緯度": 35.485008, "経度": 138.760077, "url": "https://www.iryou.teikyouseido.mhlw.go.jp/znk-web/juminkanja/S2430/initialize?prefCd=19&kikanCd=3190000374&kikanKbn=3", "url2": null, "内容": "しらかべ歯科医院【3:歯科】山梨県南都留郡富士河口湖町船津７５９７－１" }, "geometry": { "type": "Point", "coordinates": [ 138.760077, 35.485008 ] } },
{ "type": "Feature", "properties": { "ID": 1933190000375, "正式名称": "トモヒロ歯科医院", "機関区分": 3, "都道府県コード": 19, "市区町村コード": 430, "所在地": "山梨県南都留郡富士河口湖町船津３１０１－５", "緯度": 35.495423, "経度": 138.76441, "url": "https://www.iryou.teikyouseido.mhlw.go.jp/znk-web/juminkanja/S2430/initialize?prefCd=19&kikanCd=3190000375&kikanKbn=3", "url2": null, "内容": "トモヒロ歯科医院【3:歯科】山梨県南都留郡富士河口湖町船津３１０１－５" }, "geometry": { "type": "Point", "coordinates": [ 138.76441, 35.495423 ] } },
{ "type": "Feature", "properties": { "ID": 1933190000376, "正式名称": "井ビシ歯科医院", "機関区分": 3, "都道府県コード": 19, "市区町村コード": 430, "所在地": "山梨県南都留郡富士河口湖町船津３４９５－１　陽光ビルディング２階", "緯度": 35.498951, "経度": 138.76741, "url": "https://www.iryou.teikyouseido.mhlw.go.jp/znk-web/juminkanja/S2430/initialize?prefCd=19&kikanCd=3190000376&kikanKbn=3", "url2": "https://kawaguchiko-haisha.jp/", "内容": "井ビシ歯科医院【3:歯科】山梨県南都留郡富士河口湖町船津３４９５－１　陽光ビルディング２階" }, "geometry": { "type": "Point", "coordinates": [ 138.76741, 35.498951 ] } },
{ "type": "Feature", "properties": { "ID": 1933190000377, "正式名称": "湖南歯科医院", "機関区分": 3, "都道府県コード": 19, "市区町村コード": 430, "所在地": "山梨県南都留郡富士河口湖町船津６５１－４", "緯度": 35.501867, "経度": 138.760354, "url": "https://www.iryou.teikyouseido.mhlw.go.jp/znk-web/juminkanja/S2430/initialize?prefCd=19&kikanCd=3190000377&kikanKbn=3", "url2": null, "内容": "湖南歯科医院【3:歯科】山梨県南都留郡富士河口湖町船津６５１－４" }, "geometry": { "type": "Point", "coordinates": [ 138.760354, 35.501867 ] } },
{ "type": "Feature", "properties": { "ID": 1933190000378, "正式名称": "井出歯科医院", "機関区分": 3, "都道府県コード": 19, "市区町村コード": 430, "所在地": "山梨県南都留郡富士河口湖町船津９２０", "緯度": 35.501285, "経度": 138.766021, "url": "https://www.iryou.teikyouseido.mhlw.go.jp/znk-web/juminkanja/S2430/initialize?prefCd=19&kikanCd=3190000378&kikanKbn=3", "url2": null, "内容": "井出歯科医院【3:歯科】山梨県南都留郡富士河口湖町船津９２０" }, "geometry": { "type": "Point", "coordinates": [ 138.766021, 35.501285 ] } },
{ "type": "Feature", "properties": { "ID": 1933190000379, "正式名称": "山道歯科医院", "機関区分": 3, "都道府県コード": 19, "市区町村コード": 430, "所在地": "山梨県南都留郡富士河口湖町船津９７７", "緯度": 35.500535, "経度": 138.76416, "url": "https://www.iryou.teikyouseido.mhlw.go.jp/znk-web/juminkanja/S2430/initialize?prefCd=19&kikanCd=3190000379&kikanKbn=3", "url2": null, "内容": "山道歯科医院【3:歯科】山梨県南都留郡富士河口湖町船津９７７" }, "geometry": { "type": "Point", "coordinates": [ 138.76416, 35.500535 ] } },
{ "type": "Feature", "properties": { "ID": 1933190000380, "正式名称": "安富歯科医院", "機関区分": 3, "都道府県コード": 19, "市区町村コード": 429, "所在地": "山梨県南都留郡鳴沢村２１５０", "緯度": 35.482369, "経度": 138.710276, "url": "https://www.iryou.teikyouseido.mhlw.go.jp/znk-web/juminkanja/S2430/initialize?prefCd=19&kikanCd=3190000380&kikanKbn=3", "url2": "http://yasutomishika8020.cihp2.jp", "内容": "安富歯科医院【3:歯科】山梨県南都留郡鳴沢村２１５０" }, "geometry": { "type": "Point", "coordinates": [ 138.710276, 35.482369 ] } },
{ "type": "Feature", "properties": { "ID": 1933190000386, "正式名称": "坂本歯科医院", "機関区分": 3, "都道府県コード": 19, "市区町村コード": 206, "所在地": "山梨県大月市猿橋町猿橋２０４－１８", "緯度": 35.614276, "経度": 138.975359, "url": "https://www.iryou.teikyouseido.mhlw.go.jp/znk-web/juminkanja/S2430/initialize?prefCd=19&kikanCd=3190000386&kikanKbn=3", "url2": null, "内容": "坂本歯科医院【3:歯科】山梨県大月市猿橋町猿橋２０４－１８" }, "geometry": { "type": "Point", "coordinates": [ 138.975359, 35.614276 ] } },
{ "type": "Feature", "properties": { "ID": 1933190000387, "正式名称": "遠山歯科医院", "機関区分": 3, "都道府県コード": 19, "市区町村コード": 206, "所在地": "山梨県大月市猿橋町猿橋６１９", "緯度": 35.615998, "経度": 138.97972, "url": "https://www.iryou.teikyouseido.mhlw.go.jp/znk-web/juminkanja/S2430/initialize?prefCd=19&kikanCd=3190000387&kikanKbn=3", "url2": null, "内容": "遠山歯科医院【3:歯科】山梨県大月市猿橋町猿橋６１９" }, "geometry": { "type": "Point", "coordinates": [ 138.97972, 35.615998 ] } },
{ "type": "Feature", "properties": { "ID": 1933190000388, "正式名称": "宮田歯科医院", "機関区分": 3, "都道府県コード": 19, "市区町村コード": 206, "所在地": "山梨県大月市猿橋町殿上３６３", "緯度": 35.613859, "経度": 138.96811, "url": "https://www.iryou.teikyouseido.mhlw.go.jp/znk-web/juminkanja/S2430/initialize?prefCd=19&kikanCd=3190000388&kikanKbn=3", "url2": null, "内容": "宮田歯科医院【3:歯科】山梨県大月市猿橋町殿上３６３" }, "geometry": { "type": "Point", "coordinates": [ 138.96811, 35.613859 ] } },
{ "type": "Feature", "properties": { "ID": 1933190000389, "正式名称": "岡歯科医院", "機関区分": 3, "都道府県コード": 19, "市区町村コード": 206, "所在地": "山梨県大月市御太刀１－１２－２０", "緯度": 35.614831, "経度": 138.946862, "url": "https://www.iryou.teikyouseido.mhlw.go.jp/znk-web/juminkanja/S2430/initialize?prefCd=19&kikanCd=3190000389&kikanKbn=3", "url2": null, "内容": "岡歯科医院【3:歯科】山梨県大月市御太刀１－１２－２０" }, "geometry": { "type": "Point", "coordinates": [ 138.946862, 35.614831 ] } },
{ "type": "Feature", "properties": { "ID": 1933190000390, "正式名称": "遠藤歯科医院", "機関区分": 3, "都道府県コード": 19, "市区町村コード": 206, "所在地": "山梨県大月市御太刀１－１５－１１", "緯度": 35.61322, "経度": 138.946668, "url": "https://www.iryou.teikyouseido.mhlw.go.jp/znk-web/juminkanja/S2430/initialize?prefCd=19&kikanCd=3190000390&kikanKbn=3", "url2": null, "内容": "遠藤歯科医院【3:歯科】山梨県大月市御太刀１－１５－１１" }, "geometry": { "type": "Point", "coordinates": [ 138.946668, 35.61322 ] } },
{ "type": "Feature", "properties": { "ID": 1933190000391, "正式名称": "進士歯科医院", "機関区分": 3, "都道府県コード": 19, "市区町村コード": 206, "所在地": "山梨県大月市御太刀１－８－１９", "緯度": 35.612998, "経度": 138.944168, "url": "https://www.iryou.teikyouseido.mhlw.go.jp/znk-web/juminkanja/S2430/initialize?prefCd=19&kikanCd=3190000391&kikanKbn=3", "url2": "http://shinji-dental.com/index.html", "内容": "進士歯科医院【3:歯科】山梨県大月市御太刀１－８－１９" }, "geometry": { "type": "Point", "coordinates": [ 138.944168, 35.612998 ] } },
{ "type": "Feature", "properties": { "ID": 1933190000392, "正式名称": "医療法人小泉歯科医院", "機関区分": 3, "都道府県コード": 19, "市区町村コード": 206, "所在地": "山梨県大月市七保町葛野１５１０－１", "緯度": 35.628468, "経度": 138.958138, "url": "https://www.iryou.teikyouseido.mhlw.go.jp/znk-web/juminkanja/S2430/initialize?prefCd=19&kikanCd=3190000392&kikanKbn=3", "url2": "http://www.koizumi-dent.jp", "内容": "医療法人小泉歯科医院【3:歯科】山梨県大月市七保町葛野１５１０－１" }, "geometry": { "type": "Point", "coordinates": [ 138.958138, 35.628468 ] } },
{ "type": "Feature", "properties": { "ID": 1933190000394, "正式名称": "山本歯科医院", "機関区分": 3, "都道府県コード": 19, "市区町村コード": 206, "所在地": "山梨県大月市大月１－２０－８", "緯度": 35.61172, "経度": 138.943945, "url": "https://www.iryou.teikyouseido.mhlw.go.jp/znk-web/juminkanja/S2430/initialize?prefCd=19&kikanCd=3190000394&kikanKbn=3", "url2": null, "内容": "山本歯科医院【3:歯科】山梨県大月市大月１－２０－８" }, "geometry": { "type": "Point", "coordinates": [ 138.943945, 35.61172 ] } },
{ "type": "Feature", "properties": { "ID": 1933190000395, "正式名称": "布施歯科医院", "機関区分": 3, "都道府県コード": 19, "市区町村コード": 206, "所在地": "山梨県大月市大月（１～３丁目）１－６－１４", "緯度": 35.611303, "経度": 138.94089, "url": "https://www.iryou.teikyouseido.mhlw.go.jp/znk-web/juminkanja/S2430/initialize?prefCd=19&kikanCd=3190000395&kikanKbn=3", "url2": "http://fusedental.net/", "内容": "布施歯科医院【3:歯科】山梨県大月市大月（１～３丁目）１－６－１４" }, "geometry": { "type": "Point", "coordinates": [ 138.94089, 35.611303 ] } },
{ "type": "Feature", "properties": { "ID": 1933190000396, "正式名称": "干潟歯科医院", "機関区分": 3, "都道府県コード": 19, "市区町村コード": 206, "所在地": "山梨県大月市大月３丁目１－２３", "緯度": 35.614053, "経度": 138.941584, "url": "https://www.iryou.teikyouseido.mhlw.go.jp/znk-web/juminkanja/S2430/initialize?prefCd=19&kikanCd=3190000396&kikanKbn=3", "url2": null, "内容": "干潟歯科医院【3:歯科】山梨県大月市大月３丁目１－２３" }, "geometry": { "type": "Point", "coordinates": [ 138.941584, 35.614053 ] } },
{ "type": "Feature", "properties": { "ID": 1933190000397, "正式名称": "佐藤歯科クリニック", "機関区分": 3, "都道府県コード": 19, "市区町村コード": 206, "所在地": "山梨県大月市大月町花咲１２７１－３１", "緯度": 35.60722, "経度": 138.937557, "url": "https://www.iryou.teikyouseido.mhlw.go.jp/znk-web/juminkanja/S2430/initialize?prefCd=19&kikanCd=3190000397&kikanKbn=3", "url2": null, "内容": "佐藤歯科クリニック【3:歯科】山梨県大月市大月町花咲１２７１－３１" }, "geometry": { "type": "Point", "coordinates": [ 138.937557, 35.60722 ] } },
{ "type": "Feature", "properties": { "ID": 1933190000398, "正式名称": "岩崎歯科医院", "機関区分": 3, "都道府県コード": 19, "市区町村コード": 206, "所在地": "山梨県大月市富浜町鳥沢２６１", "緯度": 35.608693, "経度": 139.006079, "url": "https://www.iryou.teikyouseido.mhlw.go.jp/znk-web/juminkanja/S2430/initialize?prefCd=19&kikanCd=3190000398&kikanKbn=3", "url2": null, "内容": "岩崎歯科医院【3:歯科】山梨県大月市富浜町鳥沢２６１" }, "geometry": { "type": "Point", "coordinates": [ 139.006079, 35.608693 ] } },
{ "type": "Feature", "properties": { "ID": 1933190000399, "正式名称": "たんぽぽ歯科医院", "機関区分": 3, "都道府県コード": 19, "市区町村コード": 204, "所在地": "山梨県都留市つる３－４－２３", "緯度": 35.557419, "経度": 138.905701, "url": "https://www.iryou.teikyouseido.mhlw.go.jp/znk-web/juminkanja/S2430/initialize?prefCd=19&kikanCd=3190000399&kikanKbn=3", "url2": "https://www.tanpopodc.jp/", "内容": "たんぽぽ歯科医院【3:歯科】山梨県都留市つる３－４－２３" }, "geometry": { "type": "Point", "coordinates": [ 138.905701, 35.557419 ] } },
{ "type": "Feature", "properties": { "ID": 1933190000400, "正式名称": "金子歯科医院", "機関区分": 3, "都道府県コード": 19, "市区町村コード": 204, "所在地": "山梨県都留市下谷２－１－１０", "緯度": 35.561392, "経度": 138.913423, "url": "https://www.iryou.teikyouseido.mhlw.go.jp/znk-web/juminkanja/S2430/initialize?prefCd=19&kikanCd=3190000400&kikanKbn=3", "url2": null, "内容": "金子歯科医院【3:歯科】山梨県都留市下谷２－１－１０" }, "geometry": { "type": "Point", "coordinates": [ 138.913423, 35.561392 ] } },
{ "type": "Feature", "properties": { "ID": 1933190000401, "正式名称": "ファミリー歯科医院", "機関区分": 3, "都道府県コード": 19, "市区町村コード": 204, "所在地": "山梨県都留市下谷４－１－６", "緯度": 35.562253, "経度": 138.910228, "url": "https://www.iryou.teikyouseido.mhlw.go.jp/znk-web/juminkanja/S2430/initialize?prefCd=19&kikanCd=3190000401&kikanKbn=3", "url2": null, "内容": "ファミリー歯科医院【3:歯科】山梨県都留市下谷４－１－６" }, "geometry": { "type": "Point", "coordinates": [ 138.910228, 35.562253 ] } },
{ "type": "Feature", "properties": { "ID": 1933190000402, "正式名称": "フナクボ歯科医院", "機関区分": 3, "都道府県コード": 19, "市区町村コード": 204, "所在地": "山梨県都留市桂町１２１５－５", "緯度": 35.533838, "経度": 138.867039, "url": "https://www.iryou.teikyouseido.mhlw.go.jp/znk-web/juminkanja/S2430/initialize?prefCd=19&kikanCd=3190000402&kikanKbn=3", "url2": null, "内容": "フナクボ歯科医院【3:歯科】山梨県都留市桂町１２１５－５" }, "geometry": { "type": "Point", "coordinates": [ 138.867039, 35.533838 ] } },
{ "type": "Feature", "properties": { "ID": 1933190000403, "正式名称": "米山歯科医院", "機関区分": 3, "都道府県コード": 19, "市区町村コード": 204, "所在地": "山梨県都留市桂町８７５－１", "緯度": 35.535199, "経度": 138.871622, "url": "https://www.iryou.teikyouseido.mhlw.go.jp/znk-web/juminkanja/S2430/initialize?prefCd=19&kikanCd=3190000403&kikanKbn=3", "url2": null, "内容": "米山歯科医院【3:歯科】山梨県都留市桂町８７５－１" }, "geometry": { "type": "Point", "coordinates": [ 138.871622, 35.535199 ] } },
{ "type": "Feature", "properties": { "ID": 1933190000404, "正式名称": "亀田歯科医院", "機関区分": 3, "都道府県コード": 19, "市区町村コード": 204, "所在地": "山梨県都留市上谷２－２－２２", "緯度": 35.550754, "経度": 138.906368, "url": "https://www.iryou.teikyouseido.mhlw.go.jp/znk-web/juminkanja/S2430/initialize?prefCd=19&kikanCd=3190000404&kikanKbn=3", "url2": null, "内容": "亀田歯科医院【3:歯科】山梨県都留市上谷２－２－２２" }, "geometry": { "type": "Point", "coordinates": [ 138.906368, 35.550754 ] } },
{ "type": "Feature", "properties": { "ID": 1933190000406, "正式名称": "秋山歯科医院", "機関区分": 3, "都道府県コード": 19, "市区町村コード": 204, "所在地": "山梨県都留市上谷６－１２－６", "緯度": 35.54281, "経度": 138.902508, "url": "https://www.iryou.teikyouseido.mhlw.go.jp/znk-web/juminkanja/S2430/initialize?prefCd=19&kikanCd=3190000406&kikanKbn=3", "url2": null, "内容": "秋山歯科医院【3:歯科】山梨県都留市上谷６－１２－６" }, "geometry": { "type": "Point", "coordinates": [ 138.902508, 35.54281 ] } },
{ "type": "Feature", "properties": { "ID": 1933190000407, "正式名称": "山本歯科医院", "機関区分": 3, "都道府県コード": 19, "市区町村コード": 204, "所在地": "山梨県都留市田原１－８－５", "緯度": 35.543643, "経度": 138.895063, "url": "https://www.iryou.teikyouseido.mhlw.go.jp/znk-web/juminkanja/S2430/initialize?prefCd=19&kikanCd=3190000407&kikanKbn=3", "url2": null, "内容": "山本歯科医院【3:歯科】山梨県都留市田原１－８－５" }, "geometry": { "type": "Point", "coordinates": [ 138.895063, 35.543643 ] } },
{ "type": "Feature", "properties": { "ID": 1933190000409, "正式名称": "小俣歯科医院", "機関区分": 3, "都道府県コード": 19, "市区町村コード": 204, "所在地": "山梨県都留市田野倉１３２２－１", "緯度": 35.591639, "経度": 138.929197, "url": "https://www.iryou.teikyouseido.mhlw.go.jp/znk-web/juminkanja/S2430/initialize?prefCd=19&kikanCd=3190000409&kikanKbn=3", "url2": null, "内容": "小俣歯科医院【3:歯科】山梨県都留市田野倉１３２２－１" }, "geometry": { "type": "Point", "coordinates": [ 138.929197, 35.591639 ] } },
{ "type": "Feature", "properties": { "ID": 1933190000411, "正式名称": "戸澤歯科医院", "機関区分": 3, "都道府県コード": 19, "市区町村コード": 204, "所在地": "山梨県都留市戸沢２９０－１", "緯度": 35.54906, "経度": 138.938615, "url": "https://www.iryou.teikyouseido.mhlw.go.jp/znk-web/juminkanja/S2430/initialize?prefCd=19&kikanCd=3190000411&kikanKbn=3", "url2": null, "内容": "戸澤歯科医院【3:歯科】山梨県都留市戸沢２９０－１" }, "geometry": { "type": "Point", "coordinates": [ 138.938615, 35.54906 ] } },
{ "type": "Feature", "properties": { "ID": 1933190000413, "正式名称": "医療法人　仁慈会　小田歯科医院", "機関区分": 3, "都道府県コード": 19, "市区町村コード": 212, "所在地": "山梨県上野原市コモアしおつ３－２０－１２", "緯度": 35.617278, "経度": 139.073795, "url": "https://www.iryou.teikyouseido.mhlw.go.jp/znk-web/juminkanja/S2430/initialize?prefCd=19&kikanCd=3190000413&kikanKbn=3", "url2": null, "内容": "医療法人　仁慈会　小田歯科医院【3:歯科】山梨県上野原市コモアしおつ３－２０－１２" }, "geometry": { "type": "Point", "coordinates": [ 139.073795, 35.617278 ] } },
{ "type": "Feature", "properties": { "ID": 1933190000416, "正式名称": "石井歯科医院", "機関区分": 3, "都道府県コード": 19, "市区町村コード": 212, "所在地": "山梨県上野原市上野原１９８７", "緯度": 35.62586, "経度": 139.11293, "url": "https://www.iryou.teikyouseido.mhlw.go.jp/znk-web/juminkanja/S2430/initialize?prefCd=19&kikanCd=3190000416&kikanKbn=3", "url2": null, "内容": "石井歯科医院【3:歯科】山梨県上野原市上野原１９８７" }, "geometry": { "type": "Point", "coordinates": [ 139.11293, 35.62586 ] } },
{ "type": "Feature", "properties": { "ID": 1933190000417, "正式名称": "島崎歯科医院", "機関区分": 3, "都道府県コード": 19, "市区町村コード": 212, "所在地": "山梨県上野原市上野原２０１８－６", "緯度": 35.626693, "経度": 139.113791, "url": "https://www.iryou.teikyouseido.mhlw.go.jp/znk-web/juminkanja/S2430/initialize?prefCd=19&kikanCd=3190000417&kikanKbn=3", "url2": null, "内容": "島崎歯科医院【3:歯科】山梨県上野原市上野原２０１８－６" }, "geometry": { "type": "Point", "coordinates": [ 139.113791, 35.626693 ] } },
{ "type": "Feature", "properties": { "ID": 1933190000418, "正式名称": "遠藤歯科クリニック", "機関区分": 3, "都道府県コード": 19, "市区町村コード": 212, "所在地": "山梨県上野原市上野原３８０５", "緯度": 35.628665, "経度": 139.111264, "url": "https://www.iryou.teikyouseido.mhlw.go.jp/znk-web/juminkanja/S2430/initialize?prefCd=19&kikanCd=3190000418&kikanKbn=3", "url2": null, "内容": "遠藤歯科クリニック【3:歯科】山梨県上野原市上野原３８０５" }, "geometry": { "type": "Point", "coordinates": [ 139.111264, 35.628665 ] } },
{ "type": "Feature", "properties": { "ID": 1933190000419, "正式名称": "細川歯科医院", "機関区分": 3, "都道府県コード": 19, "市区町村コード": 212, "所在地": "山梨県上野原市上野原４１１３－１", "緯度": 35.634387, "経度": 139.108597, "url": "https://www.iryou.teikyouseido.mhlw.go.jp/znk-web/juminkanja/S2430/initialize?prefCd=19&kikanCd=3190000419&kikanKbn=3", "url2": null, "内容": "細川歯科医院【3:歯科】山梨県上野原市上野原４１１３－１" }, "geometry": { "type": "Point", "coordinates": [ 139.108597, 35.634387 ] } },
{ "type": "Feature", "properties": { "ID": 1933190000420, "正式名称": "医）慈心会　山下歯科医院", "機関区分": 3, "都道府県コード": 19, "市区町村コード": 212, "所在地": "山梨県上野原市上野原５０８－１", "緯度": 35.624194, "経度": 139.119458, "url": "https://www.iryou.teikyouseido.mhlw.go.jp/znk-web/juminkanja/S2430/initialize?prefCd=19&kikanCd=3190000420&kikanKbn=3", "url2": "http://www.yamashita-d-c.jp", "内容": "医）慈心会　山下歯科医院【3:歯科】山梨県上野原市上野原５０８－１" }, "geometry": { "type": "Point", "coordinates": [ 139.119458, 35.624194 ] } },
{ "type": "Feature", "properties": { "ID": 1933190000422, "正式名称": "けやき歯科医院", "機関区分": 3, "都道府県コード": 19, "市区町村コード": 212, "所在地": "山梨県上野原市新田８４８－１１", "緯度": 35.6175, "経度": 139.117541, "url": "https://www.iryou.teikyouseido.mhlw.go.jp/znk-web/juminkanja/S2430/initialize?prefCd=19&kikanCd=3190000422&kikanKbn=3", "url2": null, "内容": "けやき歯科医院【3:歯科】山梨県上野原市新田８４８－１１" }, "geometry": { "type": "Point", "coordinates": [ 139.117541, 35.6175 ] } },
{ "type": "Feature", "properties": { "ID": 1933190000424, "正式名称": "丹波山村国民健康保険歯科診療所", "機関区分": 3, "都道府県コード": 19, "市区町村コード": 443, "所在地": "山梨県北都留郡丹波山村９０３", "緯度": 35.78995, "経度": 138.921884, "url": "https://www.iryou.teikyouseido.mhlw.go.jp/znk-web/juminkanja/S2430/initialize?prefCd=19&kikanCd=3190000424&kikanKbn=3", "url2": null, "内容": "丹波山村国民健康保険歯科診療所【3:歯科】山梨県北都留郡丹波山村９０３" }, "geometry": { "type": "Point", "coordinates": [ 138.921884, 35.78995 ] } },
{ "type": "Feature", "properties": { "ID": 1933190000426, "正式名称": "道志村国民健康保険歯科診療所", "機関区分": 3, "都道府県コード": 19, "市区町村コード": 422, "所在地": "山梨県南都留郡道志村７７１０", "緯度": 35.519981, "経度": 139.020027, "url": "https://www.iryou.teikyouseido.mhlw.go.jp/znk-web/juminkanja/S2430/initialize?prefCd=19&kikanCd=3190000426&kikanKbn=3", "url2": null, "内容": "道志村国民健康保険歯科診療所【3:歯科】山梨県南都留郡道志村７７１０" }, "geometry": { "type": "Point", "coordinates": [ 139.020027, 35.519981 ] } },
{ "type": "Feature", "properties": { "ID": 1933190000429, "正式名称": "日原歯科医院", "機関区分": 3, "都道府県コード": 19, "市区町村コード": 201, "所在地": "山梨県甲府市北口３－４－２０", "緯度": 35.66904, "経度": 138.57289, "url": "https://www.iryou.teikyouseido.mhlw.go.jp/znk-web/juminkanja/S2430/initialize?prefCd=19&kikanCd=3190000429&kikanKbn=3", "url2": null, "内容": "日原歯科医院【3:歯科】山梨県甲府市北口３－４－２０" }, "geometry": { "type": "Point", "coordinates": [ 138.57289, 35.66904 ] } },
{ "type": "Feature", "properties": { "ID": 1933190000432, "正式名称": "医療法人社団すずき歯科クリニック", "機関区分": 3, "都道府県コード": 19, "市区町村コード": 201, "所在地": "山梨県甲府市湯田１－１４－８", "緯度": 35.64821, "経度": 138.574585, "url": "https://www.iryou.teikyouseido.mhlw.go.jp/znk-web/juminkanja/S2430/initialize?prefCd=19&kikanCd=3190000432&kikanKbn=3", "url2": "http://www.suzuki-sika.jp", "内容": "医療法人社団すずき歯科クリニック【3:歯科】山梨県甲府市湯田１－１４－８" }, "geometry": { "type": "Point", "coordinates": [ 138.574585, 35.64821 ] } },
{ "type": "Feature", "properties": { "ID": 1933190000433, "正式名称": "医療法人つばさ　シライ矯正歯科クリニック", "機関区分": 3, "都道府県コード": 19, "市区町村コード": 206, "所在地": "山梨県大月市大月１丁目１３番３０号", "緯度": 35.611389, "経度": 138.941863, "url": "https://www.iryou.teikyouseido.mhlw.go.jp/znk-web/juminkanja/S2430/initialize?prefCd=19&kikanCd=3190000433&kikanKbn=3", "url2": "http://www.shirai4187.com/", "内容": "医療法人つばさ　シライ矯正歯科クリニック【3:歯科】山梨県大月市大月１丁目１３番３０号" }, "geometry": { "type": "Point", "coordinates": [ 138.941863, 35.611389 ] } },
{ "type": "Feature", "properties": { "ID": 1933190000435, "正式名称": "深沢デンタルクリニック", "機関区分": 3, "都道府県コード": 19, "市区町村コード": 208, "所在地": "山梨県南アルプス市古市場８７５", "緯度": 35.597852, "経度": 138.464375, "url": "https://www.iryou.teikyouseido.mhlw.go.jp/znk-web/juminkanja/S2430/initialize?prefCd=19&kikanCd=3190000435&kikanKbn=3", "url2": "http://www.f-dc.info", "内容": "深沢デンタルクリニック【3:歯科】山梨県南アルプス市古市場８７５" }, "geometry": { "type": "Point", "coordinates": [ 138.464375, 35.597852 ] } },
{ "type": "Feature", "properties": { "ID": 1933190000436, "正式名称": "にこにこクリニック　ＨＩＲＯ歯科", "機関区分": 3, "都道府県コード": 19, "市区町村コード": 207, "所在地": "山梨県韮崎市龍岡町下條南割１０４５", "緯度": 35.679704, "経度": 138.465899, "url": "https://www.iryou.teikyouseido.mhlw.go.jp/znk-web/juminkanja/S2430/initialize?prefCd=19&kikanCd=3190000436&kikanKbn=3", "url2": null, "内容": "にこにこクリニック　ＨＩＲＯ歯科【3:歯科】山梨県韮崎市龍岡町下條南割１０４５" }, "geometry": { "type": "Point", "coordinates": [ 138.465899, 35.679704 ] } },
{ "type": "Feature", "properties": { "ID": 1933190000500, "正式名称": "ＯＺ歯科口腔外科クリニック", "機関区分": 3, "都道府県コード": 19, "市区町村コード": 201, "所在地": "山梨県甲府市宮原町１２６１－２５", "緯度": 35.616157, "経度": 138.558977, "url": "https://www.iryou.teikyouseido.mhlw.go.jp/znk-web/juminkanja/S2430/initialize?prefCd=19&kikanCd=3190000500&kikanKbn=3", "url2": null, "内容": "ＯＺ歯科口腔外科クリニック【3:歯科】山梨県甲府市宮原町１２６１－２５" }, "geometry": { "type": "Point", "coordinates": [ 138.558977, 35.616157 ] } },
{ "type": "Feature", "properties": { "ID": 1933190000502, "正式名称": "しむら歯科", "機関区分": 3, "都道府県コード": 19, "市区町村コード": 201, "所在地": "山梨県甲府市国母１－１７－１９", "緯度": 35.645377, "経度": 138.555782, "url": "https://www.iryou.teikyouseido.mhlw.go.jp/znk-web/juminkanja/S2430/initialize?prefCd=19&kikanCd=3190000502&kikanKbn=3", "url2": null, "内容": "しむら歯科【3:歯科】山梨県甲府市国母１－１７－１９" }, "geometry": { "type": "Point", "coordinates": [ 138.555782, 35.645377 ] } },
{ "type": "Feature", "properties": { "ID": 1933190000503, "正式名称": "聖歯科クリニック", "機関区分": 3, "都道府県コード": 19, "市区町村コード": 201, "所在地": "山梨県甲府市朝気１－１－３５", "緯度": 35.656098, "経度": 138.582834, "url": "https://www.iryou.teikyouseido.mhlw.go.jp/znk-web/juminkanja/S2430/initialize?prefCd=19&kikanCd=3190000503&kikanKbn=3", "url2": null, "内容": "聖歯科クリニック【3:歯科】山梨県甲府市朝気１－１－３５" }, "geometry": { "type": "Point", "coordinates": [ 138.582834, 35.656098 ] } },
{ "type": "Feature", "properties": { "ID": 1933190000504, "正式名称": "原田歯科クリニック", "機関区分": 3, "都道府県コード": 19, "市区町村コード": 201, "所在地": "山梨県甲府市里吉４－１４－２０", "緯度": 35.646766, "経度": 138.588362, "url": "https://www.iryou.teikyouseido.mhlw.go.jp/znk-web/juminkanja/S2430/initialize?prefCd=19&kikanCd=3190000504&kikanKbn=3", "url2": null, "内容": "原田歯科クリニック【3:歯科】山梨県甲府市里吉４－１４－２０" }, "geometry": { "type": "Point", "coordinates": [ 138.588362, 35.646766 ] } },
{ "type": "Feature", "properties": { "ID": 1933190000505, "正式名称": "医療法人社団やすだデンタルクリニック", "機関区分": 3, "都道府県コード": 19, "市区町村コード": 201, "所在地": "山梨県甲府市大里町５２８３", "緯度": 35.625101, "経度": 138.556394, "url": "https://www.iryou.teikyouseido.mhlw.go.jp/znk-web/juminkanja/S2430/initialize?prefCd=19&kikanCd=3190000505&kikanKbn=3", "url2": "http://www.d-clinic.jp", "内容": "医療法人社団やすだデンタルクリニック【3:歯科】山梨県甲府市大里町５２８３" }, "geometry": { "type": "Point", "coordinates": [ 138.556394, 35.625101 ] } },
{ "type": "Feature", "properties": { "ID": 1933190000508, "正式名称": "ゆう歯科クリニック", "機関区分": 3, "都道府県コード": 19, "市区町村コード": 366, "所在地": "山梨県南巨摩郡南部町万沢１３２６－１０", "緯度": 35.226893, "経度": 138.508694, "url": "https://www.iryou.teikyouseido.mhlw.go.jp/znk-web/juminkanja/S2430/initialize?prefCd=19&kikanCd=3190000508&kikanKbn=3", "url2": null, "内容": "ゆう歯科クリニック【3:歯科】山梨県南巨摩郡南部町万沢１３２６－１０" }, "geometry": { "type": "Point", "coordinates": [ 138.508694, 35.226893 ] } },
{ "type": "Feature", "properties": { "ID": 1933190000510, "正式名称": "歯科オオモリ", "機関区分": 3, "都道府県コード": 19, "市区町村コード": 205, "所在地": "山梨県山梨市小原東５２１－２", "緯度": 35.692901, "経度": 138.697601, "url": "https://www.iryou.teikyouseido.mhlw.go.jp/znk-web/juminkanja/S2430/initialize?prefCd=19&kikanCd=3190000510&kikanKbn=3", "url2": null, "内容": "歯科オオモリ【3:歯科】山梨県山梨市小原東５２１－２" }, "geometry": { "type": "Point", "coordinates": [ 138.697601, 35.692901 ] } },
{ "type": "Feature", "properties": { "ID": 1933190000511, "正式名称": "エミ歯科クリニック", "機関区分": 3, "都道府県コード": 19, "市区町村コード": 211, "所在地": "山梨県笛吹市石和町河内４５９－１", "緯度": 35.629768, "経度": 138.604139, "url": "https://www.iryou.teikyouseido.mhlw.go.jp/znk-web/juminkanja/S2430/initialize?prefCd=19&kikanCd=3190000511&kikanKbn=3", "url2": null, "内容": "エミ歯科クリニック【3:歯科】山梨県笛吹市石和町河内４５９－１" }, "geometry": { "type": "Point", "coordinates": [ 138.604139, 35.629768 ] } },
{ "type": "Feature", "properties": { "ID": 1933190000513, "正式名称": "医療法人松寿会　盛池歯科クリニック", "機関区分": 3, "都道府県コード": 19, "市区町村コード": 212, "所在地": "山梨県上野原市上野原１３６４－１", "緯度": 35.62682, "経度": 139.117732, "url": "https://www.iryou.teikyouseido.mhlw.go.jp/znk-web/juminkanja/S2430/initialize?prefCd=19&kikanCd=3190000513&kikanKbn=3", "url2": null, "内容": "医療法人松寿会　盛池歯科クリニック【3:歯科】山梨県上野原市上野原１３６４－１" }, "geometry": { "type": "Point", "coordinates": [ 139.117732, 35.62682 ] } },
{ "type": "Feature", "properties": { "ID": 1933190000601, "正式名称": "わだ歯科クリニック", "機関区分": 3, "都道府県コード": 19, "市区町村コード": 201, "所在地": "山梨県甲府市荒川２－６－６　わだ歯科クリニック", "緯度": 35.674789, "経度": 138.538393, "url": "https://www.iryou.teikyouseido.mhlw.go.jp/znk-web/juminkanja/S2430/initialize?prefCd=19&kikanCd=3190000601&kikanKbn=3", "url2": "http://www.wadasika.com", "内容": "わだ歯科クリニック【3:歯科】山梨県甲府市荒川２－６－６　わだ歯科クリニック" }, "geometry": { "type": "Point", "coordinates": [ 138.538393, 35.674789 ] } },
{ "type": "Feature", "properties": { "ID": 1933190000602, "正式名称": "おしの歯科医院", "機関区分": 3, "都道府県コード": 19, "市区町村コード": 424, "所在地": "山梨県南都留郡忍野村忍草１４００－６７", "緯度": 35.45979, "経度": 138.844016, "url": "https://www.iryou.teikyouseido.mhlw.go.jp/znk-web/juminkanja/S2430/initialize?prefCd=19&kikanCd=3190000602&kikanKbn=3", "url2": null, "内容": "おしの歯科医院【3:歯科】山梨県南都留郡忍野村忍草１４００－６７" }, "geometry": { "type": "Point", "coordinates": [ 138.844016, 35.45979 ] } },
{ "type": "Feature", "properties": { "ID": 1933190000604, "正式名称": "医療法人社団ＣＯＳＭＯ　コスモ歯科・矯正歯科医院", "機関区分": 3, "都道府県コード": 19, "市区町村コード": 211, "所在地": "山梨県笛吹市一宮町竹原田１３３３", "緯度": 35.650294, "経度": 138.675383, "url": "https://www.iryou.teikyouseido.mhlw.go.jp/znk-web/juminkanja/S2430/initialize?prefCd=19&kikanCd=3190000604&kikanKbn=3", "url2": "http://www.cosmo-dc.net", "内容": "医療法人社団ＣＯＳＭＯ　コスモ歯科・矯正歯科医院【3:歯科】山梨県笛吹市一宮町竹原田１３３３" }, "geometry": { "type": "Point", "coordinates": [ 138.675383, 35.650294 ] } },
{ "type": "Feature", "properties": { "ID": 1933190000605, "正式名称": "ハニー歯科", "機関区分": 3, "都道府県コード": 19, "市区町村コード": 201, "所在地": "山梨県甲府市里吉４－９－１３", "緯度": 35.649349, "経度": 138.58939, "url": "https://www.iryou.teikyouseido.mhlw.go.jp/znk-web/juminkanja/S2430/initialize?prefCd=19&kikanCd=3190000605&kikanKbn=3", "url2": "http://www.11-82.com", "内容": "ハニー歯科【3:歯科】山梨県甲府市里吉４－９－１３" }, "geometry": { "type": "Point", "coordinates": [ 138.58939, 35.649349 ] } },
{ "type": "Feature", "properties": { "ID": 1933190000606, "正式名称": "アルプス通り歯科クリニック", "機関区分": 3, "都道府県コード": 19, "市区町村コード": 210, "所在地": "山梨県甲斐市西八幡１６１５－６", "緯度": 35.642153, "経度": 138.512536, "url": "https://www.iryou.teikyouseido.mhlw.go.jp/znk-web/juminkanja/S2430/initialize?prefCd=19&kikanCd=3190000606&kikanKbn=3", "url2": null, "内容": "アルプス通り歯科クリニック【3:歯科】山梨県甲斐市西八幡１６１５－６" }, "geometry": { "type": "Point", "coordinates": [ 138.512536, 35.642153 ] } },
{ "type": "Feature", "properties": { "ID": 1933190000607, "正式名称": "医療法人社団緑奏会　ふたば歯科クリニック", "機関区分": 3, "都道府県コード": 19, "市区町村コード": 210, "所在地": "山梨県甲斐市下今井１０６０－１", "緯度": 35.681149, "経度": 138.494896, "url": "https://www.iryou.teikyouseido.mhlw.go.jp/znk-web/juminkanja/S2430/initialize?prefCd=19&kikanCd=3190000607&kikanKbn=3", "url2": null, "内容": "医療法人社団緑奏会　ふたば歯科クリニック【3:歯科】山梨県甲斐市下今井１０６０－１" }, "geometry": { "type": "Point", "coordinates": [ 138.494896, 35.681149 ] } },
{ "type": "Feature", "properties": { "ID": 1933190000608, "正式名称": "アートタウン歯科クリニック", "機関区分": 3, "都道府県コード": 19, "市区町村コード": 214, "所在地": "山梨県中央市下河東３０５３－１イオンタウン山梨中央　イオンタウン山梨中央ＳＣ", "緯度": 35.597908, "経度": 138.541729, "url": "https://www.iryou.teikyouseido.mhlw.go.jp/znk-web/juminkanja/S2430/initialize?prefCd=19&kikanCd=3190000608&kikanKbn=3", "url2": "http://www.art-town.jp", "内容": "アートタウン歯科クリニック【3:歯科】山梨県中央市下河東３０５３－１イオンタウン山梨中央　イオンタウン山梨中央ＳＣ" }, "geometry": { "type": "Point", "coordinates": [ 138.541729, 35.597908 ] } },
{ "type": "Feature", "properties": { "ID": 1933190000609, "正式名称": "米山おとなこども歯科クリニック", "機関区分": 3, "都道府県コード": 19, "市区町村コード": 210, "所在地": "山梨県甲斐市下今井２８２７", "緯度": 35.681149, "経度": 138.494896, "url": "https://www.iryou.teikyouseido.mhlw.go.jp/znk-web/juminkanja/S2430/initialize?prefCd=19&kikanCd=3190000609&kikanKbn=3", "url2": "http://www.yoneyama-dc.net/", "内容": "米山おとなこども歯科クリニック【3:歯科】山梨県甲斐市下今井２８２７" }, "geometry": { "type": "Point", "coordinates": [ 138.494896, 35.681149 ] } },
{ "type": "Feature", "properties": { "ID": 1933190000611, "正式名称": "ｍｉｈｏ矯正歯科クリニック", "機関区分": 3, "都道府県コード": 19, "市区町村コード": 201, "所在地": "山梨県甲府市上今井町２３３９", "緯度": 35.62013, "経度": 138.578448, "url": "https://www.iryou.teikyouseido.mhlw.go.jp/znk-web/juminkanja/S2430/initialize?prefCd=19&kikanCd=3190000611&kikanKbn=3", "url2": "https://miho-clinic.jp", "内容": "ｍｉｈｏ矯正歯科クリニック【3:歯科】山梨県甲府市上今井町２３３９" }, "geometry": { "type": "Point", "coordinates": [ 138.578448, 35.62013 ] } },
{ "type": "Feature", "properties": { "ID": 1933190000612, "正式名称": "カムカム歯科医院", "機関区分": 3, "都道府県コード": 19, "市区町村コード": 204, "所在地": "山梨県都留市下谷３－４－１７", "緯度": 35.563142, "経度": 138.912256, "url": "https://www.iryou.teikyouseido.mhlw.go.jp/znk-web/juminkanja/S2430/initialize?prefCd=19&kikanCd=3190000612&kikanKbn=3", "url2": "http://www.kamkam-dc.com/", "内容": "カムカム歯科医院【3:歯科】山梨県都留市下谷３－４－１７" }, "geometry": { "type": "Point", "coordinates": [ 138.912256, 35.563142 ] } },
{ "type": "Feature", "properties": { "ID": 1933190000614, "正式名称": "デンタルクリニック清里", "機関区分": 3, "都道府県コード": 19, "市区町村コード": 209, "所在地": "山梨県北杜市高根町清里３５６５－５", "緯度": 35.901569, "経度": 138.446112, "url": "https://www.iryou.teikyouseido.mhlw.go.jp/znk-web/juminkanja/S2430/initialize?prefCd=19&kikanCd=3190000614&kikanKbn=3", "url2": null, "内容": "デンタルクリニック清里【3:歯科】山梨県北杜市高根町清里３５６５－５" }, "geometry": { "type": "Point", "coordinates": [ 138.446112, 35.901569 ] } },
{ "type": "Feature", "properties": { "ID": 1933190000617, "正式名称": "木田歯科医院", "機関区分": 3, "都道府県コード": 19, "市区町村コード": 368, "所在地": "山梨県南巨摩郡富士川町青柳町２９２－１", "緯度": 35.558384, "経度": 138.467126, "url": "https://www.iryou.teikyouseido.mhlw.go.jp/znk-web/juminkanja/S2430/initialize?prefCd=19&kikanCd=3190000617&kikanKbn=3", "url2": "http://sugitashika.dentalmall.jp/", "内容": "木田歯科医院【3:歯科】山梨県南巨摩郡富士川町青柳町２９２－１" }, "geometry": { "type": "Point", "coordinates": [ 138.467126, 35.558384 ] } },
{ "type": "Feature", "properties": { "ID": 1933190000618, "正式名称": "山の手歯科クリニック", "機関区分": 3, "都道府県コード": 19, "市区町村コード": 201, "所在地": "山梨県甲府市酒折１－４－１０", "緯度": 35.658348, "経度": 138.600277, "url": "https://www.iryou.teikyouseido.mhlw.go.jp/znk-web/juminkanja/S2430/initialize?prefCd=19&kikanCd=3190000618&kikanKbn=3", "url2": "http://Yamamote.iooo.jp/", "内容": "山の手歯科クリニック【3:歯科】山梨県甲府市酒折１－４－１０" }, "geometry": { "type": "Point", "coordinates": [ 138.600277, 35.658348 ] } },
{ "type": "Feature", "properties": { "ID": 1933190000621, "正式名称": "小林歯科医院", "機関区分": 3, "都道府県コード": 19, "市区町村コード": 365, "所在地": "山梨県南巨摩郡身延町三沢５９０６", "緯度": 35.480313, "経度": 138.468901, "url": "https://www.iryou.teikyouseido.mhlw.go.jp/znk-web/juminkanja/S2430/initialize?prefCd=19&kikanCd=3190000621&kikanKbn=3", "url2": null, "内容": "小林歯科医院【3:歯科】山梨県南巨摩郡身延町三沢５９０６" }, "geometry": { "type": "Point", "coordinates": [ 138.468901, 35.480313 ] } },
{ "type": "Feature", "properties": { "ID": 1933190000622, "正式名称": "くぼた歯科クリニック", "機関区分": 3, "都道府県コード": 19, "市区町村コード": 210, "所在地": "山梨県甲斐市篠原２１９１－１", "緯度": 35.652597, "経度": 138.524534, "url": "https://www.iryou.teikyouseido.mhlw.go.jp/znk-web/juminkanja/S2430/initialize?prefCd=19&kikanCd=3190000622&kikanKbn=3", "url2": "http://www.kbt-dc.com/", "内容": "くぼた歯科クリニック【3:歯科】山梨県甲斐市篠原２１９１－１" }, "geometry": { "type": "Point", "coordinates": [ 138.524534, 35.652597 ] } },
{ "type": "Feature", "properties": { "ID": 1933190000623, "正式名称": "医療法人　三井　三井歯科クリニック", "機関区分": 3, "都道府県コード": 19, "市区町村コード": 209, "所在地": "山梨県北杜市須玉町若神子３０９４番地", "緯度": 35.794052, "経度": 138.420869, "url": "https://www.iryou.teikyouseido.mhlw.go.jp/znk-web/juminkanja/S2430/initialize?prefCd=19&kikanCd=3190000623&kikanKbn=3", "url2": null, "内容": "医療法人　三井　三井歯科クリニック【3:歯科】山梨県北杜市須玉町若神子３０９４番地" }, "geometry": { "type": "Point", "coordinates": [ 138.420869, 35.794052 ] } },
{ "type": "Feature", "properties": { "ID": 1933190000624, "正式名称": "甲府ファーストデンタルクリニック", "機関区分": 3, "都道府県コード": 19, "市区町村コード": 384, "所在地": "山梨県中巨摩郡昭和町飯喰１５０５－１", "緯度": 35.622267, "経度": 138.523757, "url": "https://www.iryou.teikyouseido.mhlw.go.jp/znk-web/juminkanja/S2430/initialize?prefCd=19&kikanCd=3190000624&kikanKbn=3", "url2": "http://www.kofu-dental.com/", "内容": "甲府ファーストデンタルクリニック【3:歯科】山梨県中巨摩郡昭和町飯喰１５０５－１" }, "geometry": { "type": "Point", "coordinates": [ 138.523757, 35.622267 ] } },
{ "type": "Feature", "properties": { "ID": 1933190000626, "正式名称": "加納岩歯科医院", "機関区分": 3, "都道府県コード": 19, "市区町村コード": 205, "所在地": "山梨県山梨市上神内川１１３１－３", "緯度": 35.688485, "経度": 138.685658, "url": "https://www.iryou.teikyouseido.mhlw.go.jp/znk-web/juminkanja/S2430/initialize?prefCd=19&kikanCd=3190000626&kikanKbn=3", "url2": null, "内容": "加納岩歯科医院【3:歯科】山梨県山梨市上神内川１１３１－３" }, "geometry": { "type": "Point", "coordinates": [ 138.685658, 35.688485 ] } },
{ "type": "Feature", "properties": { "ID": 1933190000627, "正式名称": "甲府中村歯科", "機関区分": 3, "都道府県コード": 19, "市区町村コード": 201, "所在地": "山梨県甲府市国母８－２７－８", "緯度": 35.634211, "経度": 138.550366, "url": "https://www.iryou.teikyouseido.mhlw.go.jp/znk-web/juminkanja/S2430/initialize?prefCd=19&kikanCd=3190000627&kikanKbn=3", "url2": null, "内容": "甲府中村歯科【3:歯科】山梨県甲府市国母８－２７－８" }, "geometry": { "type": "Point", "coordinates": [ 138.550366, 35.634211 ] } },
{ "type": "Feature", "properties": { "ID": 1933190000628, "正式名称": "いつむら歯科クリニック", "機関区分": 3, "都道府県コード": 19, "市区町村コード": 205, "所在地": "山梨県山梨市落合７８１－２", "緯度": 35.68254, "経度": 138.664743, "url": "https://www.iryou.teikyouseido.mhlw.go.jp/znk-web/juminkanja/S2430/initialize?prefCd=19&kikanCd=3190000628&kikanKbn=3", "url2": "http://www.itsumura.jp/", "内容": "いつむら歯科クリニック【3:歯科】山梨県山梨市落合７８１－２" }, "geometry": { "type": "Point", "coordinates": [ 138.664743, 35.68254 ] } },
{ "type": "Feature", "properties": { "ID": 1933190000629, "正式名称": "あまね歯科医院", "機関区分": 3, "都道府県コード": 19, "市区町村コード": 384, "所在地": "山梨県中巨摩郡昭和町河東中島１５８５－５", "緯度": 35.62099, "経度": 138.530785, "url": "https://www.iryou.teikyouseido.mhlw.go.jp/znk-web/juminkanja/S2430/initialize?prefCd=19&kikanCd=3190000629&kikanKbn=3", "url2": "http://amaneshika.com/", "内容": "あまね歯科医院【3:歯科】山梨県中巨摩郡昭和町河東中島１５８５－５" }, "geometry": { "type": "Point", "coordinates": [ 138.530785, 35.62099 ] } },
{ "type": "Feature", "properties": { "ID": 1933190000630, "正式名称": "山之神歯科クリニック", "機関区分": 3, "都道府県コード": 19, "市区町村コード": 214, "所在地": "山梨県中央市山之神１５２９－１１", "緯度": 35.616351, "経度": 138.515897, "url": "https://www.iryou.teikyouseido.mhlw.go.jp/znk-web/juminkanja/S2430/initialize?prefCd=19&kikanCd=3190000630&kikanKbn=3", "url2": null, "内容": "山之神歯科クリニック【3:歯科】山梨県中央市山之神１５２９－１１" }, "geometry": { "type": "Point", "coordinates": [ 138.515897, 35.616351 ] } },
{ "type": "Feature", "properties": { "ID": 1933190000631, "正式名称": "川手歯科クリニック", "機関区分": 3, "都道府県コード": 19, "市区町村コード": 384, "所在地": "山梨県中巨摩郡昭和町西条新田６７１－１", "緯度": 35.640016, "経度": 138.534701, "url": "https://www.iryou.teikyouseido.mhlw.go.jp/znk-web/juminkanja/S2430/initialize?prefCd=19&kikanCd=3190000631&kikanKbn=3", "url2": "http://www.kawate-dc.com/", "内容": "川手歯科クリニック【3:歯科】山梨県中巨摩郡昭和町西条新田６７１－１" }, "geometry": { "type": "Point", "coordinates": [ 138.534701, 35.640016 ] } },
{ "type": "Feature", "properties": { "ID": 1933190000633, "正式名称": "さいとう歯科クリニック", "機関区分": 3, "都道府県コード": 19, "市区町村コード": 208, "所在地": "山梨県南アルプス市沢登８６３－２", "緯度": 35.627766, "経度": 138.471179, "url": "https://www.iryou.teikyouseido.mhlw.go.jp/znk-web/juminkanja/S2430/initialize?prefCd=19&kikanCd=3190000633&kikanKbn=3", "url2": null, "内容": "さいとう歯科クリニック【3:歯科】山梨県南アルプス市沢登８６３－２" }, "geometry": { "type": "Point", "coordinates": [ 138.471179, 35.627766 ] } },
{ "type": "Feature", "properties": { "ID": 1933190000636, "正式名称": "あすみ歯科・矯正歯科クリニック", "機関区分": 3, "都道府県コード": 19, "市区町村コード": 202, "所在地": "山梨県富士吉田市大明見１－２－１", "緯度": 35.487909, "経度": 138.821007, "url": "https://www.iryou.teikyouseido.mhlw.go.jp/znk-web/juminkanja/S2430/initialize?prefCd=19&kikanCd=3190000636&kikanKbn=3", "url2": "http://www.navita.co.jp/s/11061991/", "内容": "あすみ歯科・矯正歯科クリニック【3:歯科】山梨県富士吉田市大明見１－２－１" }, "geometry": { "type": "Point", "coordinates": [ 138.821007, 35.487909 ] } },
{ "type": "Feature", "properties": { "ID": 1933190000639, "正式名称": "城東歯科クリニック", "機関区分": 3, "都道府県コード": 19, "市区町村コード": 201, "所在地": "山梨県甲府市城東４－１３－５", "緯度": 35.657459, "経度": 138.58264, "url": "https://www.iryou.teikyouseido.mhlw.go.jp/znk-web/juminkanja/S2430/initialize?prefCd=19&kikanCd=3190000639&kikanKbn=3", "url2": "https://www.jotodc.com/", "内容": "城東歯科クリニック【3:歯科】山梨県甲府市城東４－１３－５" }, "geometry": { "type": "Point", "coordinates": [ 138.58264, 35.657459 ] } },
{ "type": "Feature", "properties": { "ID": 1933190000640, "正式名称": "医療法人もこちゃん　鈴木歯科南甲府クリニック", "機関区分": 3, "都道府県コード": 19, "市区町村コード": 201, "所在地": "山梨県甲府市住吉５－１９－７", "緯度": 35.635878, "経度": 138.576585, "url": "https://www.iryou.teikyouseido.mhlw.go.jp/znk-web/juminkanja/S2430/initialize?prefCd=19&kikanCd=3190000640&kikanKbn=3", "url2": "http://www.koufu-suzuki-shika.jp/", "内容": "医療法人もこちゃん　鈴木歯科南甲府クリニック【3:歯科】山梨県甲府市住吉５－１９－７" }, "geometry": { "type": "Point", "coordinates": [ 138.576585, 35.635878 ] } },
{ "type": "Feature", "properties": { "ID": 1933190000641, "正式名称": "医療法人社団桜栄会甲府デンタルクリニック", "機関区分": 3, "都道府県コード": 19, "市区町村コード": 201, "所在地": "山梨県甲府市北口一丁目２番１４号　北口プラザビル１階　１０２号室", "緯度": 35.668874, "経度": 138.568391, "url": "https://www.iryou.teikyouseido.mhlw.go.jp/znk-web/juminkanja/S2430/initialize?prefCd=19&kikanCd=3190000641&kikanKbn=3", "url2": "https://kofu.oeikai.or.jp/", "内容": "医療法人社団桜栄会甲府デンタルクリニック【3:歯科】山梨県甲府市北口一丁目２番１４号　北口プラザビル１階　１０２号室" }, "geometry": { "type": "Point", "coordinates": [ 138.568391, 35.668874 ] } },
{ "type": "Feature", "properties": { "ID": 1933190000644, "正式名称": "かえで歯科矯正クリニック", "機関区分": 3, "都道府県コード": 19, "市区町村コード": 208, "所在地": "山梨県南アルプス市十五所西原７４６－２", "緯度": 35.621017, "経度": 138.47454, "url": "https://www.iryou.teikyouseido.mhlw.go.jp/znk-web/juminkanja/S2430/initialize?prefCd=19&kikanCd=3190000644&kikanKbn=3", "url2": null, "内容": "かえで歯科矯正クリニック【3:歯科】山梨県南アルプス市十五所西原７４６－２" }, "geometry": { "type": "Point", "coordinates": [ 138.47454, 35.621017 ] } },
{ "type": "Feature", "properties": { "ID": 1933190000647, "正式名称": "とがわ歯科クリニック", "機関区分": 3, "都道府県コード": 19, "市区町村コード": 202, "所在地": "山梨県富士吉田市富士見５丁目１番‐２３", "緯度": 35.487481, "経度": 138.807879, "url": "https://www.iryou.teikyouseido.mhlw.go.jp/znk-web/juminkanja/S2430/initialize?prefCd=19&kikanCd=3190000647&kikanKbn=3", "url2": null, "内容": "とがわ歯科クリニック【3:歯科】山梨県富士吉田市富士見５丁目１番‐２３" }, "geometry": { "type": "Point", "coordinates": [ 138.807879, 35.487481 ] } },
{ "type": "Feature", "properties": { "ID": 1933190000649, "正式名称": "保坂歯科医院", "機関区分": 3, "都道府県コード": 19, "市区町村コード": 201, "所在地": "山梨県甲府市荒川１丁目３－２７", "緯度": 35.674789, "経度": 138.538393, "url": "https://www.iryou.teikyouseido.mhlw.go.jp/znk-web/juminkanja/S2430/initialize?prefCd=19&kikanCd=3190000649&kikanKbn=3", "url2": "http://www.hosaka-dc.com/index.html", "内容": "保坂歯科医院【3:歯科】山梨県甲府市荒川１丁目３－２７" }, "geometry": { "type": "Point", "coordinates": [ 138.538393, 35.674789 ] } },
{ "type": "Feature", "properties": { "ID": 1933190000650, "正式名称": "たまほ歯科クリニック", "機関区分": 3, "都道府県コード": 19, "市区町村コード": 214, "所在地": "山梨県中央市成島２３６８", "緯度": 35.600686, "経度": 138.546507, "url": "https://www.iryou.teikyouseido.mhlw.go.jp/znk-web/juminkanja/S2430/initialize?prefCd=19&kikanCd=3190000650&kikanKbn=3", "url2": null, "内容": "たまほ歯科クリニック【3:歯科】山梨県中央市成島２３６８" }, "geometry": { "type": "Point", "coordinates": [ 138.546507, 35.600686 ] } },
{ "type": "Feature", "properties": { "ID": 1933190000651, "正式名称": "たむデンタルクリニック", "機関区分": 3, "都道府県コード": 19, "市区町村コード": 201, "所在地": "山梨県甲府市下石田２丁目１－２０", "緯度": 35.648015, "経度": 138.552893, "url": "https://www.iryou.teikyouseido.mhlw.go.jp/znk-web/juminkanja/S2430/initialize?prefCd=19&kikanCd=3190000651&kikanKbn=3", "url2": null, "内容": "たむデンタルクリニック【3:歯科】山梨県甲府市下石田２丁目１－２０" }, "geometry": { "type": "Point", "coordinates": [ 138.552893, 35.648015 ] } },
{ "type": "Feature", "properties": { "ID": 1933190000652, "正式名称": "しょうわまち歯科口腔外科クリニック", "機関区分": 3, "都道府県コード": 19, "市区町村コード": 384, "所在地": "山梨県中巨摩郡昭和町西条５２２２", "緯度": 35.637293, "経度": 138.543283, "url": "https://www.iryou.teikyouseido.mhlw.go.jp/znk-web/juminkanja/S2430/initialize?prefCd=19&kikanCd=3190000652&kikanKbn=3", "url2": "http://showamachi_dental.com", "内容": "しょうわまち歯科口腔外科クリニック【3:歯科】山梨県中巨摩郡昭和町西条５２２２" }, "geometry": { "type": "Point", "coordinates": [ 138.543283, 35.637293 ] } },
{ "type": "Feature", "properties": { "ID": 1933190000654, "正式名称": "純　矯正・歯科クリニック", "機関区分": 3, "都道府県コード": 19, "市区町村コード": 201, "所在地": "山梨県甲府市丸の内２丁目１番８号　駅前銀座ビル２０１号室", "緯度": 35.662902, "経度": 138.566891, "url": "https://www.iryou.teikyouseido.mhlw.go.jp/znk-web/juminkanja/S2430/initialize?prefCd=19&kikanCd=3190000654&kikanKbn=3", "url2": null, "内容": "純　矯正・歯科クリニック【3:歯科】山梨県甲府市丸の内２丁目１番８号　駅前銀座ビル２０１号室" }, "geometry": { "type": "Point", "coordinates": [ 138.566891, 35.662902 ] } },
{ "type": "Feature", "properties": { "ID": 1933190000655, "正式名称": "いさわスマイル歯科", "機関区分": 3, "都道府県コード": 19, "市区町村コード": 211, "所在地": "山梨県笛吹市石和町今井２４－１２", "緯度": 35.631851, "経度": 138.606028, "url": "https://www.iryou.teikyouseido.mhlw.go.jp/znk-web/juminkanja/S2430/initialize?prefCd=19&kikanCd=3190000655&kikanKbn=3", "url2": "http://www.isawa-smile.com/", "内容": "いさわスマイル歯科【3:歯科】山梨県笛吹市石和町今井２４－１２" }, "geometry": { "type": "Point", "coordinates": [ 138.606028, 35.631851 ] } },
{ "type": "Feature", "properties": { "ID": 1933190000656, "正式名称": "とざわデンタルオフィス", "機関区分": 3, "都道府県コード": 19, "市区町村コード": 201, "所在地": "山梨県甲府市朝日２－１６－１６", "緯度": 35.671457, "経度": 138.565669, "url": "https://www.iryou.teikyouseido.mhlw.go.jp/znk-web/juminkanja/S2430/initialize?prefCd=19&kikanCd=3190000656&kikanKbn=3", "url2": null, "内容": "とざわデンタルオフィス【3:歯科】山梨県甲府市朝日２－１６－１６" }, "geometry": { "type": "Point", "coordinates": [ 138.565669, 35.671457 ] } },
{ "type": "Feature", "properties": { "ID": 1933190000657, "正式名称": "おおもり歯科クリニック", "機関区分": 3, "都道府県コード": 19, "市区町村コード": 210, "所在地": "山梨県甲斐市名取７８２－１", "緯度": 35.666263, "経度": 138.524727, "url": "https://www.iryou.teikyouseido.mhlw.go.jp/znk-web/juminkanja/S2430/initialize?prefCd=19&kikanCd=3190000657&kikanKbn=3", "url2": null, "内容": "おおもり歯科クリニック【3:歯科】山梨県甲斐市名取７８２－１" }, "geometry": { "type": "Point", "coordinates": [ 138.524727, 35.666263 ] } },
{ "type": "Feature", "properties": { "ID": 1933190000659, "正式名称": "にいな歯科医院", "機関区分": 3, "都道府県コード": 19, "市区町村コード": 384, "所在地": "山梨県中巨摩郡昭和町押越４７６－１", "緯度": 35.629767, "経度": 138.540339, "url": "https://www.iryou.teikyouseido.mhlw.go.jp/znk-web/juminkanja/S2430/initialize?prefCd=19&kikanCd=3190000659&kikanKbn=3", "url2": "https://www.niina-shika.com", "内容": "にいな歯科医院【3:歯科】山梨県中巨摩郡昭和町押越４７６－１" }, "geometry": { "type": "Point", "coordinates": [ 138.540339, 35.629767 ] } },
{ "type": "Feature", "properties": { "ID": 1933190000660, "正式名称": "巨摩共立歯科診療所", "機関区分": 3, "都道府県コード": 19, "市区町村コード": 208, "所在地": "山梨県南アルプス市桃園３４０－１", "緯度": 35.627377, "経度": 138.454708, "url": "https://www.iryou.teikyouseido.mhlw.go.jp/znk-web/juminkanja/S2430/initialize?prefCd=19&kikanCd=3190000660&kikanKbn=3", "url2": "http://www.yamanashi-min.jp/kinikyou/medical/sika/koma.html", "内容": "巨摩共立歯科診療所【3:歯科】山梨県南アルプス市桃園３４０－１" }, "geometry": { "type": "Point", "coordinates": [ 138.454708, 35.627377 ] } },
{ "type": "Feature", "properties": { "ID": 1933190000661, "正式名称": "小田原歯科医院", "機関区分": 3, "都道府県コード": 19, "市区町村コード": 201, "所在地": "山梨県甲府市宝１丁目１１番２５号", "緯度": 35.666318, "経度": 138.56403, "url": "https://www.iryou.teikyouseido.mhlw.go.jp/znk-web/juminkanja/S2430/initialize?prefCd=19&kikanCd=3190000661&kikanKbn=3", "url2": "http://www.onthedental.com", "内容": "小田原歯科医院【3:歯科】山梨県甲府市宝１丁目１１番２５号" }, "geometry": { "type": "Point", "coordinates": [ 138.56403, 35.666318 ] } },
{ "type": "Feature", "properties": { "ID": 1933190000662, "正式名称": "わかくさ歯科", "機関区分": 3, "都道府県コード": 19, "市区町村コード": 208, "所在地": "山梨県南アルプス市加賀美２６２６", "緯度": 35.603741, "経度": 138.481873, "url": "https://www.iryou.teikyouseido.mhlw.go.jp/znk-web/juminkanja/S2430/initialize?prefCd=19&kikanCd=3190000662&kikanKbn=3", "url2": "http://wakaboya.com", "内容": "わかくさ歯科【3:歯科】山梨県南アルプス市加賀美２６２６" }, "geometry": { "type": "Point", "coordinates": [ 138.481873, 35.603741 ] } },
{ "type": "Feature", "properties": { "ID": 1933190000663, "正式名称": "かたせ歯科クリニック", "機関区分": 3, "都道府県コード": 19, "市区町村コード": 384, "所在地": "山梨県中巨摩郡昭和町河西１６００－３", "緯度": 35.619518, "経度": 138.523786, "url": "https://www.iryou.teikyouseido.mhlw.go.jp/znk-web/juminkanja/S2430/initialize?prefCd=19&kikanCd=3190000663&kikanKbn=3", "url2": "http://www.katase-dc.com", "内容": "かたせ歯科クリニック【3:歯科】山梨県中巨摩郡昭和町河西１６００－３" }, "geometry": { "type": "Point", "coordinates": [ 138.523786, 35.619518 ] } },
{ "type": "Feature", "properties": { "ID": 1933190000664, "正式名称": "医療法人社団デンタル青葉　あけの歯科医院", "機関区分": 3, "都道府県コード": 19, "市区町村コード": 209, "所在地": "山梨県北杜市明野町上手６５０－１", "緯度": 35.768138, "経度": 138.431008, "url": "https://www.iryou.teikyouseido.mhlw.go.jp/znk-web/juminkanja/S2430/initialize?prefCd=19&kikanCd=3190000664&kikanKbn=3", "url2": "https://www.akeno-shika.jp/", "内容": "医療法人社団デンタル青葉　あけの歯科医院【3:歯科】山梨県北杜市明野町上手６５０－１" }, "geometry": { "type": "Point", "coordinates": [ 138.431008, 35.768138 ] } },
{ "type": "Feature", "properties": { "ID": 1933190000666, "正式名称": "医療法人Ｔ＆Ｇわかばやし歯科医院", "機関区分": 3, "都道府県コード": 19, "市区町村コード": 210, "所在地": "山梨県甲斐市龍地６４４３－１", "緯度": 35.688398, "経度": 138.505284, "url": "https://www.iryou.teikyouseido.mhlw.go.jp/znk-web/juminkanja/S2430/initialize?prefCd=19&kikanCd=3190000666&kikanKbn=3", "url2": "http://wakabayashi-dc.jp/", "内容": "医療法人Ｔ＆Ｇわかばやし歯科医院【3:歯科】山梨県甲斐市龍地６４４３－１" }, "geometry": { "type": "Point", "coordinates": [ 138.505284, 35.688398 ] } },
{ "type": "Feature", "properties": { "ID": 1933190000667, "正式名称": "なす歯科", "機関区分": 3, "都道府県コード": 19, "市区町村コード": 201, "所在地": "山梨県甲府市善光寺町１－２７－１", "緯度": 35.672596, "経度": 138.596166, "url": "https://www.iryou.teikyouseido.mhlw.go.jp/znk-web/juminkanja/S2430/initialize?prefCd=19&kikanCd=3190000667&kikanKbn=3", "url2": null, "内容": "なす歯科【3:歯科】山梨県甲府市善光寺町１－２７－１" }, "geometry": { "type": "Point", "coordinates": [ 138.596166, 35.672596 ] } },
{ "type": "Feature", "properties": { "ID": 1933190000668, "正式名称": "大森歯科医院", "機関区分": 3, "都道府県コード": 19, "市区町村コード": 201, "所在地": "山梨県甲府市上町１０４５－７", "緯度": 35.631434, "経度": 138.584835, "url": "https://www.iryou.teikyouseido.mhlw.go.jp/znk-web/juminkanja/S2430/initialize?prefCd=19&kikanCd=3190000668&kikanKbn=3", "url2": "http://www.omori-dc.com", "内容": "大森歯科医院【3:歯科】山梨県甲府市上町１０４５－７" }, "geometry": { "type": "Point", "coordinates": [ 138.584835, 35.631434 ] } },
{ "type": "Feature", "properties": { "ID": 1933190000669, "正式名称": "こば歯科クリニック", "機関区分": 3, "都道府県コード": 19, "市区町村コード": 201, "所在地": "山梨県甲府市高畑２－３－１０", "緯度": 35.649431, "経度": 138.563142, "url": "https://www.iryou.teikyouseido.mhlw.go.jp/znk-web/juminkanja/S2430/initialize?prefCd=19&kikanCd=3190000669&kikanKbn=3", "url2": "http://www.koba-d-office.com/", "内容": "こば歯科クリニック【3:歯科】山梨県甲府市高畑２－３－１０" }, "geometry": { "type": "Point", "coordinates": [ 138.563142, 35.649431 ] } },
{ "type": "Feature", "properties": { "ID": 1933190000670, "正式名称": "歯科・矯正歯科ＧＯＯＤ　ＳＭＩＬＥ", "機関区分": 3, "都道府県コード": 19, "市区町村コード": 201, "所在地": "山梨県甲府市徳行１－４－１", "緯度": 35.65443, "経度": 138.546393, "url": "https://www.iryou.teikyouseido.mhlw.go.jp/znk-web/juminkanja/S2430/initialize?prefCd=19&kikanCd=3190000670&kikanKbn=3", "url2": "http://www.goodsmile-dental.com", "内容": "歯科・矯正歯科ＧＯＯＤ　ＳＭＩＬＥ【3:歯科】山梨県甲府市徳行１－４－１" }, "geometry": { "type": "Point", "coordinates": [ 138.546393, 35.65443 ] } },
{ "type": "Feature", "properties": { "ID": 1933190000671, "正式名称": "駒の杜歯科診療所", "機関区分": 3, "都道府県コード": 19, "市区町村コード": 209, "所在地": "山梨県北杜市武川町宮脇２１１１", "緯度": 35.776637, "経度": 138.389679, "url": "https://www.iryou.teikyouseido.mhlw.go.jp/znk-web/juminkanja/S2430/initialize?prefCd=19&kikanCd=3190000671&kikanKbn=3", "url2": "http://www.komanomori-dental.com", "内容": "駒の杜歯科診療所【3:歯科】山梨県北杜市武川町宮脇２１１１" }, "geometry": { "type": "Point", "coordinates": [ 138.389679, 35.776637 ] } },
{ "type": "Feature", "properties": { "ID": 1933190000673, "正式名称": "降矢歯科クリニック　歯科・矯正", "機関区分": 3, "都道府県コード": 19, "市区町村コード": 201, "所在地": "山梨県甲府市下飯田１丁目２－１４", "緯度": 35.668901, "経度": 138.545865, "url": "https://www.iryou.teikyouseido.mhlw.go.jp/znk-web/juminkanja/S2430/initialize?prefCd=19&kikanCd=3190000673&kikanKbn=3", "url2": "http://www.shika-furuya.com", "内容": "降矢歯科クリニック　歯科・矯正【3:歯科】山梨県甲府市下飯田１丁目２－１４" }, "geometry": { "type": "Point", "coordinates": [ 138.545865, 35.668901 ] } },
{ "type": "Feature", "properties": { "ID": 1933190000674, "正式名称": "医大前なかざわ歯科医院", "機関区分": 3, "都道府県コード": 19, "市区町村コード": 214, "所在地": "山梨県中央市若宮１６－８", "緯度": 35.61332, "経度": 138.536267, "url": "https://www.iryou.teikyouseido.mhlw.go.jp/znk-web/juminkanja/S2430/initialize?prefCd=19&kikanCd=3190000674&kikanKbn=3", "url2": "http://www.idaimaeshika.jp/", "内容": "医大前なかざわ歯科医院【3:歯科】山梨県中央市若宮１６－８" }, "geometry": { "type": "Point", "coordinates": [ 138.536267, 35.61332 ] } },
{ "type": "Feature", "properties": { "ID": 1933190000675, "正式名称": "リーフ歯科医院", "機関区分": 3, "都道府県コード": 19, "市区町村コード": 210, "所在地": "山梨県甲斐市龍地６４１０－３", "緯度": 35.685567, "経度": 138.510961, "url": "https://www.iryou.teikyouseido.mhlw.go.jp/znk-web/juminkanja/S2430/initialize?prefCd=19&kikanCd=3190000675&kikanKbn=3", "url2": "http://www.leaf-do.com/", "内容": "リーフ歯科医院【3:歯科】山梨県甲斐市龍地６４１０－３" }, "geometry": { "type": "Point", "coordinates": [ 138.510961, 35.685567 ] } },
{ "type": "Feature", "properties": { "ID": 1933190000676, "正式名称": "若月デンタルクリニック", "機関区分": 3, "都道府県コード": 19, "市区町村コード": 213, "所在地": "山梨県甲州市塩山三日市場１９６５", "緯度": 35.720121, "経度": 138.712209, "url": "https://www.iryou.teikyouseido.mhlw.go.jp/znk-web/juminkanja/S2430/initialize?prefCd=19&kikanCd=3190000676&kikanKbn=3", "url2": "http://www.wakatsuki-dc.com", "内容": "若月デンタルクリニック【3:歯科】山梨県甲州市塩山三日市場１９６５" }, "geometry": { "type": "Point", "coordinates": [ 138.712209, 35.720121 ] } },
{ "type": "Feature", "properties": { "ID": 1933190000678, "正式名称": "ひらいしデンタルクリニック", "機関区分": 3, "都道府県コード": 19, "市区町村コード": 210, "所在地": "山梨県甲斐市龍地６６０６－１", "緯度": 35.688398, "経度": 138.505284, "url": "https://www.iryou.teikyouseido.mhlw.go.jp/znk-web/juminkanja/S2430/initialize?prefCd=19&kikanCd=3190000678&kikanKbn=3", "url2": null, "内容": "ひらいしデンタルクリニック【3:歯科】山梨県甲斐市龍地６６０６－１" }, "geometry": { "type": "Point", "coordinates": [ 138.505284, 35.688398 ] } },
{ "type": "Feature", "properties": { "ID": 1933190000679, "正式名称": "ニッコリ矯正歯科クリニック", "機関区分": 3, "都道府県コード": 19, "市区町村コード": 207, "所在地": "山梨県韮崎市若宮一丁目２番５０号　韮崎市民交流センターニコリ３階", "緯度": 35.714339, "経度": 138.450565, "url": "https://www.iryou.teikyouseido.mhlw.go.jp/znk-web/juminkanja/S2430/initialize?prefCd=19&kikanCd=3190000679&kikanKbn=3", "url2": "http://nsk-kyousei.jp/", "内容": "ニッコリ矯正歯科クリニック【3:歯科】山梨県韮崎市若宮一丁目２番５０号　韮崎市民交流センターニコリ３階" }, "geometry": { "type": "Point", "coordinates": [ 138.450565, 35.714339 ] } },
{ "type": "Feature", "properties": { "ID": 1933190000680, "正式名称": "医療法人社団ＦｉｒｓｔＲｅｍｅｄｙ佐藤歯科医院", "機関区分": 3, "都道府県コード": 19, "市区町村コード": 212, "所在地": "山梨県上野原市上野原１６６３", "緯度": 35.629554, "経度": 139.119208, "url": "https://www.iryou.teikyouseido.mhlw.go.jp/znk-web/juminkanja/S2430/initialize?prefCd=19&kikanCd=3190000680&kikanKbn=3", "url2": "https://satodentalclinic.jp/", "内容": "医療法人社団ＦｉｒｓｔＲｅｍｅｄｙ佐藤歯科医院【3:歯科】山梨県上野原市上野原１６６３" }, "geometry": { "type": "Point", "coordinates": [ 139.119208, 35.629554 ] } },
{ "type": "Feature", "properties": { "ID": 1933190000681, "正式名称": "ＡＫマウスクリニック河口湖", "機関区分": 3, "都道府県コード": 19, "市区町村コード": 430, "所在地": "山梨県南都留郡富士河口湖町小立８０１７－１", "緯度": 35.490507, "経度": 138.744495, "url": "https://www.iryou.teikyouseido.mhlw.go.jp/znk-web/juminkanja/S2430/initialize?prefCd=19&kikanCd=3190000681&kikanKbn=3", "url2": null, "内容": "ＡＫマウスクリニック河口湖【3:歯科】山梨県南都留郡富士河口湖町小立８０１７－１" }, "geometry": { "type": "Point", "coordinates": [ 138.744495, 35.490507 ] } },
{ "type": "Feature", "properties": { "ID": 1933190000682, "正式名称": "こだち歯科医院", "機関区分": 3, "都道府県コード": 19, "市区町村コード": 430, "所在地": "山梨県南都留郡富士河口湖町小立８０３７－１２", "緯度": 35.490507, "経度": 138.744495, "url": "https://www.iryou.teikyouseido.mhlw.go.jp/znk-web/juminkanja/S2430/initialize?prefCd=19&kikanCd=3190000682&kikanKbn=3", "url2": null, "内容": "こだち歯科医院【3:歯科】山梨県南都留郡富士河口湖町小立８０３７－１２" }, "geometry": { "type": "Point", "coordinates": [ 138.744495, 35.490507 ] } },
{ "type": "Feature", "properties": { "ID": 1933190000683, "正式名称": "さかいデンタルクリニック", "機関区分": 3, "都道府県コード": 19, "市区町村コード": 210, "所在地": "山梨県甲斐市中下条９１３－３", "緯度": 35.679733, "経度": 138.528337, "url": "https://www.iryou.teikyouseido.mhlw.go.jp/znk-web/juminkanja/S2430/initialize?prefCd=19&kikanCd=3190000683&kikanKbn=3", "url2": "https://sakai-dental0401.com", "内容": "さかいデンタルクリニック【3:歯科】山梨県甲斐市中下条９１３－３" }, "geometry": { "type": "Point", "coordinates": [ 138.528337, 35.679733 ] } },
{ "type": "Feature", "properties": { "ID": 1933190000685, "正式名称": "サファイア歯科", "機関区分": 3, "都道府県コード": 19, "市区町村コード": 201, "所在地": "山梨県甲府市向町１４７－１　グリーンタウン甲府東ＳＨＯＰＳ向町", "緯度": 35.646628, "経度": 138.618166, "url": "https://www.iryou.teikyouseido.mhlw.go.jp/znk-web/juminkanja/S2430/initialize?prefCd=19&kikanCd=3190000685&kikanKbn=3", "url2": "https://sapphire-kofu.com/", "内容": "サファイア歯科【3:歯科】山梨県甲府市向町１４７－１　グリーンタウン甲府東ＳＨＯＰＳ向町" }, "geometry": { "type": "Point", "coordinates": [ 138.618166, 35.646628 ] } },
{ "type": "Feature", "properties": { "ID": 1933190000686, "正式名称": "若宮デンタルクリニック", "機関区分": 3, "都道府県コード": 19, "市区町村コード": 214, "所在地": "山梨県中央市若宮４９－６", "緯度": 35.612824, "経度": 138.538646, "url": "https://www.iryou.teikyouseido.mhlw.go.jp/znk-web/juminkanja/S2430/initialize?prefCd=19&kikanCd=3190000686&kikanKbn=3", "url2": "https://www.wakamiya-dental.com/", "内容": "若宮デンタルクリニック【3:歯科】山梨県中央市若宮４９－６" }, "geometry": { "type": "Point", "coordinates": [ 138.538646, 35.612824 ] } },
{ "type": "Feature", "properties": { "ID": 1933190000688, "正式名称": "横山デンタルクリニック", "機関区分": 3, "都道府県コード": 19, "市区町村コード": 384, "所在地": "山梨県中巨摩郡昭和町築地新居３００－２　横山整形外科医院２Ｆ", "緯度": 35.627683, "経度": 138.522396, "url": "https://www.iryou.teikyouseido.mhlw.go.jp/znk-web/juminkanja/S2430/initialize?prefCd=19&kikanCd=3190000688&kikanKbn=3", "url2": "https://yokoyama-dental-clinic.net", "内容": "横山デンタルクリニック【3:歯科】山梨県中巨摩郡昭和町築地新居３００－２　横山整形外科医院２Ｆ" }, "geometry": { "type": "Point", "coordinates": [ 138.522396, 35.627683 ] } },
{ "type": "Feature", "properties": { "ID": 1933190000691, "正式名称": "小泉歯科クリニック", "機関区分": 3, "都道府県コード": 19, "市区町村コード": 211, "所在地": "山梨県笛吹市一宮町金田５２", "緯度": 35.651044, "経度": 138.681493, "url": "https://www.iryou.teikyouseido.mhlw.go.jp/znk-web/juminkanja/S2430/initialize?prefCd=19&kikanCd=3190000691&kikanKbn=3", "url2": "https://koizumidental.com/", "内容": "小泉歯科クリニック【3:歯科】山梨県笛吹市一宮町金田５２" }, "geometry": { "type": "Point", "coordinates": [ 138.681493, 35.651044 ] } },
{ "type": "Feature", "properties": { "ID": 1933190000693, "正式名称": "河口湖畔歯科クリニック", "機関区分": 3, "都道府県コード": 19, "市区町村コード": 430, "所在地": "山梨県南都留郡富士河口湖町長浜１７４", "緯度": 35.508921, "経度": 138.715303, "url": "https://www.iryou.teikyouseido.mhlw.go.jp/znk-web/juminkanja/S2430/initialize?prefCd=19&kikanCd=3190000693&kikanKbn=3", "url2": "https://www.kawaguchikohan-dc.com/", "内容": "河口湖畔歯科クリニック【3:歯科】山梨県南都留郡富士河口湖町長浜１７４" }, "geometry": { "type": "Point", "coordinates": [ 138.715303, 35.508921 ] } },
{ "type": "Feature", "properties": { "ID": 1933190000694, "正式名称": "甲府向町歯科", "機関区分": 3, "都道府県コード": 19, "市区町村コード": 201, "所在地": "山梨県甲府市向町２９０番地３　ｎａｎａｈｏ　ＷＯＯＤ　ＴＥＲＲＡＣＥ　１階Ｃ号室", "緯度": 35.646628, "経度": 138.618166, "url": "https://www.iryou.teikyouseido.mhlw.go.jp/znk-web/juminkanja/S2430/initialize?prefCd=19&kikanCd=3190000694&kikanKbn=3", "url2": "https://mukoumachi-dc.com/", "内容": "甲府向町歯科【3:歯科】山梨県甲府市向町２９０番地３　ｎａｎａｈｏ　ＷＯＯＤ　ＴＥＲＲＡＣＥ　１階Ｃ号室" }, "geometry": { "type": "Point", "coordinates": [ 138.618166, 35.646628 ] } },
{ "type": "Feature", "properties": { "ID": 1933190000699, "正式名称": "なな歯科医院", "機関区分": 3, "都道府県コード": 19, "市区町村コード": 210, "所在地": "山梨県甲斐市長塚３２１", "緯度": 35.668179, "経度": 138.529422, "url": "https://www.iryou.teikyouseido.mhlw.go.jp/znk-web/juminkanja/S2430/initialize?prefCd=19&kikanCd=3190000699&kikanKbn=3", "url2": null, "内容": "なな歯科医院【3:歯科】山梨県甲斐市長塚３２１" }, "geometry": { "type": "Point", "coordinates": [ 138.529422, 35.668179 ] } },
{ "type": "Feature", "properties": { "ID": 1933190000700, "正式名称": "桃の花歯科口腔外科クリニック", "機関区分": 3, "都道府県コード": 19, "市区町村コード": 213, "所在地": "山梨県甲州市塩山上於曽１００５－２", "緯度": 35.708234, "経度": 138.734486, "url": "https://www.iryou.teikyouseido.mhlw.go.jp/znk-web/juminkanja/S2430/initialize?prefCd=19&kikanCd=3190000700&kikanKbn=3", "url2": "https://www.momonohana-oms.com/", "内容": "桃の花歯科口腔外科クリニック【3:歯科】山梨県甲州市塩山上於曽１００５－２" }, "geometry": { "type": "Point", "coordinates": [ 138.734486, 35.708234 ] } },
{ "type": "Feature", "properties": { "ID": 1933190000701, "正式名称": "富士吉田歯科", "機関区分": 3, "都道府県コード": 19, "市区町村コード": 202, "所在地": "山梨県富士吉田市下吉田二丁目３１ー２０", "緯度": 35.490813, "経度": 138.803823, "url": "https://www.iryou.teikyouseido.mhlw.go.jp/znk-web/juminkanja/S2430/initialize?prefCd=19&kikanCd=3190000701&kikanKbn=3", "url2": null, "内容": "富士吉田歯科【3:歯科】山梨県富士吉田市下吉田二丁目３１ー２０" }, "geometry": { "type": "Point", "coordinates": [ 138.803823, 35.490813 ] } },
{ "type": "Feature", "properties": { "ID": 1933190000702, "正式名称": "江間ファミリー歯科・矯正歯科", "機関区分": 3, "都道府県コード": 19, "市区町村コード": 201, "所在地": "山梨県甲府市相生１－７－１５", "緯度": 35.655792, "経度": 138.567002, "url": "https://www.iryou.teikyouseido.mhlw.go.jp/znk-web/juminkanja/S2430/initialize?prefCd=19&kikanCd=3190000702&kikanKbn=3", "url2": "http://www.emasika.jp", "内容": "江間ファミリー歯科・矯正歯科【3:歯科】山梨県甲府市相生１－７－１５" }, "geometry": { "type": "Point", "coordinates": [ 138.567002, 35.655792 ] } },
{ "type": "Feature", "properties": { "ID": 1933190000710, "正式名称": "田辺歯科クリニック", "機関区分": 3, "都道府県コード": 19, "市区町村コード": 210, "所在地": "山梨県甲斐市篠原１４２２－３", "緯度": 35.64632, "経度": 138.523899, "url": "https://www.iryou.teikyouseido.mhlw.go.jp/znk-web/juminkanja/S2430/initialize?prefCd=19&kikanCd=3190000710&kikanKbn=3", "url2": "https://www.tanabe-shika.net", "内容": "田辺歯科クリニック【3:歯科】山梨県甲斐市篠原１４２２－３" }, "geometry": { "type": "Point", "coordinates": [ 138.523899, 35.64632 ] } },
{ "type": "Feature", "properties": { "ID": 1933196000002, "正式名称": "さくらデンタルクリニック富士吉田", "機関区分": 3, "都道府県コード": 19, "市区町村コード": 202, "所在地": "山梨県富士吉田市中曽根２－１１－２２", "緯度": 35.483703, "経度": 138.804397, "url": "https://www.iryou.teikyouseido.mhlw.go.jp/znk-web/juminkanja/S2430/initialize?prefCd=19&kikanCd=3196000002&kikanKbn=3", "url2": null, "内容": "さくらデンタルクリニック富士吉田【3:歯科】山梨県富士吉田市中曽根２－１１－２２" }, "geometry": { "type": "Point", "coordinates": [ 138.804397, 35.483703 ] } },
{ "type": "Feature", "properties": { "ID": 1933197000001, "正式名称": "中村歯科医院", "機関区分": 3, "都道府県コード": 19, "市区町村コード": 346, "所在地": "山梨県西八代郡市川三郷町市川大門１５４７－３中村歯科医院", "緯度": 35.566813, "経度": 138.494553, "url": "https://www.iryou.teikyouseido.mhlw.go.jp/znk-web/juminkanja/S2430/initialize?prefCd=19&kikanCd=3197000001&kikanKbn=3", "url2": null, "内容": "中村歯科医院【3:歯科】山梨県西八代郡市川三郷町市川大門１５４７－３中村歯科医院" }, "geometry": { "type": "Point", "coordinates": [ 138.494553, 35.566813 ] } },
{ "type": "Feature", "properties": { "ID": 1933199000001, "正式名称": "内藤歯科医院", "機関区分": 3, "都道府県コード": 19, "市区町村コード": 214, "所在地": "山梨県中央市西花輪９２", "緯度": 35.589733, "経度": 138.520969, "url": "https://www.iryou.teikyouseido.mhlw.go.jp/znk-web/juminkanja/S2430/initialize?prefCd=19&kikanCd=3199000001&kikanKbn=3", "url2": null, "内容": "内藤歯科医院【3:歯科】山梨県中央市西花輪９２" }, "geometry": { "type": "Point", "coordinates": [ 138.520969, 35.589733 ] } },
{ "type": "Feature", "properties": { "ID": 1933199000002, "正式名称": "みらい歯科・こども矯正歯科　フォレストモール甲斐竜王", "機関区分": 3, "都道府県コード": 19, "市区町村コード": 210, "所在地": "山梨県甲斐市富竹新田字大明神河原１７１４－１フォレストモール甲斐竜王内", "緯度": 35.6570201, "経度": 138.5275727, "url": "https://www.iryou.teikyouseido.mhlw.go.jp/znk-web/juminkanja/S2430/initialize?prefCd=19&kikanCd=3199000002&kikanKbn=3", "url2": "https://mirai-dc.net/", "内容": "みらい歯科・こども矯正歯科　フォレストモール甲斐竜王【3:歯科】山梨県甲斐市富竹新田字大明神河原１７１４－１フォレストモール甲斐竜王内" }, "geometry": { "type": "Point", "coordinates": [ 138.5275727, 35.6570201 ] } },
{ "type": "Feature", "properties": { "ID": 1933199000003, "正式名称": "ほったデンタルクリニック", "機関区分": 3, "都道府県コード": 19, "市区町村コード": 210, "所在地": "山梨県甲斐市竜王９８０－９", "緯度": 35.667139, "経度": 138.512, "url": "https://www.iryou.teikyouseido.mhlw.go.jp/znk-web/juminkanja/S2430/initialize?prefCd=19&kikanCd=3199000003&kikanKbn=3", "url2": null, "内容": "ほったデンタルクリニック【3:歯科】山梨県甲斐市竜王９８０－９" }, "geometry": { "type": "Point", "coordinates": [ 138.512, 35.667139 ] } },
{ "type": "Feature", "properties": { "ID": 1933199000004, "正式名称": "南アルプス六科もちづきデンタルオフィス", "機関区分": 3, "都道府県コード": 19, "市区町村コード": 208, "所在地": "山梨県南アルプス市百々１８３０－１", "緯度": 35.609333, "経度": 138.46681, "url": "https://www.iryou.teikyouseido.mhlw.go.jp/znk-web/juminkanja/S2430/initialize?prefCd=19&kikanCd=3199000004&kikanKbn=3", "url2": null, "内容": "南アルプス六科もちづきデンタルオフィス【3:歯科】山梨県南アルプス市百々１８３０－１" }, "geometry": { "type": "Point", "coordinates": [ 138.46681, 35.609333 ] } },
{ "type": "Feature", "properties": { "ID": 1933199000005, "正式名称": "昭和田中歯科医院", "機関区分": 3, "都道府県コード": 19, "市区町村コード": 384, "所在地": "山梨県中巨摩郡昭和町上河東３８２", "緯度": 35.616931, "経度": 138.529869, "url": "https://www.iryou.teikyouseido.mhlw.go.jp/znk-web/juminkanja/S2430/initialize?prefCd=19&kikanCd=3199000005&kikanKbn=3", "url2": null, "内容": "昭和田中歯科医院【3:歯科】山梨県中巨摩郡昭和町上河東３８２" }, "geometry": { "type": "Point", "coordinates": [ 138.529869, 35.616931 ] } },
{ "type": "Feature", "properties": { "ID": 1933199000006, "正式名称": "オリーブ歯科クリニック", "機関区分": 3, "都道府県コード": 19, "市区町村コード": 208, "所在地": "山梨県南アルプス市在家塚４７１－３", "緯度": 35.63835, "経度": 138.472419, "url": "https://www.iryou.teikyouseido.mhlw.go.jp/znk-web/juminkanja/S2430/initialize?prefCd=19&kikanCd=3199000006&kikanKbn=3", "url2": null, "内容": "オリーブ歯科クリニック【3:歯科】山梨県南アルプス市在家塚４７１－３" }, "geometry": { "type": "Point", "coordinates": [ 138.472419, 35.63835 ] } },
{ "type": "Feature", "properties": { "ID": 1933199000007, "正式名称": "Ｍｅ矯正歯科クリニック", "機関区分": 3, "都道府県コード": 19, "市区町村コード": 214, "所在地": "山梨県中央市成島１３９２－２", "緯度": 35.607353, "経度": 138.547172, "url": "https://www.iryou.teikyouseido.mhlw.go.jp/znk-web/juminkanja/S2430/initialize?prefCd=19&kikanCd=3199000007&kikanKbn=3", "url2": "https://me-orthodental.ci-hp.jp/", "内容": "Ｍｅ矯正歯科クリニック【3:歯科】山梨県中央市成島１３９２－２" }, "geometry": { "type": "Point", "coordinates": [ 138.547172, 35.607353 ] } }
]
}
