{
"type": "FeatureCollection",
"name": "geo_19_2",
"crs": { "type": "name", "properties": { "name": "urn:ogc:def:crs:OGC:1.3:CRS84" } },
"features": [
{ "type": "Feature", "properties": { "ID": 1921911810644, "正式名称": "ひがき耳鼻咽喉科医院", "機関区分": 2, "都道府県コード": 19, "市区町村コード": 211, "所在地": "山梨県笛吹市石和町今井１８８", "緯度": 35.63255, "経度": 138.605489, "url": "https://www.iryou.teikyouseido.mhlw.go.jp/znk-web/juminkanja/S2430/initialize?prefCd=19&kikanCd=1911810644&kikanKbn=2", "url2": "https://www.higaki-ent.com/", "内容": "ひがき耳鼻咽喉科医院【2:診療所】【診療科目:耳鼻いんこう科】山梨県笛吹市石和町今井１８８" }, "geometry": { "type": "Point", "coordinates": [ 138.605489, 35.63255 ] } },
{ "type": "Feature", "properties": { "ID": 1922190000001, "正式名称": "土屋眼科医院", "機関区分": 2, "都道府県コード": 19, "市区町村コード": 201, "所在地": "山梨県甲府市伊勢１－３－９", "緯度": 35.650459, "経度": 138.567753, "url": "https://www.iryou.teikyouseido.mhlw.go.jp/znk-web/juminkanja/S2430/initialize?prefCd=19&kikanCd=2190000001&kikanKbn=2", "url2": "http://www.tsuchiya-eye.jp/", "内容": "土屋眼科医院【2:診療所】【診療科目:眼科】山梨県甲府市伊勢１－３－９" }, "geometry": { "type": "Point", "coordinates": [ 138.567753, 35.650459 ] } },
{ "type": "Feature", "properties": { "ID": 1922190000004, "正式名称": "内田皮ふ科", "機関区分": 2, "都道府県コード": 19, "市区町村コード": 201, "所在地": "山梨県甲府市伊勢４－１－１６", "緯度": 35.640182, "経度": 138.569586, "url": "https://www.iryou.teikyouseido.mhlw.go.jp/znk-web/juminkanja/S2430/initialize?prefCd=19&kikanCd=2190000004&kikanKbn=2", "url2": "http://www.myclinic.ne.jp/uchidahihuka/pc/", "内容": "内田皮ふ科【2:診療所】【診療科目:皮膚科】山梨県甲府市伊勢４－１－１６" }, "geometry": { "type": "Point", "coordinates": [ 138.569586, 35.640182 ] } },
{ "type": "Feature", "properties": { "ID": 1922190000007, "正式名称": "すずきネフロクリニック", "機関区分": 2, "都道府県コード": 19, "市区町村コード": 201, "所在地": "山梨県甲府市塩部１－１０－６", "緯度": 35.675373, "経度": 138.560169, "url": "https://www.iryou.teikyouseido.mhlw.go.jp/znk-web/juminkanja/S2430/initialize?prefCd=19&kikanCd=2190000007&kikanKbn=2", "url2": "https://www.suzuki-nefuro.jp", "内容": "すずきネフロクリニック【2:診療所】【診療科目:人工透析内科_泌尿器科】山梨県甲府市塩部１－１０－６" }, "geometry": { "type": "Point", "coordinates": [ 138.560169, 35.675373 ] } },
{ "type": "Feature", "properties": { "ID": 1922190000008, "正式名称": "鈴木・野村泌尿器科クリニック", "機関区分": 2, "都道府県コード": 19, "市区町村コード": 201, "所在地": "山梨県甲府市塩部１－１１－１２", "緯度": 35.675845, "経度": 138.560224, "url": "https://www.iryou.teikyouseido.mhlw.go.jp/znk-web/juminkanja/S2430/initialize?prefCd=19&kikanCd=2190000008&kikanKbn=2", "url2": "https://hinyokika.suzuki-nefuro.jp", "内容": "鈴木・野村泌尿器科クリニック【2:診療所】【診療科目:腎臓内科_泌尿器科】山梨県甲府市塩部１－１１－１２" }, "geometry": { "type": "Point", "coordinates": [ 138.560224, 35.675845 ] } },
{ "type": "Feature", "properties": { "ID": 1922190000009, "正式名称": "宮澤医院", "機関区分": 2, "都道府県コード": 19, "市区町村コード": 201, "所在地": "山梨県甲府市塩部３－１４－７", "緯度": 35.676039, "経度": 138.556585, "url": "https://www.iryou.teikyouseido.mhlw.go.jp/znk-web/juminkanja/S2430/initialize?prefCd=19&kikanCd=2190000009&kikanKbn=2", "url2": "http://www.myclinic.ne.jp/miyazacl/", "内容": "宮澤医院【2:診療所】【診療科目:内科_小児科_アレルギー科】山梨県甲府市塩部３－１４－７" }, "geometry": { "type": "Point", "coordinates": [ 138.556585, 35.676039 ] } },
{ "type": "Feature", "properties": { "ID": 1922190000010, "正式名称": "医療法人　静正会三井クリニック", "機関区分": 2, "都道府県コード": 19, "市区町村コード": 201, "所在地": "山梨県甲府市塩部３－１６－３３", "緯度": 35.675928, "経度": 138.55928, "url": "https://www.iryou.teikyouseido.mhlw.go.jp/znk-web/juminkanja/S2430/initialize?prefCd=19&kikanCd=2190000010&kikanKbn=2", "url2": "http://mitsui.clinic", "内容": "医療法人　静正会三井クリニック【2:診療所】【診療科目:人工透析内科_泌尿器科】山梨県甲府市塩部３－１６－３３" }, "geometry": { "type": "Point", "coordinates": [ 138.55928, 35.675928 ] } },
{ "type": "Feature", "properties": { "ID": 1922190000011, "正式名称": "みぞべこどもクリニック", "機関区分": 2, "都道府県コード": 19, "市区町村コード": 201, "所在地": "山梨県甲府市塩部４－１４－１２", "緯度": 35.677567, "経度": 138.555113, "url": "https://www.iryou.teikyouseido.mhlw.go.jp/znk-web/juminkanja/S2430/initialize?prefCd=19&kikanCd=2190000011&kikanKbn=2", "url2": null, "内容": "みぞべこどもクリニック【2:診療所】【診療科目:小児科】山梨県甲府市塩部４－１４－１２" }, "geometry": { "type": "Point", "coordinates": [ 138.555113, 35.677567 ] } },
{ "type": "Feature", "properties": { "ID": 1922190000012, "正式名称": "医療法人翠風会藤原医院", "機関区分": 2, "都道府県コード": 19, "市区町村コード": 201, "所在地": "山梨県甲府市塩部４－１５－１６", "緯度": 35.677039, "経度": 138.554113, "url": "https://www.iryou.teikyouseido.mhlw.go.jp/znk-web/juminkanja/S2430/initialize?prefCd=19&kikanCd=2190000012&kikanKbn=2", "url2": "http://www.fujihara.or.jp", "内容": "医療法人翠風会藤原医院【2:診療所】【診療科目:内科_精神科_心療内科】山梨県甲府市塩部４－１５－１６" }, "geometry": { "type": "Point", "coordinates": [ 138.554113, 35.677039 ] } },
{ "type": "Feature", "properties": { "ID": 1922190000013, "正式名称": "医療法人　望月会　望月整形外科クリニック", "機関区分": 2, "都道府県コード": 19, "市区町村コード": 201, "所在地": "山梨県甲府市塩部４－１６－２", "緯度": 35.677762, "経度": 138.553613, "url": "https://www.iryou.teikyouseido.mhlw.go.jp/znk-web/juminkanja/S2430/initialize?prefCd=19&kikanCd=2190000013&kikanKbn=2", "url2": "http://www.mochizukiclinic.com", "内容": "医療法人　望月会　望月整形外科クリニック【2:診療所】【診療科目:整形外科_リハビリテーション科】山梨県甲府市塩部４－１６－２" }, "geometry": { "type": "Point", "coordinates": [ 138.553613, 35.677762 ] } },
{ "type": "Feature", "properties": { "ID": 1922190000015, "正式名称": "医療法人　前田内科クリニック", "機関区分": 2, "都道府県コード": 19, "市区町村コード": 201, "所在地": "山梨県甲府市塩部４－４－８", "緯度": 35.6739, "経度": 138.55467, "url": "https://www.iryou.teikyouseido.mhlw.go.jp/znk-web/juminkanja/S2430/initialize?prefCd=19&kikanCd=2190000015&kikanKbn=2", "url2": null, "内容": "医療法人　前田内科クリニック【2:診療所】【診療科目:内科_循環器内科】山梨県甲府市塩部４－４－８" }, "geometry": { "type": "Point", "coordinates": [ 138.55467, 35.6739 ] } },
{ "type": "Feature", "properties": { "ID": 1922190000019, "正式名称": "医療法人青空の会小瀬こどもクリニック", "機関区分": 2, "都道府県コード": 19, "市区町村コード": 201, "所在地": "山梨県甲府市下小河原町３５－５", "緯度": 35.630629, "経度": 138.580613, "url": "https://www.iryou.teikyouseido.mhlw.go.jp/znk-web/juminkanja/S2430/initialize?prefCd=19&kikanCd=2190000019&kikanKbn=2", "url2": "https://kosekocl.sakura.ne.jp", "内容": "医療法人青空の会小瀬こどもクリニック【2:診療所】【診療科目:小児科_アレルギー科】山梨県甲府市下小河原町３５－５" }, "geometry": { "type": "Point", "coordinates": [ 138.580613, 35.630629 ] } },
{ "type": "Feature", "properties": { "ID": 1922190000020, "正式名称": "内田眼科医院", "機関区分": 2, "都道府県コード": 19, "市区町村コード": 201, "所在地": "山梨県甲府市国母８－２７－４", "緯度": 35.633572, "経度": 138.550116, "url": "https://www.iryou.teikyouseido.mhlw.go.jp/znk-web/juminkanja/S2430/initialize?prefCd=19&kikanCd=2190000020&kikanKbn=2", "url2": null, "内容": "内田眼科医院【2:診療所】【診療科目:眼科】山梨県甲府市国母８－２７－４" }, "geometry": { "type": "Point", "coordinates": [ 138.550116, 35.633572 ] } },
{ "type": "Feature", "properties": { "ID": 1922190000021, "正式名称": "医療法人昇裕会　やぶさき泌尿器クリニック", "機関区分": 2, "都道府県コード": 19, "市区町村コード": 201, "所在地": "山梨県甲府市下石田２－１６－６", "緯度": 35.648126, "経度": 138.548921, "url": "https://www.iryou.teikyouseido.mhlw.go.jp/znk-web/juminkanja/S2430/initialize?prefCd=19&kikanCd=2190000021&kikanKbn=2", "url2": "http://www.yabusaki-uro.com", "内容": "医療法人昇裕会　やぶさき泌尿器クリニック【2:診療所】【診療科目:皮膚泌尿器科_泌尿器科_男性泌尿器科_神経泌尿器科_腎臓・泌尿器科_性病等】山梨県甲府市下石田２－１６－６" }, "geometry": { "type": "Point", "coordinates": [ 138.548921, 35.648126 ] } },
{ "type": "Feature", "properties": { "ID": 1922190000027, "正式名称": "医療法人大久保会　大久保内科呼吸器科クリニック", "機関区分": 2, "都道府県コード": 19, "市区町村コード": 201, "所在地": "山梨県甲府市丸の内１－１９－１８", "緯度": 35.66243, "経度": 138.569085, "url": "https://www.iryou.teikyouseido.mhlw.go.jp/znk-web/juminkanja/S2430/initialize?prefCd=19&kikanCd=2190000027&kikanKbn=2", "url2": "http://okuboclinic.biz/", "内容": "医療法人大久保会　大久保内科呼吸器科クリニック【2:診療所】【診療科目:内科_呼吸器内科】山梨県甲府市丸の内１－１９－１８" }, "geometry": { "type": "Point", "coordinates": [ 138.569085, 35.66243 ] } },
{ "type": "Feature", "properties": { "ID": 1922190000029, "正式名称": "池田皮フ科", "機関区分": 2, "都道府県コード": 19, "市区町村コード": 201, "所在地": "山梨県甲府市丸の内２－１－１０", "緯度": 35.66643, "経度": 138.567724, "url": "https://www.iryou.teikyouseido.mhlw.go.jp/znk-web/juminkanja/S2430/initialize?prefCd=19&kikanCd=2190000029&kikanKbn=2", "url2": null, "内容": "池田皮フ科【2:診療所】【診療科目:皮膚科】山梨県甲府市丸の内２－１－１０" }, "geometry": { "type": "Point", "coordinates": [ 138.567724, 35.66643 ] } },
{ "type": "Feature", "properties": { "ID": 1922190000032, "正式名称": "医療法人芳明会　佐々木眼科医院", "機関区分": 2, "都道府県コード": 19, "市区町村コード": 201, "所在地": "山梨県甲府市丸の内２－２５－８", "緯度": 35.663834, "経度": 138.565186, "url": "https://www.iryou.teikyouseido.mhlw.go.jp/znk-web/juminkanja/S2430/initialize?prefCd=19&kikanCd=2190000032&kikanKbn=2", "url2": null, "内容": "医療法人芳明会　佐々木眼科医院【2:診療所】【診療科目:眼科】山梨県甲府市丸の内２－２５－８" }, "geometry": { "type": "Point", "coordinates": [ 138.565186, 35.663834 ] } },
{ "type": "Feature", "properties": { "ID": 1922190000035, "正式名称": "医療法人　塚原整形外科", "機関区分": 2, "都道府県コード": 19, "市区町村コード": 201, "所在地": "山梨県甲府市丸の内２－９－１４", "緯度": 35.666318, "経度": 138.564585, "url": "https://www.iryou.teikyouseido.mhlw.go.jp/znk-web/juminkanja/S2430/initialize?prefCd=19&kikanCd=2190000035&kikanKbn=2", "url2": null, "内容": "医療法人　塚原整形外科【2:診療所】【診療科目:整形外科_リウマチ科_リハビリテーション科】山梨県甲府市丸の内２－９－１４" }, "geometry": { "type": "Point", "coordinates": [ 138.564585, 35.666318 ] } },
{ "type": "Feature", "properties": { "ID": 1922190000036, "正式名称": "甲府共立診療所", "機関区分": 2, "都道府県コード": 19, "市区町村コード": 201, "所在地": "山梨県甲府市宝１－１０－５", "緯度": 35.666457, "経度": 138.56428, "url": "https://www.iryou.teikyouseido.mhlw.go.jp/znk-web/juminkanja/S2430/initialize?prefCd=19&kikanCd=2190000036&kikanKbn=2", "url2": "https://kofukyouritsu.com/", "内容": "甲府共立診療所【2:診療所】【診療科目:内科_血液内科_糖尿病・内分泌内科_脳神経内科_呼吸器内科_循環器内科_消化器内科_腎臓内科_外科_心臓血管外科_乳腺外科_整形外科_小児科_眼科_耳鼻いんこう科_皮膚科】山梨県甲府市宝１－１０－５" }, "geometry": { "type": "Point", "coordinates": [ 138.56428, 35.666457 ] } },
{ "type": "Feature", "properties": { "ID": 1922190000040, "正式名称": "桜林内科消化器科医院", "機関区分": 2, "都道府県コード": 19, "市区町村コード": 201, "所在地": "山梨県甲府市宮原町１３３６－１", "緯度": 35.615935, "経度": 138.55945, "url": "https://www.iryou.teikyouseido.mhlw.go.jp/znk-web/juminkanja/S2430/initialize?prefCd=19&kikanCd=2190000040&kikanKbn=2", "url2": null, "内容": "桜林内科消化器科医院【2:診療所】【診療科目:内科_消化器内科】山梨県甲府市宮原町１３３６－１" }, "geometry": { "type": "Point", "coordinates": [ 138.55945, 35.615935 ] } },
{ "type": "Feature", "properties": { "ID": 1922190000041, "正式名称": "医療法人　仁明会　ながまつ医院", "機関区分": 2, "都道府県コード": 19, "市区町村コード": 201, "所在地": "山梨県甲府市宮原町８８－１", "緯度": 35.622545, "経度": 138.556894, "url": "https://www.iryou.teikyouseido.mhlw.go.jp/znk-web/juminkanja/S2430/initialize?prefCd=19&kikanCd=2190000041&kikanKbn=2", "url2": "https://www.nagamatsu-iin.com/", "内容": "医療法人　仁明会　ながまつ医院【2:診療所】【診療科目:内科_神経内科】山梨県甲府市宮原町８８－１" }, "geometry": { "type": "Point", "coordinates": [ 138.556894, 35.622545 ] } },
{ "type": "Feature", "properties": { "ID": 1922190000042, "正式名称": "医療法人笹本会　笹本整形外科", "機関区分": 2, "都道府県コード": 19, "市区町村コード": 201, "所在地": "山梨県甲府市古上条町４４６", "緯度": 35.631044, "経度": 138.561087, "url": "https://www.iryou.teikyouseido.mhlw.go.jp/znk-web/juminkanja/S2430/initialize?prefCd=19&kikanCd=2190000042&kikanKbn=2", "url2": "http://sasamotokai.net/", "内容": "医療法人笹本会　笹本整形外科【2:診療所】【診療科目:整形外科_リウマチ科_リハビリテーション科】山梨県甲府市古上条町４４６" }, "geometry": { "type": "Point", "coordinates": [ 138.561087, 35.631044 ] } },
{ "type": "Feature", "properties": { "ID": 1922190000044, "正式名称": "甲府市直営宮本診療所", "機関区分": 2, "都道府県コード": 19, "市区町村コード": 201, "所在地": "山梨県甲府市御岳町２３５９", "緯度": 35.768557, "経度": 138.556637, "url": "https://www.iryou.teikyouseido.mhlw.go.jp/znk-web/juminkanja/S2430/initialize?prefCd=19&kikanCd=2190000044&kikanKbn=2", "url2": "http://www.city.kofu.yamanashi.jp/kokuminhoken/kurashi/hoken/hoken/chokue.html", "内容": "甲府市直営宮本診療所【2:診療所】【診療科目:内科】山梨県甲府市御岳町２３５９" }, "geometry": { "type": "Point", "coordinates": [ 138.556637, 35.768557 ] } },
{ "type": "Feature", "properties": { "ID": 1922190000045, "正式名称": "医療法人社団恒澄会　産科婦人科清水クリニック", "機関区分": 2, "都道府県コード": 19, "市区町村コード": 201, "所在地": "山梨県甲府市向町４５０－５", "緯度": 35.647766, "経度": 138.614221, "url": "https://www.iryou.teikyouseido.mhlw.go.jp/znk-web/juminkanja/S2430/initialize?prefCd=19&kikanCd=2190000045&kikanKbn=2", "url2": "http://www.shimizuclinic.or.jp/", "内容": "医療法人社団恒澄会　産科婦人科清水クリニック【2:診療所】【診療科目:産婦人科】山梨県甲府市向町４５０－５" }, "geometry": { "type": "Point", "coordinates": [ 138.614221, 35.647766 ] } },
{ "type": "Feature", "properties": { "ID": 1922190000047, "正式名称": "古守医院", "機関区分": 2, "都道府県コード": 19, "市区町村コード": 201, "所在地": "山梨県甲府市幸町２２－１１", "緯度": 35.644793, "経度": 138.571474, "url": "https://www.iryou.teikyouseido.mhlw.go.jp/znk-web/juminkanja/S2430/initialize?prefCd=19&kikanCd=2190000047&kikanKbn=2", "url2": null, "内容": "古守医院【2:診療所】【診療科目:内科_呼吸器内科_放射線科】山梨県甲府市幸町２２－１１" }, "geometry": { "type": "Point", "coordinates": [ 138.571474, 35.644793 ] } },
{ "type": "Feature", "properties": { "ID": 1922190000048, "正式名称": "原整形外科医院", "機関区分": 2, "都道府県コード": 19, "市区町村コード": 201, "所在地": "山梨県甲府市幸町６－１５", "緯度": 35.648238, "経度": 138.572502, "url": "https://www.iryou.teikyouseido.mhlw.go.jp/znk-web/juminkanja/S2430/initialize?prefCd=19&kikanCd=2190000048&kikanKbn=2", "url2": null, "内容": "原整形外科医院【2:診療所】【診療科目:整形外科_リハビリテーション科】山梨県甲府市幸町６－１５" }, "geometry": { "type": "Point", "coordinates": [ 138.572502, 35.648238 ] } },
{ "type": "Feature", "properties": { "ID": 1922190000050, "正式名称": "医療法人弥生会　中込内科・消化器科医院", "機関区分": 2, "都道府県コード": 19, "市区町村コード": 201, "所在地": "山梨県甲府市荒川１－１１－１１", "緯度": 35.676428, "経度": 138.539504, "url": "https://www.iryou.teikyouseido.mhlw.go.jp/znk-web/juminkanja/S2430/initialize?prefCd=19&kikanCd=2190000050&kikanKbn=2", "url2": "https://www.nakagomi-naikashokakikaiin.com", "内容": "医療法人弥生会　中込内科・消化器科医院【2:診療所】【診療科目:内科_消化器内科】山梨県甲府市荒川１－１１－１１" }, "geometry": { "type": "Point", "coordinates": [ 138.539504, 35.676428 ] } },
{ "type": "Feature", "properties": { "ID": 1922190000051, "正式名称": "医療法人薬袋内科循環器科医院", "機関区分": 2, "都道府県コード": 19, "市区町村コード": 201, "所在地": "山梨県甲府市荒川２－７－５", "緯度": 35.676373, "経度": 138.536171, "url": "https://www.iryou.teikyouseido.mhlw.go.jp/znk-web/juminkanja/S2430/initialize?prefCd=19&kikanCd=2190000051&kikanKbn=2", "url2": null, "内容": "医療法人薬袋内科循環器科医院【2:診療所】【診療科目:内科_循環器内科】山梨県甲府市荒川２－７－５" }, "geometry": { "type": "Point", "coordinates": [ 138.536171, 35.676373 ] } },
{ "type": "Feature", "properties": { "ID": 1922190000052, "正式名称": "内科小児科小野医院", "機関区分": 2, "都道府県コード": 19, "市区町村コード": 201, "所在地": "山梨県甲府市貢川２－２－１１", "緯度": 35.662207, "経度": 138.536505, "url": "https://www.iryou.teikyouseido.mhlw.go.jp/znk-web/juminkanja/S2430/initialize?prefCd=19&kikanCd=2190000052&kikanKbn=2", "url2": null, "内容": "内科小児科小野医院【2:診療所】【診療科目:内科_小児科】山梨県甲府市貢川２－２－１１" }, "geometry": { "type": "Point", "coordinates": [ 138.536505, 35.662207 ] } },
{ "type": "Feature", "properties": { "ID": 1922190000055, "正式名称": "初鹿耳鼻咽喉科医院", "機関区分": 2, "都道府県コード": 19, "市区町村コード": 201, "所在地": "山梨県甲府市高畑２－４－１１", "緯度": 35.646904, "経度": 138.562059, "url": "https://www.iryou.teikyouseido.mhlw.go.jp/znk-web/juminkanja/S2430/initialize?prefCd=19&kikanCd=2190000055&kikanKbn=2", "url2": "http://www.hatsushika.com/index.html", "内容": "初鹿耳鼻咽喉科医院【2:診療所】【診療科目:小児耳鼻いんこう科_耳鼻いんこう科_頭頸部・耳鼻いんこう科】山梨県甲府市高畑２－４－１１" }, "geometry": { "type": "Point", "coordinates": [ 138.562059, 35.646904 ] } },
{ "type": "Feature", "properties": { "ID": 1922190000056, "正式名称": "医療法人　古川会　古川内科・皮フ科", "機関区分": 2, "都道府県コード": 19, "市区町村コード": 201, "所在地": "山梨県甲府市国母１－４－８", "緯度": 35.643488, "経度": 138.559282, "url": "https://www.iryou.teikyouseido.mhlw.go.jp/znk-web/juminkanja/S2430/initialize?prefCd=19&kikanCd=2190000056&kikanKbn=2", "url2": null, "内容": "医療法人　古川会　古川内科・皮フ科【2:診療所】【診療科目:内科_形成外科_皮膚科】山梨県甲府市国母１－４－８" }, "geometry": { "type": "Point", "coordinates": [ 138.559282, 35.643488 ] } },
{ "type": "Feature", "properties": { "ID": 1922190000057, "正式名称": "医療法人幸仁会須貝整形外科医院", "機関区分": 2, "都道府県コード": 19, "市区町村コード": 201, "所在地": "山梨県甲府市国母１－１５－１２", "緯度": 35.64346, "経度": 138.558143, "url": "https://www.iryou.teikyouseido.mhlw.go.jp/znk-web/juminkanja/S2430/initialize?prefCd=19&kikanCd=2190000057&kikanKbn=2", "url2": "https://www.sugaiseikeikokubo.com/", "内容": "医療法人幸仁会須貝整形外科医院【2:診療所】【診療科目:整形外科_リウマチ科_リハビリテーション科】山梨県甲府市国母１－１５－１２" }, "geometry": { "type": "Point", "coordinates": [ 138.558143, 35.64346 ] } },
{ "type": "Feature", "properties": { "ID": 1922190000062, "正式名称": "斉藤内科循環器科医院", "機関区分": 2, "都道府県コード": 19, "市区町村コード": 201, "所在地": "山梨県甲府市国母８－２６－１３", "緯度": 35.633044, "経度": 138.550588, "url": "https://www.iryou.teikyouseido.mhlw.go.jp/znk-web/juminkanja/S2430/initialize?prefCd=19&kikanCd=2190000062&kikanKbn=2", "url2": "https://saitonaika.hp.peraichi.com/?_ga=2.46786343.1681713307.1743597682-1761058326.1743597414&_gl=1*95qey7*_gcl_au*ODkwNTIxMjAuMTc0MzU5NzQxMg..", "内容": "斉藤内科循環器科医院【2:診療所】【診療科目:内科_循環器内科】山梨県甲府市国母８－２６－１３" }, "geometry": { "type": "Point", "coordinates": [ 138.550588, 35.633044 ] } },
{ "type": "Feature", "properties": { "ID": 1922190000063, "正式名称": "東甲府医院", "機関区分": 2, "都道府県コード": 19, "市区町村コード": 201, "所在地": "山梨県甲府市桜井町２９９", "緯度": 35.658709, "経度": 138.620609, "url": "https://www.iryou.teikyouseido.mhlw.go.jp/znk-web/juminkanja/S2430/initialize?prefCd=19&kikanCd=2190000063&kikanKbn=2", "url2": "http://www5d.biglobe.ne.jp/~eastkofu/", "内容": "東甲府医院【2:診療所】【診療科目:内科_腎臓内科_整形外科_形成外科_美容外科_小児科_アレルギー科_リウマチ科_リハビリテーション科】山梨県甲府市桜井町２９９" }, "geometry": { "type": "Point", "coordinates": [ 138.620609, 35.658709 ] } },
{ "type": "Feature", "properties": { "ID": 1922190000069, "正式名称": "石原医院", "機関区分": 2, "都道府県コード": 19, "市区町村コード": 201, "所在地": "山梨県甲府市七沢町１８０－１", "緯度": 35.642017, "経度": 138.60075, "url": "https://www.iryou.teikyouseido.mhlw.go.jp/znk-web/juminkanja/S2430/initialize?prefCd=19&kikanCd=2190000069&kikanKbn=2", "url2": null, "内容": "石原医院【2:診療所】【診療科目:内科_小児科】山梨県甲府市七沢町１８０－１" }, "geometry": { "type": "Point", "coordinates": [ 138.60075, 35.642017 ] } },
{ "type": "Feature", "properties": { "ID": 1922190000071, "正式名称": "医療法人　恭栄会　今井循環器呼吸器科", "機関区分": 2, "都道府県コード": 19, "市区町村コード": 201, "所在地": "山梨県甲府市住吉１－１０－４", "緯度": 35.640904, "経度": 138.572586, "url": "https://www.iryou.teikyouseido.mhlw.go.jp/znk-web/juminkanja/S2430/initialize?prefCd=19&kikanCd=2190000071&kikanKbn=2", "url2": "https://www.imai-cardiorespiratory-clinic.com/", "内容": "医療法人　恭栄会　今井循環器呼吸器科【2:診療所】【診療科目:内科_呼吸器内科_循環器内科_小児科】山梨県甲府市住吉１－１０－４" }, "geometry": { "type": "Point", "coordinates": [ 138.572586, 35.640904 ] } },
{ "type": "Feature", "properties": { "ID": 1922190000072, "正式名称": "内藤内科小児科医院", "機関区分": 2, "都道府県コード": 19, "市区町村コード": 201, "所在地": "山梨県甲府市住吉１－１４－１８", "緯度": 35.640182, "経度": 138.570725, "url": "https://www.iryou.teikyouseido.mhlw.go.jp/znk-web/juminkanja/S2430/initialize?prefCd=19&kikanCd=2190000072&kikanKbn=2", "url2": null, "内容": "内藤内科小児科医院【2:診療所】【診療科目:内科_循環器内科_小児科】山梨県甲府市住吉１－１４－１８" }, "geometry": { "type": "Point", "coordinates": [ 138.570725, 35.640182 ] } },
{ "type": "Feature", "properties": { "ID": 1922190000075, "正式名称": "うえむらクリニック", "機関区分": 2, "都道府県コード": 19, "市区町村コード": 201, "所在地": "山梨県甲府市小瀬町１１４０－１", "緯度": 35.62549, "経度": 138.589669, "url": "https://www.iryou.teikyouseido.mhlw.go.jp/znk-web/juminkanja/S2430/initialize?prefCd=19&kikanCd=2190000075&kikanKbn=2", "url2": null, "内容": "うえむらクリニック【2:診療所】【診療科目:内科_消化器内科】山梨県甲府市小瀬町１１４０－１" }, "geometry": { "type": "Point", "coordinates": [ 138.589669, 35.62549 ] } },
{ "type": "Feature", "properties": { "ID": 1922190000077, "正式名称": "医療法人　陽明会　小林医院", "機関区分": 2, "都道府県コード": 19, "市区町村コード": 201, "所在地": "山梨県甲府市小瀬町３－４", "緯度": 35.62724, "経度": 138.578309, "url": "https://www.iryou.teikyouseido.mhlw.go.jp/znk-web/juminkanja/S2430/initialize?prefCd=19&kikanCd=2190000077&kikanKbn=2", "url2": "http://www.kobayasinaika.jp", "内容": "医療法人　陽明会　小林医院【2:診療所】【診療科目:内科_呼吸器内科_循環器内科_消化器内科_小児科】山梨県甲府市小瀬町３－４" }, "geometry": { "type": "Point", "coordinates": [ 138.578309, 35.62724 ] } },
{ "type": "Feature", "properties": { "ID": 1922190000078, "正式名称": "今井整形外科医院", "機関区分": 2, "都道府県コード": 19, "市区町村コード": 201, "所在地": "山梨県甲府市上阿原町１１５１", "緯度": 35.643739, "経度": 138.602889, "url": "https://www.iryou.teikyouseido.mhlw.go.jp/znk-web/juminkanja/S2430/initialize?prefCd=19&kikanCd=2190000078&kikanKbn=2", "url2": "http://imaiseikei.net", "内容": "今井整形外科医院【2:診療所】【診療科目:整形外科_リハビリテーション科_放射線科】山梨県甲府市上阿原町１１５１" }, "geometry": { "type": "Point", "coordinates": [ 138.602889, 35.643739 ] } },
{ "type": "Feature", "properties": { "ID": 1922190000083, "正式名称": "医療法人　悠紀会　横田内科小児科医院", "機関区分": 2, "都道府県コード": 19, "市区町村コード": 201, "所在地": "山梨県甲府市上石田２－３０－４４", "緯度": 35.655376, "経度": 138.558864, "url": "https://www.iryou.teikyouseido.mhlw.go.jp/znk-web/juminkanja/S2430/initialize?prefCd=19&kikanCd=2190000083&kikanKbn=2", "url2": null, "内容": "医療法人　悠紀会　横田内科小児科医院【2:診療所】【診療科目:内科_小児科_アレルギー科】山梨県甲府市上石田２－３０－４４" }, "geometry": { "type": "Point", "coordinates": [ 138.558864, 35.655376 ] } },
{ "type": "Feature", "properties": { "ID": 1922190000084, "正式名称": "山田整形外科リハビリテーションクリニック", "機関区分": 2, "都道府県コード": 19, "市区町村コード": 201, "所在地": "山梨県甲府市上石田２－３６－１１", "緯度": 35.655541, "経度": 138.555003, "url": "https://www.iryou.teikyouseido.mhlw.go.jp/znk-web/juminkanja/S2430/initialize?prefCd=19&kikanCd=2190000084&kikanKbn=2", "url2": "http://www.yamada-seikei.com", "内容": "山田整形外科リハビリテーションクリニック【2:診療所】【診療科目:整形外科】山梨県甲府市上石田２－３６－１１" }, "geometry": { "type": "Point", "coordinates": [ 138.555003, 35.655541 ] } },
{ "type": "Feature", "properties": { "ID": 1922190000085, "正式名称": "藤井肛門科クリニック", "機関区分": 2, "都道府県コード": 19, "市区町村コード": 201, "所在地": "山梨県甲府市上石田３－３－３２", "緯度": 35.652098, "経度": 138.558336, "url": "https://www.iryou.teikyouseido.mhlw.go.jp/znk-web/juminkanja/S2430/initialize?prefCd=19&kikanCd=2190000085&kikanKbn=2", "url2": null, "内容": "藤井肛門科クリニック【2:診療所】【診療科目:肛門外科】山梨県甲府市上石田３－３－３２" }, "geometry": { "type": "Point", "coordinates": [ 138.558336, 35.652098 ] } },
{ "type": "Feature", "properties": { "ID": 1922190000089, "正式名称": "柏木眼科クリニック", "機関区分": 2, "都道府県コード": 19, "市区町村コード": 201, "所在地": "山梨県甲府市城東５－１０－１４", "緯度": 35.657987, "経度": 138.588528, "url": "https://www.iryou.teikyouseido.mhlw.go.jp/znk-web/juminkanja/S2430/initialize?prefCd=19&kikanCd=2190000089&kikanKbn=2", "url2": null, "内容": "柏木眼科クリニック【2:診療所】【診療科目:眼科】山梨県甲府市城東５－１０－１４" }, "geometry": { "type": "Point", "coordinates": [ 138.588528, 35.657987 ] } },
{ "type": "Feature", "properties": { "ID": 1922190000094, "正式名称": "広瀬内科医院", "機関区分": 2, "都道府県コード": 19, "市区町村コード": 201, "所在地": "山梨県甲府市青沼３－５－５", "緯度": 35.652265, "経度": 138.576447, "url": "https://www.iryou.teikyouseido.mhlw.go.jp/znk-web/juminkanja/S2430/initialize?prefCd=19&kikanCd=2190000094&kikanKbn=2", "url2": null, "内容": "広瀬内科医院【2:診療所】【診療科目:内科】山梨県甲府市青沼３－５－５" }, "geometry": { "type": "Point", "coordinates": [ 138.576447, 35.652265 ] } },
{ "type": "Feature", "properties": { "ID": 1922190000095, "正式名称": "清水内科外科医院", "機関区分": 2, "都道府県コード": 19, "市区町村コード": 201, "所在地": "山梨県甲府市千塚４－９－１６", "緯度": 35.68553, "経度": 138.536817, "url": "https://www.iryou.teikyouseido.mhlw.go.jp/znk-web/juminkanja/S2430/initialize?prefCd=19&kikanCd=2190000095&kikanKbn=2", "url2": null, "内容": "清水内科外科医院【2:診療所】【診療科目:内科_消化器内科】山梨県甲府市千塚４－９－１６" }, "geometry": { "type": "Point", "coordinates": [ 138.536817, 35.68553 ] } },
{ "type": "Feature", "properties": { "ID": 1922190000098, "正式名称": "木田医院", "機関区分": 2, "都道府県コード": 19, "市区町村コード": 201, "所在地": "山梨県甲府市善光寺１－１１－１４", "緯度": 35.659626, "経度": 138.591139, "url": "https://www.iryou.teikyouseido.mhlw.go.jp/znk-web/juminkanja/S2430/initialize?prefCd=19&kikanCd=2190000098&kikanKbn=2", "url2": null, "内容": "木田医院【2:診療所】【診療科目:内科】山梨県甲府市善光寺１－１１－１４" }, "geometry": { "type": "Point", "coordinates": [ 138.591139, 35.659626 ] } },
{ "type": "Feature", "properties": { "ID": 1922190000099, "正式名称": "小沢外科内科医院", "機関区分": 2, "都道府県コード": 19, "市区町村コード": 201, "所在地": "山梨県甲府市善光寺１－２５－７", "緯度": 35.657598, "経度": 138.591806, "url": "https://www.iryou.teikyouseido.mhlw.go.jp/znk-web/juminkanja/S2430/initialize?prefCd=19&kikanCd=2190000099&kikanKbn=2", "url2": "https://ozawagekanaika.com", "内容": "小沢外科内科医院【2:診療所】【診療科目:内科_外科】山梨県甲府市善光寺１－２５－７" }, "geometry": { "type": "Point", "coordinates": [ 138.591806, 35.657598 ] } },
{ "type": "Feature", "properties": { "ID": 1922190000100, "正式名称": "小林眼科医院", "機関区分": 2, "都道府県コード": 19, "市区町村コード": 201, "所在地": "山梨県甲府市相生１－１３－１１", "緯度": 35.658041, "経度": 138.562475, "url": "https://www.iryou.teikyouseido.mhlw.go.jp/znk-web/juminkanja/S2430/initialize?prefCd=19&kikanCd=2190000100&kikanKbn=2", "url2": null, "内容": "小林眼科医院【2:診療所】【診療科目:眼科】山梨県甲府市相生１－１３－１１" }, "geometry": { "type": "Point", "coordinates": [ 138.562475, 35.658041 ] } },
{ "type": "Feature", "properties": { "ID": 1922190000101, "正式名称": "医療法人　長田産婦人科クリニック", "機関区分": 2, "都道府県コード": 19, "市区町村コード": 201, "所在地": "山梨県甲府市相生２－１－７", "緯度": 35.657292, "経度": 138.570363, "url": "https://www.iryou.teikyouseido.mhlw.go.jp/znk-web/juminkanja/S2430/initialize?prefCd=19&kikanCd=2190000101&kikanKbn=2", "url2": "http://www.osada-clinic.net", "内容": "医療法人　長田産婦人科クリニック【2:診療所】【診療科目:産婦人科】山梨県甲府市相生２－１－７" }, "geometry": { "type": "Point", "coordinates": [ 138.570363, 35.657292 ] } },
{ "type": "Feature", "properties": { "ID": 1922190000104, "正式名称": "櫻林内科眼科医院", "機関区分": 2, "都道府県コード": 19, "市区町村コード": 201, "所在地": "山梨県甲府市相生２－７－６", "緯度": 35.656515, "経度": 138.568919, "url": "https://www.iryou.teikyouseido.mhlw.go.jp/znk-web/juminkanja/S2430/initialize?prefCd=19&kikanCd=2190000104&kikanKbn=2", "url2": null, "内容": "櫻林内科眼科医院【2:診療所】【診療科目:内科_消化器内科_眼科】山梨県甲府市相生２－７－６" }, "geometry": { "type": "Point", "coordinates": [ 138.568919, 35.656515 ] } },
{ "type": "Feature", "properties": { "ID": 1922190000109, "正式名称": "医療法人社団聡生会　ひはら整形外科", "機関区分": 2, "都道府県コード": 19, "市区町村コード": 201, "所在地": "山梨県甲府市大手３－１－３７", "緯度": 35.683706, "経度": 138.576833, "url": "https://www.iryou.teikyouseido.mhlw.go.jp/znk-web/juminkanja/S2430/initialize?prefCd=19&kikanCd=2190000109&kikanKbn=2", "url2": "http://www.myclinic.ne.jp/hihara/", "内容": "医療法人社団聡生会　ひはら整形外科【2:診療所】【診療科目:整形外科_リウマチ科_リハビリテーション科】山梨県甲府市大手３－１－３７" }, "geometry": { "type": "Point", "coordinates": [ 138.576833, 35.683706 ] } },
{ "type": "Feature", "properties": { "ID": 1922190000112, "正式名称": "医療法人　清水医院", "機関区分": 2, "都道府県コード": 19, "市区町村コード": 201, "所在地": "山梨県甲府市大里町２９４０", "緯度": 35.626434, "経度": 138.568726, "url": "https://www.iryou.teikyouseido.mhlw.go.jp/znk-web/juminkanja/S2430/initialize?prefCd=19&kikanCd=2190000112&kikanKbn=2", "url2": null, "内容": "医療法人　清水医院【2:診療所】【診療科目:内科_消化器内科_胃腸内科】山梨県甲府市大里町２９４０" }, "geometry": { "type": "Point", "coordinates": [ 138.568726, 35.626434 ] } },
{ "type": "Feature", "properties": { "ID": 1922190000115, "正式名称": "医療法人　向山クリニック", "機関区分": 2, "都道府県コード": 19, "市区町村コード": 201, "所在地": "山梨県甲府市池田１－１－１１", "緯度": 35.669957, "経度": 138.542865, "url": "https://www.iryou.teikyouseido.mhlw.go.jp/znk-web/juminkanja/S2430/initialize?prefCd=19&kikanCd=2190000115&kikanKbn=2", "url2": null, "内容": "医療法人　向山クリニック【2:診療所】【診療科目:脳神経外科_整形外科】山梨県甲府市池田１－１－１１" }, "geometry": { "type": "Point", "coordinates": [ 138.542865, 35.669957 ] } },
{ "type": "Feature", "properties": { "ID": 1922190000117, "正式名称": "小松小児科医院", "機関区分": 2, "都道府県コード": 19, "市区町村コード": 201, "所在地": "山梨県甲府市池田１－１１－７", "緯度": 35.670874, "経度": 138.542421, "url": "https://www.iryou.teikyouseido.mhlw.go.jp/znk-web/juminkanja/S2430/initialize?prefCd=19&kikanCd=2190000117&kikanKbn=2", "url2": "http://fumi4263.byoinnavi.jp", "内容": "小松小児科医院【2:診療所】【診療科目:小児科】山梨県甲府市池田１－１１－７" }, "geometry": { "type": "Point", "coordinates": [ 138.542421, 35.670874 ] } },
{ "type": "Feature", "properties": { "ID": 1922190000119, "正式名称": "医療法人小宮山会　小宮山外科医院", "機関区分": 2, "都道府県コード": 19, "市区町村コード": 201, "所在地": "山梨県甲府市中央１－１２－３３", "緯度": 35.659402, "経度": 138.568724, "url": "https://www.iryou.teikyouseido.mhlw.go.jp/znk-web/juminkanja/S2430/initialize?prefCd=19&kikanCd=2190000119&kikanKbn=2", "url2": null, "内容": "医療法人小宮山会　小宮山外科医院【2:診療所】【診療科目:外科_整形外科】山梨県甲府市中央１－１２－３３" }, "geometry": { "type": "Point", "coordinates": [ 138.568724, 35.659402 ] } },
{ "type": "Feature", "properties": { "ID": 1922190000121, "正式名称": "橘田耳鼻咽喉科医院", "機関区分": 2, "都道府県コード": 19, "市区町村コード": 201, "所在地": "山梨県甲府市中央２－１２－２８", "緯度": 35.661764, "経度": 138.572808, "url": "https://www.iryou.teikyouseido.mhlw.go.jp/znk-web/juminkanja/S2430/initialize?prefCd=19&kikanCd=2190000121&kikanKbn=2", "url2": "http://www.jibi.jp", "内容": "橘田耳鼻咽喉科医院【2:診療所】【診療科目:耳鼻いんこう科】山梨県甲府市中央２－１２－２８" }, "geometry": { "type": "Point", "coordinates": [ 138.572808, 35.661764 ] } },
{ "type": "Feature", "properties": { "ID": 1922190000123, "正式名称": "甲府中央クリニック", "機関区分": 2, "都道府県コード": 19, "市区町村コード": 201, "所在地": "山梨県甲府市中央２－３－５", "緯度": 35.665764, "経度": 138.57339, "url": "https://www.iryou.teikyouseido.mhlw.go.jp/znk-web/juminkanja/S2430/initialize?prefCd=19&kikanCd=2190000123&kikanKbn=2", "url2": null, "内容": "甲府中央クリニック【2:診療所】【診療科目:精神科】山梨県甲府市中央２－３－５" }, "geometry": { "type": "Point", "coordinates": [ 138.57339, 35.665764 ] } },
{ "type": "Feature", "properties": { "ID": 1922190000125, "正式名称": "医療法人　康友会　矢崎耳鼻咽喉科医院", "機関区分": 2, "都道府県コード": 19, "市区町村コード": 201, "所在地": "山梨県甲府市中央３－１２－２１", "緯度": 35.660819, "経度": 138.576362, "url": "https://www.iryou.teikyouseido.mhlw.go.jp/znk-web/juminkanja/S2430/initialize?prefCd=19&kikanCd=2190000125&kikanKbn=2", "url2": "http://www.myclinic.ne.jp/yazaki33/", "内容": "医療法人　康友会　矢崎耳鼻咽喉科医院【2:診療所】【診療科目:耳鼻いんこう科】山梨県甲府市中央３－１２－２１" }, "geometry": { "type": "Point", "coordinates": [ 138.576362, 35.660819 ] } },
{ "type": "Feature", "properties": { "ID": 1922190000126, "正式名称": "保坂内科消化器科", "機関区分": 2, "都道府県コード": 19, "市区町村コード": 201, "所在地": "山梨県甲府市中央４－１２－２６", "緯度": 35.657015, "経度": 138.572308, "url": "https://www.iryou.teikyouseido.mhlw.go.jp/znk-web/juminkanja/S2430/initialize?prefCd=19&kikanCd=2190000126&kikanKbn=2", "url2": null, "内容": "保坂内科消化器科【2:診療所】【診療科目:内科_消化器内科】山梨県甲府市中央４－１２－２６" }, "geometry": { "type": "Point", "coordinates": [ 138.572308, 35.657015 ] } },
{ "type": "Feature", "properties": { "ID": 1922190000128, "正式名称": "露木耳鼻咽喉科医院", "機関区分": 2, "都道府県コード": 19, "市区町村コード": 201, "所在地": "山梨県甲府市中央４－９－２", "緯度": 35.65757, "経度": 138.570947, "url": "https://www.iryou.teikyouseido.mhlw.go.jp/znk-web/juminkanja/S2430/initialize?prefCd=19&kikanCd=2190000128&kikanKbn=2", "url2": "http://www.myclinic.ne.jp/tsuyuki/", "内容": "露木耳鼻咽喉科医院【2:診療所】【診療科目:耳鼻いんこう科_気管食道・耳鼻いんこう科】山梨県甲府市中央４－９－２" }, "geometry": { "type": "Point", "coordinates": [ 138.570947, 35.65757 ] } },
{ "type": "Feature", "properties": { "ID": 1922190000131, "正式名称": "五味皮フ科医院", "機関区分": 2, "都道府県コード": 19, "市区町村コード": 201, "所在地": "山梨県甲府市中央５－５－４", "緯度": 35.658348, "経度": 138.576612, "url": "https://www.iryou.teikyouseido.mhlw.go.jp/znk-web/juminkanja/S2430/initialize?prefCd=19&kikanCd=2190000131&kikanKbn=2", "url2": "https://gomi-hifuka.jimdofree.com", "内容": "五味皮フ科医院【2:診療所】【診療科目:皮膚科】山梨県甲府市中央５－５－４" }, "geometry": { "type": "Point", "coordinates": [ 138.576612, 35.658348 ] } },
{ "type": "Feature", "properties": { "ID": 1922190000132, "正式名称": "中込医院", "機関区分": 2, "都道府県コード": 19, "市区町村コード": 201, "所在地": "山梨県甲府市中央５－８－３２", "緯度": 35.656348, "経度": 138.575335, "url": "https://www.iryou.teikyouseido.mhlw.go.jp/znk-web/juminkanja/S2430/initialize?prefCd=19&kikanCd=2190000132&kikanKbn=2", "url2": null, "内容": "中込医院【2:診療所】【診療科目:内科】山梨県甲府市中央５－８－３２" }, "geometry": { "type": "Point", "coordinates": [ 138.575335, 35.656348 ] } },
{ "type": "Feature", "properties": { "ID": 1922190000133, "正式名称": "医療法人　淳道会　隈部小児科医院", "機関区分": 2, "都道府県コード": 19, "市区町村コード": 201, "所在地": "山梨県甲府市中小河原１－１４－３", "緯度": 35.633822, "経度": 138.572086, "url": "https://www.iryou.teikyouseido.mhlw.go.jp/znk-web/juminkanja/S2430/initialize?prefCd=19&kikanCd=2190000133&kikanKbn=2", "url2": "https://www.kumabe-pedi.com", "内容": "医療法人　淳道会　隈部小児科医院【2:診療所】【診療科目:小児科】山梨県甲府市中小河原１－１４－３" }, "geometry": { "type": "Point", "coordinates": [ 138.572086, 35.633822 ] } },
{ "type": "Feature", "properties": { "ID": 1922190000134, "正式名称": "（医）秀紘会今井小児科", "機関区分": 2, "都道府県コード": 19, "市区町村コード": 201, "所在地": "山梨県甲府市中小河原町１５８９", "緯度": 35.63235, "経度": 138.569086, "url": "https://www.iryou.teikyouseido.mhlw.go.jp/znk-web/juminkanja/S2430/initialize?prefCd=19&kikanCd=2190000134&kikanKbn=2", "url2": null, "内容": "（医）秀紘会今井小児科【2:診療所】【診療科目:小児科】山梨県甲府市中小河原町１５８９" }, "geometry": { "type": "Point", "coordinates": [ 138.569086, 35.63235 ] } },
{ "type": "Feature", "properties": { "ID": 1922190000136, "正式名称": "かない内科クリニック", "機関区分": 2, "都道府県コード": 19, "市区町村コード": 201, "所在地": "山梨県甲府市朝気２－１－２２", "緯度": 35.655626, "経度": 138.586529, "url": "https://www.iryou.teikyouseido.mhlw.go.jp/znk-web/juminkanja/S2430/initialize?prefCd=19&kikanCd=2190000136&kikanKbn=2", "url2": null, "内容": "かない内科クリニック【2:診療所】【診療科目:内科_消化器内科】山梨県甲府市朝気２－１－２２" }, "geometry": { "type": "Point", "coordinates": [ 138.586529, 35.655626 ] } },
{ "type": "Feature", "properties": { "ID": 1922190000138, "正式名称": "ふるはし皮膚科クリニック", "機関区分": 2, "都道府県コード": 19, "市区町村コード": 201, "所在地": "山梨県甲府市朝日１－３－１", "緯度": 35.669179, "経度": 138.566974, "url": "https://www.iryou.teikyouseido.mhlw.go.jp/znk-web/juminkanja/S2430/initialize?prefCd=19&kikanCd=2190000138&kikanKbn=2", "url2": "http://nttbj.itp.ne.jp/0552528855/index.html", "内容": "ふるはし皮膚科クリニック【2:診療所】【診療科目:皮膚科】山梨県甲府市朝日１－３－１" }, "geometry": { "type": "Point", "coordinates": [ 138.566974, 35.669179 ] } },
{ "type": "Feature", "properties": { "ID": 1922190000140, "正式名称": "小沢耳鼻咽喉科アレルギー科クリニック", "機関区分": 2, "都道府県コード": 19, "市区町村コード": 201, "所在地": "山梨県甲府市朝日１－８－１３", "緯度": 35.67029, "経度": 138.567641, "url": "https://www.iryou.teikyouseido.mhlw.go.jp/znk-web/juminkanja/S2430/initialize?prefCd=19&kikanCd=2190000140&kikanKbn=2", "url2": "http://www.ozawa-clinic.com/", "内容": "小沢耳鼻咽喉科アレルギー科クリニック【2:診療所】【診療科目:耳鼻いんこう科_アレルギー科】山梨県甲府市朝日１－８－１３" }, "geometry": { "type": "Point", "coordinates": [ 138.567641, 35.67029 ] } },
{ "type": "Feature", "properties": { "ID": 1922190000141, "正式名称": "（医）清山会　甲府眼科医院", "機関区分": 2, "都道府県コード": 19, "市区町村コード": 201, "所在地": "山梨県甲府市朝日２－１６－２０", "緯度": 35.669957, "経度": 138.565558, "url": "https://www.iryou.teikyouseido.mhlw.go.jp/znk-web/juminkanja/S2430/initialize?prefCd=19&kikanCd=2190000141&kikanKbn=2", "url2": "https://www.kouhu-ganka.com/", "内容": "（医）清山会　甲府眼科医院【2:診療所】【診療科目:眼科】山梨県甲府市朝日２－１６－２０" }, "geometry": { "type": "Point", "coordinates": [ 138.565558, 35.669957 ] } },
{ "type": "Feature", "properties": { "ID": 1922190000142, "正式名称": "日原内科小児科医院", "機関区分": 2, "都道府県コード": 19, "市区町村コード": 201, "所在地": "山梨県甲府市天神町１４－４５", "緯度": 35.6769, "経度": 138.569862, "url": "https://www.iryou.teikyouseido.mhlw.go.jp/znk-web/juminkanja/S2430/initialize?prefCd=19&kikanCd=2190000142&kikanKbn=2", "url2": "http://www5a.biglobe.ne.jp/~hiharat/", "内容": "日原内科小児科医院【2:診療所】【診療科目:内科_呼吸器内科_循環器内科_胃腸内科_小児科_リハビリテーション科】山梨県甲府市天神町１４－４５" }, "geometry": { "type": "Point", "coordinates": [ 138.569862, 35.6769 ] } },
{ "type": "Feature", "properties": { "ID": 1922190000143, "正式名称": "医療法人　健寿会　あきやま医院", "機関区分": 2, "都道府県コード": 19, "市区町村コード": 201, "所在地": "山梨県甲府市東下条町８０－２", "緯度": 35.613269, "経度": 138.573004, "url": "https://www.iryou.teikyouseido.mhlw.go.jp/znk-web/juminkanja/S2430/initialize?prefCd=19&kikanCd=2190000143&kikanKbn=2", "url2": "https://akiyamaiin.main.jp/", "内容": "医療法人　健寿会　あきやま医院【2:診療所】【診療科目:内科_循環器内科_小児科】山梨県甲府市東下条町８０－２" }, "geometry": { "type": "Point", "coordinates": [ 138.573004, 35.613269 ] } },
{ "type": "Feature", "properties": { "ID": 1922190000144, "正式名称": "医）双雄会　堀内整形外科医院", "機関区分": 2, "都道府県コード": 19, "市区町村コード": 201, "所在地": "山梨県甲府市湯村１－１０－２８", "緯度": 35.678706, "経度": 138.551114, "url": "https://www.iryou.teikyouseido.mhlw.go.jp/znk-web/juminkanja/S2430/initialize?prefCd=19&kikanCd=2190000144&kikanKbn=2", "url2": "https://itp.ne.jp/info/190968597200000899/", "内容": "医）双雄会　堀内整形外科医院【2:診療所】【診療科目:整形外科_リウマチ科_リハビリテーション科】山梨県甲府市湯村１－１０－２８" }, "geometry": { "type": "Point", "coordinates": [ 138.551114, 35.678706 ] } },
{ "type": "Feature", "properties": { "ID": 1922190000145, "正式名称": "医療法人内藤会順聖クリニック", "機関区分": 2, "都道府県コード": 19, "市区町村コード": 201, "所在地": "山梨県甲府市湯村１－５－１９", "緯度": 35.675567, "経度": 138.552114, "url": "https://www.iryou.teikyouseido.mhlw.go.jp/znk-web/juminkanja/S2430/initialize?prefCd=19&kikanCd=2190000145&kikanKbn=2", "url2": "http://www.junsei.or.jp/", "内容": "医療法人内藤会順聖クリニック【2:診療所】【診療科目:内科_リハビリテーション科】山梨県甲府市湯村１－５－１９" }, "geometry": { "type": "Point", "coordinates": [ 138.552114, 35.675567 ] } },
{ "type": "Feature", "properties": { "ID": 1922190000148, "正式名称": "清水耳鼻咽喉科医院", "機関区分": 2, "都道府県コード": 19, "市区町村コード": 201, "所在地": "山梨県甲府市徳行１－１－２０", "緯度": 35.655486, "経度": 138.546504, "url": "https://www.iryou.teikyouseido.mhlw.go.jp/znk-web/juminkanja/S2430/initialize?prefCd=19&kikanCd=2190000148&kikanKbn=2", "url2": "https://www.shimizu-ent.jp", "内容": "清水耳鼻咽喉科医院【2:診療所】【診療科目:耳鼻いんこう科】山梨県甲府市徳行１－１－２０" }, "geometry": { "type": "Point", "coordinates": [ 138.546504, 35.655486 ] } },
{ "type": "Feature", "properties": { "ID": 1922190000149, "正式名称": "医療法人社団　浩明会　梶山クリニック", "機関区分": 2, "都道府県コード": 19, "市区町村コード": 201, "所在地": "山梨県甲府市徳行１－３－２０", "緯度": 35.654986, "経度": 138.546032, "url": "https://www.iryou.teikyouseido.mhlw.go.jp/znk-web/juminkanja/S2430/initialize?prefCd=19&kikanCd=2190000149&kikanKbn=2", "url2": "http://www.kajiyama-cl.com", "内容": "医療法人社団　浩明会　梶山クリニック【2:診療所】【診療科目:産婦人科】山梨県甲府市徳行１－３－２０" }, "geometry": { "type": "Point", "coordinates": [ 138.546032, 35.654986 ] } },
{ "type": "Feature", "properties": { "ID": 1922190000150, "正式名称": "井出整形外科医院", "機関区分": 2, "都道府県コード": 19, "市区町村コード": 201, "所在地": "山梨県甲府市徳行１－７－３４", "緯度": 35.654402, "経度": 138.54256, "url": "https://www.iryou.teikyouseido.mhlw.go.jp/znk-web/juminkanja/S2430/initialize?prefCd=19&kikanCd=2190000150&kikanKbn=2", "url2": null, "内容": "井出整形外科医院【2:診療所】【診療科目:整形外科_リウマチ科_リハビリテーション科】山梨県甲府市徳行１－７－３４" }, "geometry": { "type": "Point", "coordinates": [ 138.54256, 35.654402 ] } },
{ "type": "Feature", "properties": { "ID": 1922190000154, "正式名称": "山梨県厚生連健康管理センター", "機関区分": 2, "都道府県コード": 19, "市区町村コード": 201, "所在地": "山梨県甲府市飯田１－１－２６", "緯度": 35.669346, "経度": 138.558752, "url": "https://www.iryou.teikyouseido.mhlw.go.jp/znk-web/juminkanja/S2430/initialize?prefCd=19&kikanCd=2190000154&kikanKbn=2", "url2": "http://www.y-koseiren.jp", "内容": "山梨県厚生連健康管理センター【2:診療所】【診療科目:内科_糖尿病・内分泌内科_呼吸器内科_消化器内科_大腸外科_乳腺外科_婦人科】山梨県甲府市飯田１－１－２６" }, "geometry": { "type": "Point", "coordinates": [ 138.558752, 35.669346 ] } },
{ "type": "Feature", "properties": { "ID": 1922190000155, "正式名称": "なかざわ耳鼻咽喉科・頭頸部外科クリニック", "機関区分": 2, "都道府県コード": 19, "市区町村コード": 201, "所在地": "山梨県甲府市飯田２－３－９", "緯度": 35.668568, "経度": 138.554975, "url": "https://www.iryou.teikyouseido.mhlw.go.jp/znk-web/juminkanja/S2430/initialize?prefCd=19&kikanCd=2190000155&kikanKbn=2", "url2": "https://www.nakazawa-ent.com/", "内容": "なかざわ耳鼻咽喉科・頭頸部外科クリニック【2:診療所】【診療科目:小児耳鼻いんこう科_耳鼻いんこう科_気管食道・耳鼻いんこう科_頭頸部・耳鼻いんこう科_睡眠外来_アレルギー科】山梨県甲府市飯田２－３－９" }, "geometry": { "type": "Point", "coordinates": [ 138.554975, 35.668568 ] } },
{ "type": "Feature", "properties": { "ID": 1922190000156, "正式名称": "医療法人社団　薬袋レディースクリニック", "機関区分": 2, "都道府県コード": 19, "市区町村コード": 201, "所在地": "山梨県甲府市飯田２－３－９", "緯度": 35.668568, "経度": 138.554975, "url": "https://www.iryou.teikyouseido.mhlw.go.jp/znk-web/juminkanja/S2430/initialize?prefCd=19&kikanCd=2190000156&kikanKbn=2", "url2": "http://minai-clinic.com/", "内容": "医療法人社団　薬袋レディースクリニック【2:診療所】【診療科目:産婦人科（生殖医療）】山梨県甲府市飯田２－３－９" }, "geometry": { "type": "Point", "coordinates": [ 138.554975, 35.668568 ] } },
{ "type": "Feature", "properties": { "ID": 1922190000157, "正式名称": "竹居医院", "機関区分": 2, "都道府県コード": 19, "市区町村コード": 201, "所在地": "山梨県甲府市美咲１－１１－１５", "緯度": 35.67529, "経度": 138.565252, "url": "https://www.iryou.teikyouseido.mhlw.go.jp/znk-web/juminkanja/S2430/initialize?prefCd=19&kikanCd=2190000157&kikanKbn=2", "url2": null, "内容": "竹居医院【2:診療所】【診療科目:内科_小児科】山梨県甲府市美咲１－１１－１５" }, "geometry": { "type": "Point", "coordinates": [ 138.565252, 35.67529 ] } },
{ "type": "Feature", "properties": { "ID": 1922190000158, "正式名称": "医療法人　仁薫会　松澤整形外科", "機関区分": 2, "都道府県コード": 19, "市区町村コード": 201, "所在地": "山梨県甲府市富士見１－７－６", "緯度": 35.672466, "経度": 138.549351, "url": "https://www.iryou.teikyouseido.mhlw.go.jp/znk-web/juminkanja/S2430/initialize?prefCd=19&kikanCd=2190000158&kikanKbn=2", "url2": null, "内容": "医療法人　仁薫会　松澤整形外科【2:診療所】【診療科目:整形外科_リウマチ科】山梨県甲府市富士見１－７－６" }, "geometry": { "type": "Point", "coordinates": [ 138.549351, 35.672466 ] } },
{ "type": "Feature", "properties": { "ID": 1922190000159, "正式名称": "わだ内科クリニック", "機関区分": 2, "都道府県コード": 19, "市区町村コード": 201, "所在地": "山梨県甲府市富士見１－７－３５　ヴィラフジミ１Ｆ", "緯度": 35.671763, "経度": 138.550059, "url": "https://www.iryou.teikyouseido.mhlw.go.jp/znk-web/juminkanja/S2430/initialize?prefCd=19&kikanCd=2190000159&kikanKbn=2", "url2": "http://www.myclinic.ne.jp/nclinic/", "内容": "わだ内科クリニック【2:診療所】【診療科目:内科_循環器内科】山梨県甲府市富士見１－７－３５　ヴィラフジミ１Ｆ" }, "geometry": { "type": "Point", "coordinates": [ 138.550059, 35.671763 ] } },
{ "type": "Feature", "properties": { "ID": 1922190000161, "正式名称": "内科小児科細田医院", "機関区分": 2, "都道府県コード": 19, "市区町村コード": 201, "所在地": "山梨県甲府市武田３－４－３６", "緯度": 35.673568, "経度": 138.572751, "url": "https://www.iryou.teikyouseido.mhlw.go.jp/znk-web/juminkanja/S2430/initialize?prefCd=19&kikanCd=2190000161&kikanKbn=2", "url2": null, "内容": "内科小児科細田医院【2:診療所】【診療科目:内科_小児科】山梨県甲府市武田３－４－３６" }, "geometry": { "type": "Point", "coordinates": [ 138.572751, 35.673568 ] } },
{ "type": "Feature", "properties": { "ID": 1922190000165, "正式名称": "くぬぎクリニック", "機関区分": 2, "都道府県コード": 19, "市区町村コード": 201, "所在地": "山梨県甲府市北口１－１－８", "緯度": 35.668568, "経度": 138.568002, "url": "https://www.iryou.teikyouseido.mhlw.go.jp/znk-web/juminkanja/S2430/initialize?prefCd=19&kikanCd=2190000165&kikanKbn=2", "url2": null, "内容": "くぬぎクリニック【2:診療所】【診療科目:精神科_心療内科】山梨県甲府市北口１－１－８" }, "geometry": { "type": "Point", "coordinates": [ 138.568002, 35.668568 ] } },
{ "type": "Feature", "properties": { "ID": 1922190000166, "正式名称": "甲府クリニック", "機関区分": 2, "都道府県コード": 19, "市区町村コード": 201, "所在地": "山梨県甲府市北口１－２－１４", "緯度": 35.66885, "経度": 138.568386, "url": "https://www.iryou.teikyouseido.mhlw.go.jp/znk-web/juminkanja/S2430/initialize?prefCd=19&kikanCd=2190000166&kikanKbn=2", "url2": "http://www.kofu-clinic.ne.jp", "内容": "甲府クリニック【2:診療所】【診療科目:整形外科_形成外科_美容外科_皮膚科】山梨県甲府市北口１－２－１４" }, "geometry": { "type": "Point", "coordinates": [ 138.568386, 35.66885 ] } },
{ "type": "Feature", "properties": { "ID": 1922190000167, "正式名称": "医療法人社団　箭本外科整形外科医院", "機関区分": 2, "都道府県コード": 19, "市区町村コード": 201, "所在地": "山梨県甲府市北口３－１－１", "緯度": 35.667346, "経度": 138.572112, "url": "https://www.iryou.teikyouseido.mhlw.go.jp/znk-web/juminkanja/S2430/initialize?prefCd=19&kikanCd=2190000167&kikanKbn=2", "url2": "http://www.yamotogekaseikeigeka.com/", "内容": "医療法人社団　箭本外科整形外科医院【2:診療所】【診療科目:外科_肛門外科_整形外科_リハビリテーション科_放射線科】山梨県甲府市北口３－１－１" }, "geometry": { "type": "Point", "coordinates": [ 138.572112, 35.667346 ] } },
{ "type": "Feature", "properties": { "ID": 1922190000169, "正式名称": "ひのはら整形外科ペインクリニック", "機関区分": 2, "都道府県コード": 19, "市区町村コード": 201, "所在地": "山梨県甲府市里吉２－６－２２", "緯度": 35.650793, "経度": 138.59375, "url": "https://www.iryou.teikyouseido.mhlw.go.jp/znk-web/juminkanja/S2430/initialize?prefCd=19&kikanCd=2190000169&kikanKbn=2", "url2": null, "内容": "ひのはら整形外科ペインクリニック【2:診療所】【診療科目:整形外科_リウマチ科_リハビリテーション科_麻酔科】山梨県甲府市里吉２－６－２２" }, "geometry": { "type": "Point", "coordinates": [ 138.59375, 35.650793 ] } },
{ "type": "Feature", "properties": { "ID": 1922190000171, "正式名称": "里吉内科クリニック", "機関区分": 2, "都道府県コード": 19, "市区町村コード": 201, "所在地": "山梨県甲府市里吉４－１５－１７", "緯度": 35.645266, "経度": 138.588084, "url": "https://www.iryou.teikyouseido.mhlw.go.jp/znk-web/juminkanja/S2430/initialize?prefCd=19&kikanCd=2190000171&kikanKbn=2", "url2": null, "内容": "里吉内科クリニック【2:診療所】【診療科目:内科_呼吸器内科】山梨県甲府市里吉４－１５－１７" }, "geometry": { "type": "Point", "coordinates": [ 138.588084, 35.645266 ] } },
{ "type": "Feature", "properties": { "ID": 1922190000173, "正式名称": "ふじ内科クリニック", "機関区分": 2, "都道府県コード": 19, "市区町村コード": 201, "所在地": "山梨県甲府市緑が丘１－４－１６", "緯度": 35.676567, "経度": 138.559808, "url": "https://www.iryou.teikyouseido.mhlw.go.jp/znk-web/juminkanja/S2430/initialize?prefCd=19&kikanCd=2190000173&kikanKbn=2", "url2": "http://www.naito-izumi.net", "内容": "ふじ内科クリニック【2:診療所】【診療科目:内科】山梨県甲府市緑が丘１－４－１６" }, "geometry": { "type": "Point", "coordinates": [ 138.559808, 35.676567 ] } },
{ "type": "Feature", "properties": { "ID": 1922190000174, "正式名称": "医療法人考緑会　二宮眼科医院", "機関区分": 2, "都道府県コード": 19, "市区町村コード": 201, "所在地": "山梨県甲府市緑が丘１－５－１４", "緯度": 35.676956, "経度": 138.560363, "url": "https://www.iryou.teikyouseido.mhlw.go.jp/znk-web/juminkanja/S2430/initialize?prefCd=19&kikanCd=2190000174&kikanKbn=2", "url2": "www.ninomiyaganka-kofu.com", "内容": "医療法人考緑会　二宮眼科医院【2:診療所】【診療科目:眼科】山梨県甲府市緑が丘１－５－１４" }, "geometry": { "type": "Point", "coordinates": [ 138.560363, 35.676956 ] } },
{ "type": "Feature", "properties": { "ID": 1922190000175, "正式名称": "医療法人新津小児科", "機関区分": 2, "都道府県コード": 19, "市区町村コード": 201, "所在地": "山梨県甲府市和戸町１００２－５", "緯度": 35.653377, "経度": 138.614859, "url": "https://www.iryou.teikyouseido.mhlw.go.jp/znk-web/juminkanja/S2430/initialize?prefCd=19&kikanCd=2190000175&kikanKbn=2", "url2": "http://www.myclinic.ne.jp/niitsu_s/", "内容": "医療法人新津小児科【2:診療所】【診療科目:小児科】山梨県甲府市和戸町１００２－５" }, "geometry": { "type": "Point", "coordinates": [ 138.614859, 35.653377 ] } },
{ "type": "Feature", "properties": { "ID": 1922190000177, "正式名称": "医療法人　立星会　ほしの内科クリニック", "機関区分": 2, "都道府県コード": 19, "市区町村コード": 201, "所在地": "山梨県甲府市和戸町３８９－３", "緯度": 35.652571, "経度": 138.615776, "url": "https://www.iryou.teikyouseido.mhlw.go.jp/znk-web/juminkanja/S2430/initialize?prefCd=19&kikanCd=2190000177&kikanKbn=2", "url2": "https://.hoshinonaika-clinic.com", "内容": "医療法人　立星会　ほしの内科クリニック【2:診療所】【診療科目:内科_呼吸器内科_循環器内科_アレルギー疾患内科】山梨県甲府市和戸町３８９－３" }, "geometry": { "type": "Point", "coordinates": [ 138.615776, 35.652571 ] } },
{ "type": "Feature", "properties": { "ID": 1922190000178, "正式名称": "医療法人ＩＮＳＹＳＴＥＭ　にしおか内科クリニックＲＡ", "機関区分": 2, "都道府県コード": 19, "市区町村コード": 201, "所在地": "山梨県甲府市和戸町６７９", "緯度": 35.653877, "経度": 138.606944, "url": "https://www.iryou.teikyouseido.mhlw.go.jp/znk-web/juminkanja/S2430/initialize?prefCd=19&kikanCd=2190000178&kikanKbn=2", "url2": "http://www.nishioka-clinic-ra.com/", "内容": "医療法人ＩＮＳＹＳＴＥＭ　にしおか内科クリニックＲＡ【2:診療所】【診療科目:内科_アレルギー科_リウマチ科】山梨県甲府市和戸町６７９" }, "geometry": { "type": "Point", "coordinates": [ 138.606944, 35.653877 ] } },
{ "type": "Feature", "properties": { "ID": 1922190000179, "正式名称": "遠藤眼科クリニック", "機関区分": 2, "都道府県コード": 19, "市区町村コード": 201, "所在地": "山梨県甲府市和戸町６８８－８", "緯度": 35.653182, "経度": 138.606277, "url": "https://www.iryou.teikyouseido.mhlw.go.jp/znk-web/juminkanja/S2430/initialize?prefCd=19&kikanCd=2190000179&kikanKbn=2", "url2": null, "内容": "遠藤眼科クリニック【2:診療所】【診療科目:眼科】山梨県甲府市和戸町６８８－８" }, "geometry": { "type": "Point", "coordinates": [ 138.606277, 35.653182 ] } },
{ "type": "Feature", "properties": { "ID": 1922190000184, "正式名称": "芦沢内科小児科医院", "機関区分": 2, "都道府県コード": 19, "市区町村コード": 210, "所在地": "山梨県甲斐市玉川１５９－１", "緯度": 35.637571, "経度": 138.520396, "url": "https://www.iryou.teikyouseido.mhlw.go.jp/znk-web/juminkanja/S2430/initialize?prefCd=19&kikanCd=2190000184&kikanKbn=2", "url2": "http://ashizawa-clinic.jp", "内容": "芦沢内科小児科医院【2:診療所】【診療科目:内科_小児科】山梨県甲斐市玉川１５９－１" }, "geometry": { "type": "Point", "coordinates": [ 138.520396, 35.637571 ] } },
{ "type": "Feature", "properties": { "ID": 1922190000185, "正式名称": "医療法人清水内科循環器科医院", "機関区分": 2, "都道府県コード": 19, "市区町村コード": 210, "所在地": "山梨県甲斐市篠原１４２９－１", "緯度": 35.645931, "経度": 138.523256, "url": "https://www.iryou.teikyouseido.mhlw.go.jp/znk-web/juminkanja/S2430/initialize?prefCd=19&kikanCd=2190000185&kikanKbn=2", "url2": null, "内容": "医療法人清水内科循環器科医院【2:診療所】【診療科目:内科_循環器内科_小児科】山梨県甲斐市篠原１４２９－１" }, "geometry": { "type": "Point", "coordinates": [ 138.523256, 35.645931 ] } },
{ "type": "Feature", "properties": { "ID": 1922190000186, "正式名称": "白石メンタルクリニック", "機関区分": 2, "都道府県コード": 19, "市区町村コード": 210, "所在地": "山梨県甲斐市篠原１６５４－２０", "緯度": 35.649903, "経度": 138.525117, "url": "https://www.iryou.teikyouseido.mhlw.go.jp/znk-web/juminkanja/S2430/initialize?prefCd=19&kikanCd=2190000186&kikanKbn=2", "url2": null, "内容": "白石メンタルクリニック【2:診療所】【診療科目:精神科】山梨県甲斐市篠原１６５４－２０" }, "geometry": { "type": "Point", "coordinates": [ 138.525117, 35.649903 ] } },
{ "type": "Feature", "properties": { "ID": 1922190000187, "正式名称": "保坂メディカルクリニック", "機関区分": 2, "都道府県コード": 19, "市区町村コード": 210, "所在地": "山梨県甲斐市篠原６８２－１", "緯度": 35.653791, "経度": 138.51659, "url": "https://www.iryou.teikyouseido.mhlw.go.jp/znk-web/juminkanja/S2430/initialize?prefCd=19&kikanCd=2190000187&kikanKbn=2", "url2": "http://www.hosaka-med.net/", "内容": "保坂メディカルクリニック【2:診療所】【診療科目:循環器内科_神経内科_外科_脳神経外科_リハビリテーション科】山梨県甲斐市篠原６８２－１" }, "geometry": { "type": "Point", "coordinates": [ 138.51659, 35.653791 ] } },
{ "type": "Feature", "properties": { "ID": 1922190000188, "正式名称": "医療法人優心会竜王レディースクリニック", "機関区分": 2, "都道府県コード": 19, "市区町村コード": 210, "所在地": "山梨県甲斐市篠原２１９９", "緯度": 35.654125, "経度": 138.51684, "url": "https://www.iryou.teikyouseido.mhlw.go.jp/znk-web/juminkanja/S2430/initialize?prefCd=19&kikanCd=2190000188&kikanKbn=2", "url2": "https://ryuo-ladies.jp/", "内容": "医療法人優心会竜王レディースクリニック【2:診療所】【診療科目:産婦人科】山梨県甲斐市篠原２１９９" }, "geometry": { "type": "Point", "coordinates": [ 138.51684, 35.654125 ] } },
{ "type": "Feature", "properties": { "ID": 1922190000190, "正式名称": "杉田小児科医院", "機関区分": 2, "都道府県コード": 19, "市区町村コード": 210, "所在地": "山梨県甲斐市篠原２７６３－１", "緯度": 35.652597, "経度": 138.524534, "url": "https://www.iryou.teikyouseido.mhlw.go.jp/znk-web/juminkanja/S2430/initialize?prefCd=19&kikanCd=2190000190&kikanKbn=2", "url2": null, "内容": "杉田小児科医院【2:診療所】【診療科目:小児科】山梨県甲斐市篠原２７６３－１" }, "geometry": { "type": "Point", "coordinates": [ 138.524534, 35.652597 ] } },
{ "type": "Feature", "properties": { "ID": 1922190000191, "正式名称": "吉江皮膚科医院", "機関区分": 2, "都道府県コード": 19, "市区町村コード": 210, "所在地": "山梨県甲斐市篠原８３２", "緯度": 35.647015, "経度": 138.526173, "url": "https://www.iryou.teikyouseido.mhlw.go.jp/znk-web/juminkanja/S2430/initialize?prefCd=19&kikanCd=2190000191&kikanKbn=2", "url2": null, "内容": "吉江皮膚科医院【2:診療所】【診療科目:皮膚科】山梨県甲斐市篠原８３２" }, "geometry": { "type": "Point", "coordinates": [ 138.526173, 35.647015 ] } },
{ "type": "Feature", "properties": { "ID": 1922190000194, "正式名称": "金丸内科クリニック", "機関区分": 2, "都道府県コード": 19, "市区町村コード": 210, "所在地": "山梨県甲斐市西八幡４３９５－８５", "緯度": 35.638488, "経度": 138.511453, "url": "https://www.iryou.teikyouseido.mhlw.go.jp/znk-web/juminkanja/S2430/initialize?prefCd=19&kikanCd=2190000194&kikanKbn=2", "url2": null, "内容": "金丸内科クリニック【2:診療所】【診療科目:内科】山梨県甲斐市西八幡４３９５－８５" }, "geometry": { "type": "Point", "coordinates": [ 138.511453, 35.638488 ] } },
{ "type": "Feature", "properties": { "ID": 1922190000196, "正式名称": "医療法人　アウゲン　田辺眼科", "機関区分": 2, "都道府県コード": 19, "市区町村コード": 210, "所在地": "山梨県甲斐市西八幡６９３－１", "緯度": 35.650986, "経度": 138.515757, "url": "https://www.iryou.teikyouseido.mhlw.go.jp/znk-web/juminkanja/S2430/initialize?prefCd=19&kikanCd=2190000196&kikanKbn=2", "url2": "http://tanabeag.net", "内容": "医療法人　アウゲン　田辺眼科【2:診療所】【診療科目:眼科】山梨県甲斐市西八幡６９３－１" }, "geometry": { "type": "Point", "coordinates": [ 138.515757, 35.650986 ] } },
{ "type": "Feature", "properties": { "ID": 1922190000198, "正式名称": "公益社団法人山梨勤労者医療協会竜王共立診療所", "機関区分": 2, "都道府県コード": 19, "市区町村コード": 210, "所在地": "山梨県甲斐市富竹新田２３１－１", "緯度": 35.663096, "経度": 138.525672, "url": "https://www.iryou.teikyouseido.mhlw.go.jp/znk-web/juminkanja/S2430/initialize?prefCd=19&kikanCd=2190000198&kikanKbn=2", "url2": "http://www.yamanashi-min.jp/kinikyou/medical/sinryoujyo/ryuoho.html", "内容": "公益社団法人山梨勤労者医療協会竜王共立診療所【2:診療所】【診療科目:内科_循環器内科_消化器内科】山梨県甲斐市富竹新田２３１－１" }, "geometry": { "type": "Point", "coordinates": [ 138.525672, 35.663096 ] } },
{ "type": "Feature", "properties": { "ID": 1922190000200, "正式名称": "芦沢整形外科", "機関区分": 2, "都道府県コード": 19, "市区町村コード": 210, "所在地": "山梨県甲斐市富竹新田１５０１番地２", "緯度": 35.660318, "経度": 138.524145, "url": "https://www.iryou.teikyouseido.mhlw.go.jp/znk-web/juminkanja/S2430/initialize?prefCd=19&kikanCd=2190000200&kikanKbn=2", "url2": null, "内容": "芦沢整形外科【2:診療所】【診療科目:内科_整形外科_リウマチ科_リハビリテーション科】山梨県甲斐市富竹新田１５０１番地２" }, "geometry": { "type": "Point", "coordinates": [ 138.524145, 35.660318 ] } },
{ "type": "Feature", "properties": { "ID": 1922190000202, "正式名称": "医療法人社団いいの整形外科", "機関区分": 2, "都道府県コード": 19, "市区町村コード": 210, "所在地": "山梨県甲斐市竜王７６４－１", "緯度": 35.67465, "経度": 138.507451, "url": "https://www.iryou.teikyouseido.mhlw.go.jp/znk-web/juminkanja/S2430/initialize?prefCd=19&kikanCd=2190000202&kikanKbn=2", "url2": null, "内容": "医療法人社団いいの整形外科【2:診療所】【診療科目:整形外科_リウマチ科_リハビリテーション科】山梨県甲斐市竜王７６４－１" }, "geometry": { "type": "Point", "coordinates": [ 138.507451, 35.67465 ] } },
{ "type": "Feature", "properties": { "ID": 1922190000203, "正式名称": "医療法人　誠和会　中沢クリニック", "機関区分": 2, "都道府県コード": 19, "市区町村コード": 210, "所在地": "山梨県甲斐市竜王３０９１－１", "緯度": 35.662985, "経度": 138.51084, "url": "https://www.iryou.teikyouseido.mhlw.go.jp/znk-web/juminkanja/S2430/initialize?prefCd=19&kikanCd=2190000203&kikanKbn=2", "url2": "http://www.nakaclin.com", "内容": "医療法人　誠和会　中沢クリニック【2:診療所】【診療科目:内科_呼吸器内科_循環器内科_消化器内科_胃腸内科_小児科】山梨県甲斐市竜王３０９１－１" }, "geometry": { "type": "Point", "coordinates": [ 138.51084, 35.662985 ] } },
{ "type": "Feature", "properties": { "ID": 1922190000204, "正式名称": "今村耳鼻咽喉科めまい・難聴クリニック", "機関区分": 2, "都道府県コード": 19, "市区町村コード": 210, "所在地": "山梨県甲斐市中下条８６８", "緯度": 35.676734, "経度": 138.520894, "url": "https://www.iryou.teikyouseido.mhlw.go.jp/znk-web/juminkanja/S2430/initialize?prefCd=19&kikanCd=2190000204&kikanKbn=2", "url2": null, "内容": "今村耳鼻咽喉科めまい・難聴クリニック【2:診療所】【診療科目:耳鼻いんこう科】山梨県甲斐市中下条８６８" }, "geometry": { "type": "Point", "coordinates": [ 138.520894, 35.676734 ] } },
{ "type": "Feature", "properties": { "ID": 1922190000205, "正式名称": "医療法人斐水会ながせき頭痛クリニック", "機関区分": 2, "都道府県コード": 19, "市区町村コード": 210, "所在地": "山梨県甲斐市中下条１８４４－３", "緯度": 35.676706, "経度": 138.53031, "url": "https://www.iryou.teikyouseido.mhlw.go.jp/znk-web/juminkanja/S2430/initialize?prefCd=19&kikanCd=2190000205&kikanKbn=2", "url2": "http://www.zutsu-clinic.com", "内容": "医療法人斐水会ながせき頭痛クリニック【2:診療所】【診療科目:神経内科_脳神経外科_心療内科】山梨県甲斐市中下条１８４４－３" }, "geometry": { "type": "Point", "coordinates": [ 138.53031, 35.676706 ] } },
{ "type": "Feature", "properties": { "ID": 1922190000206, "正式名称": "桜こどもクリニック", "機関区分": 2, "都道府県コード": 19, "市区町村コード": 210, "所在地": "山梨県甲斐市中下条１９００", "緯度": 35.676706, "経度": 138.531226, "url": "https://www.iryou.teikyouseido.mhlw.go.jp/znk-web/juminkanja/S2430/initialize?prefCd=19&kikanCd=2190000206&kikanKbn=2", "url2": "http://sakura-kodomo-c.webmedipr.jp/", "内容": "桜こどもクリニック【2:診療所】【診療科目:小児科】山梨県甲斐市中下条１９００" }, "geometry": { "type": "Point", "coordinates": [ 138.531226, 35.676706 ] } },
{ "type": "Feature", "properties": { "ID": 1922190000207, "正式名称": "敷島クリニック", "機関区分": 2, "都道府県コード": 19, "市区町村コード": 210, "所在地": "山梨県甲斐市中下条２４６", "緯度": 35.678066, "経度": 138.520116, "url": "https://www.iryou.teikyouseido.mhlw.go.jp/znk-web/juminkanja/S2430/initialize?prefCd=19&kikanCd=2190000207&kikanKbn=2", "url2": "https://www.shikishima-clinic.com/", "内容": "敷島クリニック【2:診療所】【診療科目:内科_小児科】山梨県甲斐市中下条２４６" }, "geometry": { "type": "Point", "coordinates": [ 138.520116, 35.678066 ] } },
{ "type": "Feature", "properties": { "ID": 1922190000208, "正式名称": "うちやま泌尿器・腎クリニック", "機関区分": 2, "都道府県コード": 19, "市区町村コード": 210, "所在地": "山梨県甲斐市中下条９２６－１", "緯度": 35.676956, "経度": 138.525394, "url": "https://www.iryou.teikyouseido.mhlw.go.jp/znk-web/juminkanja/S2430/initialize?prefCd=19&kikanCd=2190000208&kikanKbn=2", "url2": "http://www2s.bioglobe.ne.jp/~uchi/", "内容": "うちやま泌尿器・腎クリニック【2:診療所】【診療科目:泌尿器科】山梨県甲斐市中下条９２６－１" }, "geometry": { "type": "Point", "coordinates": [ 138.525394, 35.676956 ] } },
{ "type": "Feature", "properties": { "ID": 1922190000209, "正式名称": "医療法人　茜潤会　さいとう皮ふ科クリニック", "機関区分": 2, "都道府県コード": 19, "市区町村コード": 210, "所在地": "山梨県甲斐市中下条９２６－２", "緯度": 35.676956, "経度": 138.525227, "url": "https://www.iryou.teikyouseido.mhlw.go.jp/znk-web/juminkanja/S2430/initialize?prefCd=19&kikanCd=2190000209&kikanKbn=2", "url2": null, "内容": "医療法人　茜潤会　さいとう皮ふ科クリニック【2:診療所】【診療科目:形成外科_皮膚科】山梨県甲斐市中下条９２６－２" }, "geometry": { "type": "Point", "coordinates": [ 138.525227, 35.676956 ] } },
{ "type": "Feature", "properties": { "ID": 1922190000210, "正式名称": "医療法人大沢医院", "機関区分": 2, "都道府県コード": 19, "市区町村コード": 210, "所在地": "山梨県甲斐市長塚１１５－１１", "緯度": 35.674206, "経度": 138.53281, "url": "https://www.iryou.teikyouseido.mhlw.go.jp/znk-web/juminkanja/S2430/initialize?prefCd=19&kikanCd=2190000210&kikanKbn=2", "url2": null, "内容": "医療法人大沢医院【2:診療所】【診療科目:内科_小児科】山梨県甲斐市長塚１１５－１１" }, "geometry": { "type": "Point", "coordinates": [ 138.53281, 35.674206 ] } },
{ "type": "Feature", "properties": { "ID": 1922190000211, "正式名称": "細田眼科医院", "機関区分": 2, "都道府県コード": 19, "市区町村コード": 210, "所在地": "山梨県甲斐市長塚１２－１", "緯度": 35.677012, "経度": 138.53306, "url": "https://www.iryou.teikyouseido.mhlw.go.jp/znk-web/juminkanja/S2430/initialize?prefCd=19&kikanCd=2190000211&kikanKbn=2", "url2": "http://www.hosoda-eye-clinic.jp", "内容": "細田眼科医院【2:診療所】【診療科目:眼科】山梨県甲斐市長塚１２－１" }, "geometry": { "type": "Point", "coordinates": [ 138.53306, 35.677012 ] } },
{ "type": "Feature", "properties": { "ID": 1922190000212, "正式名称": "志鎌整形外科", "機関区分": 2, "都道府県コード": 19, "市区町村コード": 210, "所在地": "山梨県甲斐市長塚２", "緯度": 35.677817, "経度": 138.532754, "url": "https://www.iryou.teikyouseido.mhlw.go.jp/znk-web/juminkanja/S2430/initialize?prefCd=19&kikanCd=2190000212&kikanKbn=2", "url2": null, "内容": "志鎌整形外科【2:診療所】【診療科目:整形外科_リウマチ科_リハビリテーション科】山梨県甲斐市長塚２" }, "geometry": { "type": "Point", "coordinates": [ 138.532754, 35.677817 ] } },
{ "type": "Feature", "properties": { "ID": 1922190000213, "正式名称": "大久保医院", "機関区分": 2, "都道府県コード": 19, "市区町村コード": 210, "所在地": "山梨県甲斐市島上条２１３－３", "緯度": 35.683344, "経度": 138.530421, "url": "https://www.iryou.teikyouseido.mhlw.go.jp/znk-web/juminkanja/S2430/initialize?prefCd=19&kikanCd=2190000213&kikanKbn=2", "url2": "okubo-iin.jp", "内容": "大久保医院【2:診療所】【診療科目:内科_消化器内科_小児科】山梨県甲斐市島上条２１３－３" }, "geometry": { "type": "Point", "coordinates": [ 138.530421, 35.683344 ] } },
{ "type": "Feature", "properties": { "ID": 1922190000214, "正式名称": "大房整形外科眼科医院", "機関区分": 2, "都道府県コード": 19, "市区町村コード": 210, "所在地": "山梨県甲斐市島上条７１４－１", "緯度": 35.685066, "経度": 138.519588, "url": "https://www.iryou.teikyouseido.mhlw.go.jp/znk-web/juminkanja/S2430/initialize?prefCd=19&kikanCd=2190000214&kikanKbn=2", "url2": null, "内容": "大房整形外科眼科医院【2:診療所】【診療科目:整形外科_眼科】山梨県甲斐市島上条７１４－１" }, "geometry": { "type": "Point", "coordinates": [ 138.519588, 35.685066 ] } },
{ "type": "Feature", "properties": { "ID": 1922190000215, "正式名称": "小山医院", "機関区分": 2, "都道府県コード": 19, "市区町村コード": 210, "所在地": "山梨県甲斐市島上条４９２－１", "緯度": 35.684483, "経度": 138.523061, "url": "https://www.iryou.teikyouseido.mhlw.go.jp/znk-web/juminkanja/S2430/initialize?prefCd=19&kikanCd=2190000215&kikanKbn=2", "url2": "https://www.koyamaiin.info", "内容": "小山医院【2:診療所】【診療科目:内科_消化器内科】山梨県甲斐市島上条４９２－１" }, "geometry": { "type": "Point", "coordinates": [ 138.523061, 35.684483 ] } },
{ "type": "Feature", "properties": { "ID": 1922190000216, "正式名称": "おぎの医院", "機関区分": 2, "都道府県コード": 19, "市区町村コード": 214, "所在地": "山梨県中央市井之口９８０－４", "緯度": 35.612185, "経度": 138.543145, "url": "https://www.iryou.teikyouseido.mhlw.go.jp/znk-web/juminkanja/S2430/initialize?prefCd=19&kikanCd=2190000216&kikanKbn=2", "url2": null, "内容": "おぎの医院【2:診療所】【診療科目:耳鼻いんこう科】山梨県中央市井之口９８０－４" }, "geometry": { "type": "Point", "coordinates": [ 138.543145, 35.612185 ] } },
{ "type": "Feature", "properties": { "ID": 1922190000219, "正式名称": "医療法人どちペインクリニック玉穂ふれあい診療所", "機関区分": 2, "都道府県コード": 19, "市区町村コード": 214, "所在地": "山梨県中央市成島２４３９－１", "緯度": 35.599881, "経度": 138.544313, "url": "https://www.iryou.teikyouseido.mhlw.go.jp/znk-web/juminkanja/S2430/initialize?prefCd=19&kikanCd=2190000219&kikanKbn=2", "url2": "https://www.dpc-hos.or.jp/", "内容": "医療法人どちペインクリニック玉穂ふれあい診療所【2:診療所】【診療科目:内科_小児科_泌尿器科】山梨県中央市成島２４３９－１" }, "geometry": { "type": "Point", "coordinates": [ 138.544313, 35.599881 ] } },
{ "type": "Feature", "properties": { "ID": 1922190000221, "正式名称": "こどもクリニックぷう　やない小児科", "機関区分": 2, "都道府県コード": 19, "市区町村コード": 384, "所在地": "山梨県中巨摩郡昭和町押越７３－１", "緯度": 35.625767, "経度": 138.537228, "url": "https://www.iryou.teikyouseido.mhlw.go.jp/znk-web/juminkanja/S2430/initialize?prefCd=19&kikanCd=2190000221&kikanKbn=2", "url2": "http://www.kodomoclinic-pooh.jp/", "内容": "こどもクリニックぷう　やない小児科【2:診療所】【診療科目:小児科_アレルギー科】山梨県中巨摩郡昭和町押越７３－１" }, "geometry": { "type": "Point", "coordinates": [ 138.537228, 35.625767 ] } },
{ "type": "Feature", "properties": { "ID": 1922190000222, "正式名称": "医療法人甲府昭和腎クリニック", "機関区分": 2, "都道府県コード": 19, "市区町村コード": 384, "所在地": "山梨県中巨摩郡昭和町押越７８９", "緯度": 35.629155, "経度": 138.532756, "url": "https://www.iryou.teikyouseido.mhlw.go.jp/znk-web/juminkanja/S2430/initialize?prefCd=19&kikanCd=2190000222&kikanKbn=2", "url2": "http://www.kofushowa-jinc.jp", "内容": "医療法人甲府昭和腎クリニック【2:診療所】【診療科目:内科_糖尿病内科_腎臓内科_泌尿器科】山梨県中巨摩郡昭和町押越７８９" }, "geometry": { "type": "Point", "coordinates": [ 138.532756, 35.629155 ] } },
{ "type": "Feature", "properties": { "ID": 1922190000223, "正式名称": "医療法人緑風会　風間内科医院", "機関区分": 2, "都道府県コード": 19, "市区町村コード": 384, "所在地": "山梨県中巨摩郡昭和町押越９１６－１", "緯度": 35.630461, "経度": 138.534451, "url": "https://www.iryou.teikyouseido.mhlw.go.jp/znk-web/juminkanja/S2430/initialize?prefCd=19&kikanCd=2190000223&kikanKbn=2", "url2": "http://kazamacl.webmedipr.jp", "内容": "医療法人緑風会　風間内科医院【2:診療所】【診療科目:内科_糖尿病内科】山梨県中巨摩郡昭和町押越９１６－１" }, "geometry": { "type": "Point", "coordinates": [ 138.534451, 35.630461 ] } },
{ "type": "Feature", "properties": { "ID": 1922190000225, "正式名称": "医療法人英陵会　吉川外科整形外科医院", "機関区分": 2, "都道府県コード": 19, "市区町村コード": 384, "所在地": "山梨県中巨摩郡昭和町河西６２３－８", "緯度": 35.610407, "経度": 138.520619, "url": "https://www.iryou.teikyouseido.mhlw.go.jp/znk-web/juminkanja/S2430/initialize?prefCd=19&kikanCd=2190000225&kikanKbn=2", "url2": null, "内容": "医療法人英陵会　吉川外科整形外科医院【2:診療所】【診療科目:外科_整形外科_リハビリテーション科】山梨県中巨摩郡昭和町河西６２３－８" }, "geometry": { "type": "Point", "coordinates": [ 138.520619, 35.610407 ] } },
{ "type": "Feature", "properties": { "ID": 1922190000226, "正式名称": "嶋崎耳鼻咽喉科医院", "機関区分": 2, "都道府県コード": 19, "市区町村コード": 384, "所在地": "山梨県中巨摩郡昭和町河東中島１３１７", "緯度": 35.627017, "経度": 138.533201, "url": "https://www.iryou.teikyouseido.mhlw.go.jp/znk-web/juminkanja/S2430/initialize?prefCd=19&kikanCd=2190000226&kikanKbn=2", "url2": null, "内容": "嶋崎耳鼻咽喉科医院【2:診療所】【診療科目:耳鼻いんこう科】山梨県中巨摩郡昭和町河東中島１３１７" }, "geometry": { "type": "Point", "coordinates": [ 138.533201, 35.627017 ] } },
{ "type": "Feature", "properties": { "ID": 1922190000227, "正式名称": "森川医院", "機関区分": 2, "都道府県コード": 19, "市区町村コード": 384, "所在地": "山梨県中巨摩郡昭和町河東中島１９０３", "緯度": 35.621879, "経度": 138.534396, "url": "https://www.iryou.teikyouseido.mhlw.go.jp/znk-web/juminkanja/S2430/initialize?prefCd=19&kikanCd=2190000227&kikanKbn=2", "url2": "http://www.yamanashi.med.or.jp/nakakoma/showa.htm", "内容": "森川医院【2:診療所】【診療科目:内科_神経内科_小児科_アレルギー科】山梨県中巨摩郡昭和町河東中島１９０３" }, "geometry": { "type": "Point", "coordinates": [ 138.534396, 35.621879 ] } },
{ "type": "Feature", "properties": { "ID": 1922190000228, "正式名称": "医療法人立史会　今井クリニック", "機関区分": 2, "都道府県コード": 19, "市区町村コード": 384, "所在地": "山梨県中巨摩郡昭和町河東中島４４３", "緯度": 35.621601, "経度": 138.535618, "url": "https://www.iryou.teikyouseido.mhlw.go.jp/znk-web/juminkanja/S2430/initialize?prefCd=19&kikanCd=2190000228&kikanKbn=2", "url2": "https://ri-shikai.or.jp", "内容": "医療法人立史会　今井クリニック【2:診療所】【診療科目:内科_リハビリテーション科】山梨県中巨摩郡昭和町河東中島４４３" }, "geometry": { "type": "Point", "coordinates": [ 138.535618, 35.621601 ] } },
{ "type": "Feature", "properties": { "ID": 1922190000229, "正式名称": "医療法人大塚医院", "機関区分": 2, "都道府県コード": 19, "市区町村コード": 384, "所在地": "山梨県中巨摩郡昭和町紙漉阿原２１６－４", "緯度": 35.623295, "経度": 138.544423, "url": "https://www.iryou.teikyouseido.mhlw.go.jp/znk-web/juminkanja/S2430/initialize?prefCd=19&kikanCd=2190000229&kikanKbn=2", "url2": "http://abki.studio-web.net/", "内容": "医療法人大塚医院【2:診療所】【診療科目:内科_小児科】山梨県中巨摩郡昭和町紙漉阿原２１６－４" }, "geometry": { "type": "Point", "coordinates": [ 138.544423, 35.623295 ] } },
{ "type": "Feature", "properties": { "ID": 1922190000230, "正式名称": "医療法人　大竹皮フ科クリニック", "機関区分": 2, "都道府県コード": 19, "市区町村コード": 384, "所在地": "山梨県中巨摩郡昭和町紙漉阿原２７－２", "緯度": 35.625461, "経度": 138.540089, "url": "https://www.iryou.teikyouseido.mhlw.go.jp/znk-web/juminkanja/S2430/initialize?prefCd=19&kikanCd=2190000230&kikanKbn=2", "url2": "https://web.gogo.jp/cms/byoinnavi/login/", "内容": "医療法人　大竹皮フ科クリニック【2:診療所】【診療科目:皮膚科】山梨県中巨摩郡昭和町紙漉阿原２７－２" }, "geometry": { "type": "Point", "coordinates": [ 138.540089, 35.625461 ] } },
{ "type": "Feature", "properties": { "ID": 1922190000231, "正式名称": "医療法人社団　健輝会　げんきキッズクリニック", "機関区分": 2, "都道府県コード": 19, "市区町村コード": 384, "所在地": "山梨県中巨摩郡昭和町河東中島７４８－１", "緯度": 35.623184, "経度": 138.532396, "url": "https://www.iryou.teikyouseido.mhlw.go.jp/znk-web/juminkanja/S2430/initialize?prefCd=19&kikanCd=2190000231&kikanKbn=2", "url2": "http://genkikids-clinic.com/", "内容": "医療法人社団　健輝会　げんきキッズクリニック【2:診療所】【診療科目:小児科_アレルギー科】山梨県中巨摩郡昭和町河東中島７４８－１" }, "geometry": { "type": "Point", "coordinates": [ 138.532396, 35.623184 ] } },
{ "type": "Feature", "properties": { "ID": 1922190000232, "正式名称": "医療法人慈人会　高山皮フ科形成クリニック", "機関区分": 2, "都道府県コード": 19, "市区町村コード": 384, "所在地": "山梨県中巨摩郡昭和町清水新居１２７８－３", "緯度": 35.642516, "経度": 138.549532, "url": "https://www.iryou.teikyouseido.mhlw.go.jp/znk-web/juminkanja/S2430/initialize?prefCd=19&kikanCd=2190000232&kikanKbn=2", "url2": "http://www.takayama-clinic.jp/pc", "内容": "医療法人慈人会　高山皮フ科形成クリニック【2:診療所】【診療科目:形成外科_皮膚科】山梨県中巨摩郡昭和町清水新居１２７８－３" }, "geometry": { "type": "Point", "coordinates": [ 138.549532, 35.642516 ] } },
{ "type": "Feature", "properties": { "ID": 1922190000233, "正式名称": "医療法人碧山会　甲府昭和婦人クリニック", "機関区分": 2, "都道府県コード": 19, "市区町村コード": 384, "所在地": "山梨県中巨摩郡昭和町清水新居１２１５－１", "緯度": 35.642988, "経度": 138.548976, "url": "https://www.iryou.teikyouseido.mhlw.go.jp/znk-web/juminkanja/S2430/initialize?prefCd=19&kikanCd=2190000233&kikanKbn=2", "url2": "http://www.yoshida-fujin-clinic.com", "内容": "医療法人碧山会　甲府昭和婦人クリニック【2:診療所】【診療科目:婦人科_産婦人科（生殖医療）】山梨県中巨摩郡昭和町清水新居１２１５－１" }, "geometry": { "type": "Point", "coordinates": [ 138.548976, 35.642988 ] } },
{ "type": "Feature", "properties": { "ID": 1922190000236, "正式名称": "医療法人太田会　太田整形外科医院", "機関区分": 2, "都道府県コード": 19, "市区町村コード": 384, "所在地": "山梨県中巨摩郡昭和町清水新居４９８", "緯度": 35.643543, "経度": 138.551504, "url": "https://www.iryou.teikyouseido.mhlw.go.jp/znk-web/juminkanja/S2430/initialize?prefCd=19&kikanCd=2190000236&kikanKbn=2", "url2": "http://ota-seikei.jp", "内容": "医療法人太田会　太田整形外科医院【2:診療所】【診療科目:整形外科_形成外科_リウマチ科_リハビリテーション科】山梨県中巨摩郡昭和町清水新居４９８" }, "geometry": { "type": "Point", "coordinates": [ 138.551504, 35.643543 ] } },
{ "type": "Feature", "properties": { "ID": 1922190000240, "正式名称": "医療法人　田辺産婦人科", "機関区分": 2, "都道府県コード": 19, "市区町村コード": 384, "所在地": "山梨県中巨摩郡昭和町西条６４０", "緯度": 35.630517, "経度": 138.546644, "url": "https://www.iryou.teikyouseido.mhlw.go.jp/znk-web/juminkanja/S2430/initialize?prefCd=19&kikanCd=2190000240&kikanKbn=2", "url2": "http://www.tanabe-clinic.net", "内容": "医療法人　田辺産婦人科【2:診療所】【診療科目:産婦人科】山梨県中巨摩郡昭和町西条６４０" }, "geometry": { "type": "Point", "coordinates": [ 138.546644, 35.630517 ] } },
{ "type": "Feature", "properties": { "ID": 1922190000241, "正式名称": "横山整形外科医院", "機関区分": 2, "都道府県コード": 19, "市区町村コード": 384, "所在地": "山梨県中巨摩郡昭和町築地新居３００－２", "緯度": 35.630267, "経度": 138.531339, "url": "https://www.iryou.teikyouseido.mhlw.go.jp/znk-web/juminkanja/S2430/initialize?prefCd=19&kikanCd=2190000241&kikanKbn=2", "url2": "http://www4.nns.ne.jp/pri/yuvas", "内容": "横山整形外科医院【2:診療所】【診療科目:整形外科】山梨県中巨摩郡昭和町築地新居３００－２" }, "geometry": { "type": "Point", "coordinates": [ 138.531339, 35.630267 ] } },
{ "type": "Feature", "properties": { "ID": 1922190000244, "正式名称": "医療法人西野内科医院", "機関区分": 2, "都道府県コード": 19, "市区町村コード": 214, "所在地": "山梨県中央市山之神２３８９－１", "緯度": 35.608907, "経度": 138.512176, "url": "https://www.iryou.teikyouseido.mhlw.go.jp/znk-web/juminkanja/S2430/initialize?prefCd=19&kikanCd=2190000244&kikanKbn=2", "url2": "http://nishino-naika.com/", "内容": "医療法人西野内科医院【2:診療所】【診療科目:内科_循環器内科_小児科】山梨県中央市山之神２３８９－１" }, "geometry": { "type": "Point", "coordinates": [ 138.512176, 35.608907 ] } },
{ "type": "Feature", "properties": { "ID": 1922190000245, "正式名称": "医療法人　社団　啓仁会　赤岡整形外科医院", "機関区分": 2, "都道府県コード": 19, "市区町村コード": 214, "所在地": "山梨県中央市西花輪３５９１", "緯度": 35.593076, "経度": 138.518815, "url": "https://www.iryou.teikyouseido.mhlw.go.jp/znk-web/juminkanja/S2430/initialize?prefCd=19&kikanCd=2190000245&kikanKbn=2", "url2": null, "内容": "医療法人　社団　啓仁会　赤岡整形外科医院【2:診療所】【診療科目:整形外科_リウマチ科_リハビリテーション科】山梨県中央市西花輪３５９１" }, "geometry": { "type": "Point", "coordinates": [ 138.518815, 35.593076 ] } },
{ "type": "Feature", "properties": { "ID": 1922190000246, "正式名称": "医療法人　保坂眼科医院", "機関区分": 2, "都道府県コード": 19, "市区町村コード": 214, "所在地": "山梨県中央市西花輪５６－２", "緯度": 35.589965, "経度": 138.52287, "url": "https://www.iryou.teikyouseido.mhlw.go.jp/znk-web/juminkanja/S2430/initialize?prefCd=19&kikanCd=2190000246&kikanKbn=2", "url2": "https://www.hosaka-ganka.jp", "内容": "医療法人　保坂眼科医院【2:診療所】【診療科目:眼科】山梨県中央市西花輪５６－２" }, "geometry": { "type": "Point", "coordinates": [ 138.52287, 35.589965 ] } },
{ "type": "Feature", "properties": { "ID": 1922190000247, "正式名称": "三本松医院", "機関区分": 2, "都道府県コード": 19, "市区町村コード": 214, "所在地": "山梨県中央市東花輪６６－１０", "緯度": 35.591604, "経度": 138.523398, "url": "https://www.iryou.teikyouseido.mhlw.go.jp/znk-web/juminkanja/S2430/initialize?prefCd=19&kikanCd=2190000247&kikanKbn=2", "url2": "http://www.myclinic.ne.jp/sanbon_c/pc/", "内容": "三本松医院【2:診療所】【診療科目:内科_外科_小児科】山梨県中央市東花輪６６－１０" }, "geometry": { "type": "Point", "coordinates": [ 138.523398, 35.591604 ] } },
{ "type": "Feature", "properties": { "ID": 1922190000250, "正式名称": "フルヤ眼科医院", "機関区分": 2, "都道府県コード": 19, "市区町村コード": 214, "所在地": "山梨県中央市布施１９９０", "緯度": 35.609519, "経度": 138.523869, "url": "https://www.iryou.teikyouseido.mhlw.go.jp/znk-web/juminkanja/S2430/initialize?prefCd=19&kikanCd=2190000250&kikanKbn=2", "url2": null, "内容": "フルヤ眼科医院【2:診療所】【診療科目:眼科】山梨県中央市布施１９９０" }, "geometry": { "type": "Point", "coordinates": [ 138.523869, 35.609519 ] } },
{ "type": "Feature", "properties": { "ID": 1922190000252, "正式名称": "菊島耳鼻咽喉科医院", "機関区分": 2, "都道府県コード": 19, "市区町村コード": 214, "所在地": "山梨県中央市西花輪３５９９－１０", "緯度": 35.593048, "経度": 138.519787, "url": "https://www.iryou.teikyouseido.mhlw.go.jp/znk-web/juminkanja/S2430/initialize?prefCd=19&kikanCd=2190000252&kikanKbn=2", "url2": "http://www.myclinic.ne.jp/kikushima/", "内容": "菊島耳鼻咽喉科医院【2:診療所】【診療科目:耳鼻いんこう科】山梨県中央市西花輪３５９９－１０" }, "geometry": { "type": "Point", "coordinates": [ 138.519787, 35.593048 ] } },
{ "type": "Feature", "properties": { "ID": 1922190000253, "正式名称": "甲州市落合出張診療所", "機関区分": 2, "都道府県コード": 19, "市区町村コード": 213, "所在地": "山梨県甲州市塩山一之瀬高橋２１６－９", "緯度": 35.805086, "経度": 138.824613, "url": "https://www.iryou.teikyouseido.mhlw.go.jp/znk-web/juminkanja/S2430/initialize?prefCd=19&kikanCd=2190000253&kikanKbn=2", "url2": null, "内容": "甲州市落合出張診療所【2:診療所】【診療科目:内科】山梨県甲州市塩山一之瀬高橋２１６－９" }, "geometry": { "type": "Point", "coordinates": [ 138.824613, 35.805086 ] } },
{ "type": "Feature", "properties": { "ID": 1922190000254, "正式名称": "甲州市一ノ瀬出張診療所", "機関区分": 2, "都道府県コード": 19, "市区町村コード": 213, "所在地": "山梨県甲州市塩山一之瀬高橋４３８", "緯度": 35.830278, "経度": 138.841804, "url": "https://www.iryou.teikyouseido.mhlw.go.jp/znk-web/juminkanja/S2430/initialize?prefCd=19&kikanCd=2190000254&kikanKbn=2", "url2": null, "内容": "甲州市一ノ瀬出張診療所【2:診療所】【診療科目:内科】山梨県甲州市塩山一之瀬高橋４３８" }, "geometry": { "type": "Point", "coordinates": [ 138.841804, 35.830278 ] } },
{ "type": "Feature", "properties": { "ID": 1922190000255, "正式名称": "鶴田クリニック", "機関区分": 2, "都道府県コード": 19, "市区町村コード": 213, "所在地": "山梨県甲州市塩山三日市場１９６５", "緯度": 35.723371, "経度": 138.712848, "url": "https://www.iryou.teikyouseido.mhlw.go.jp/znk-web/juminkanja/S2430/initialize?prefCd=19&kikanCd=2190000255&kikanKbn=2", "url2": null, "内容": "鶴田クリニック【2:診療所】【診療科目:内科_小児科】山梨県甲州市塩山三日市場１９６５" }, "geometry": { "type": "Point", "coordinates": [ 138.712848, 35.723371 ] } },
{ "type": "Feature", "properties": { "ID": 1922190000257, "正式名称": "甲州市大藤診療所", "機関区分": 2, "都道府県コード": 19, "市区町村コード": 213, "所在地": "山梨県甲州市塩山上粟生野１３－１", "緯度": 35.722038, "経度": 138.753567, "url": "https://www.iryou.teikyouseido.mhlw.go.jp/znk-web/juminkanja/S2430/initialize?prefCd=19&kikanCd=2190000257&kikanKbn=2", "url2": "http://www.city.koshu.yamanashi.jp", "内容": "甲州市大藤診療所【2:診療所】【診療科目:内科】山梨県甲州市塩山上粟生野１３－１" }, "geometry": { "type": "Point", "coordinates": [ 138.753567, 35.722038 ] } },
{ "type": "Feature", "properties": { "ID": 1922190000258, "正式名称": "あめみや医院", "機関区分": 2, "都道府県コード": 19, "市区町村コード": 213, "所在地": "山梨県甲州市塩山上井尻１４１９", "緯度": 35.715594, "経度": 138.717959, "url": "https://www.iryou.teikyouseido.mhlw.go.jp/znk-web/juminkanja/S2430/initialize?prefCd=19&kikanCd=2190000258&kikanKbn=2", "url2": null, "内容": "あめみや医院【2:診療所】【診療科目:内科_小児科】山梨県甲州市塩山上井尻１４１９" }, "geometry": { "type": "Point", "coordinates": [ 138.717959, 35.715594 ] } },
{ "type": "Feature", "properties": { "ID": 1922190000259, "正式名称": "医療法人一規会　斉藤医院", "機関区分": 2, "都道府県コード": 19, "市区町村コード": 213, "所在地": "山梨県甲州市塩山上塩後２７１－１", "緯度": 35.7019, "経度": 138.72107, "url": "https://www.iryou.teikyouseido.mhlw.go.jp/znk-web/juminkanja/S2430/initialize?prefCd=19&kikanCd=2190000259&kikanKbn=2", "url2": "http://www.ikkikai-saitoiin.com/", "内容": "医療法人一規会　斉藤医院【2:診療所】【診療科目:内科_循環器内科_小児科】山梨県甲州市塩山上塩後２７１－１" }, "geometry": { "type": "Point", "coordinates": [ 138.72107, 35.7019 ] } },
{ "type": "Feature", "properties": { "ID": 1922190000262, "正式名称": "岡医院", "機関区分": 2, "都道府県コード": 19, "市区町村コード": 213, "所在地": "山梨県甲州市塩山上於曽２７３－１", "緯度": 35.7069, "経度": 138.725654, "url": "https://www.iryou.teikyouseido.mhlw.go.jp/znk-web/juminkanja/S2430/initialize?prefCd=19&kikanCd=2190000262&kikanKbn=2", "url2": "http://www.oka-cl.net", "内容": "岡医院【2:診療所】【診療科目:内科_循環器内科_アレルギー疾患内科_アレルギー科_リハビリテーション科】山梨県甲州市塩山上於曽２７３－１" }, "geometry": { "type": "Point", "coordinates": [ 138.725654, 35.7069 ] } },
{ "type": "Feature", "properties": { "ID": 1922190000266, "正式名称": "医療法人　英会　寺本医院", "機関区分": 2, "都道府県コード": 19, "市区町村コード": 205, "所在地": "山梨県山梨市下神内川２０８－３", "緯度": 35.67893, "経度": 138.684353, "url": "https://www.iryou.teikyouseido.mhlw.go.jp/znk-web/juminkanja/S2430/initialize?prefCd=19&kikanCd=2190000266&kikanKbn=2", "url2": "http://www.teramotoiin.com/", "内容": "医療法人　英会　寺本医院【2:診療所】【診療科目:内科_外科_皮膚科】山梨県山梨市下神内川２０８－３" }, "geometry": { "type": "Point", "coordinates": [ 138.684353, 35.67893 ] } },
{ "type": "Feature", "properties": { "ID": 1922190000267, "正式名称": "清水眼科医院", "機関区分": 2, "都道府県コード": 19, "市区町村コード": 205, "所在地": "山梨県山梨市下石森１１７３－１", "緯度": 35.675487, "経度": 138.68652, "url": "https://www.iryou.teikyouseido.mhlw.go.jp/znk-web/juminkanja/S2430/initialize?prefCd=19&kikanCd=2190000267&kikanKbn=2", "url2": null, "内容": "清水眼科医院【2:診療所】【診療科目:眼科】山梨県山梨市下石森１１７３－１" }, "geometry": { "type": "Point", "coordinates": [ 138.68652, 35.675487 ] } },
{ "type": "Feature", "properties": { "ID": 1922190000268, "正式名称": "つつじクリニック", "機関区分": 2, "都道府県コード": 19, "市区町村コード": 205, "所在地": "山梨県山梨市下石森１３３８－２５", "緯度": 35.674126, "経度": 138.692352, "url": "https://www.iryou.teikyouseido.mhlw.go.jp/znk-web/juminkanja/S2430/initialize?prefCd=19&kikanCd=2190000268&kikanKbn=2", "url2": null, "内容": "つつじクリニック【2:診療所】【診療科目:内科_循環器内科_外科】山梨県山梨市下石森１３３８－２５" }, "geometry": { "type": "Point", "coordinates": [ 138.692352, 35.674126 ] } },
{ "type": "Feature", "properties": { "ID": 1922190000269, "正式名称": "白倉耳鼻咽喉科医院", "機関区分": 2, "都道府県コード": 19, "市区町村コード": 205, "所在地": "山梨県山梨市歌田３１９－５", "緯度": 35.666238, "経度": 138.681714, "url": "https://www.iryou.teikyouseido.mhlw.go.jp/znk-web/juminkanja/S2430/initialize?prefCd=19&kikanCd=2190000269&kikanKbn=2", "url2": "shirkyr-ent.com", "内容": "白倉耳鼻咽喉科医院【2:診療所】【診療科目:耳鼻いんこう科_皮膚科】山梨県山梨市歌田３１９－５" }, "geometry": { "type": "Point", "coordinates": [ 138.681714, 35.666238 ] } },
{ "type": "Feature", "properties": { "ID": 1922190000271, "正式名称": "山梨北整形外科", "機関区分": 2, "都道府県コード": 19, "市区町村コード": 205, "所在地": "山梨県山梨市七日市場８０５－１", "緯度": 35.700317, "経度": 138.698128, "url": "https://www.iryou.teikyouseido.mhlw.go.jp/znk-web/juminkanja/S2430/initialize?prefCd=19&kikanCd=2190000271&kikanKbn=2", "url2": null, "内容": "山梨北整形外科【2:診療所】【診療科目:整形外科_皮膚科_リウマチ科_リハビリテーション科】山梨県山梨市七日市場８０５－１" }, "geometry": { "type": "Point", "coordinates": [ 138.698128, 35.700317 ] } },
{ "type": "Feature", "properties": { "ID": 1922190000272, "正式名称": "古川眼科医院", "機関区分": 2, "都道府県コード": 19, "市区町村コード": 205, "所在地": "山梨県山梨市小原西１９６－２", "緯度": 35.694179, "経度": 138.692129, "url": "https://www.iryou.teikyouseido.mhlw.go.jp/znk-web/juminkanja/S2430/initialize?prefCd=19&kikanCd=2190000272&kikanKbn=2", "url2": null, "内容": "古川眼科医院【2:診療所】【診療科目:眼科】山梨県山梨市小原西１９６－２" }, "geometry": { "type": "Point", "coordinates": [ 138.692129, 35.694179 ] } },
{ "type": "Feature", "properties": { "ID": 1922190000273, "正式名称": "飯島医院", "機関区分": 2, "都道府県コード": 19, "市区町村コード": 205, "所在地": "山梨県山梨市小原西５", "緯度": 35.693124, "経度": 138.689935, "url": "https://www.iryou.teikyouseido.mhlw.go.jp/znk-web/juminkanja/S2430/initialize?prefCd=19&kikanCd=2190000273&kikanKbn=2", "url2": null, "内容": "飯島医院【2:診療所】【診療科目:内科_消化器内科_小児科】山梨県山梨市小原西５" }, "geometry": { "type": "Point", "coordinates": [ 138.689935, 35.693124 ] } },
{ "type": "Feature", "properties": { "ID": 1922190000277, "正式名称": "医療法人　悠紀会　武井医院", "機関区分": 2, "都道府県コード": 19, "市区町村コード": 205, "所在地": "山梨県山梨市上神内川１７４", "緯度": 35.683736, "経度": 138.686019, "url": "https://www.iryou.teikyouseido.mhlw.go.jp/znk-web/juminkanja/S2430/initialize?prefCd=19&kikanCd=2190000277&kikanKbn=2", "url2": null, "内容": "医療法人　悠紀会　武井医院【2:診療所】【診療科目:内科_循環器内科_人工透析内科】山梨県山梨市上神内川１７４" }, "geometry": { "type": "Point", "coordinates": [ 138.686019, 35.683736 ] } },
{ "type": "Feature", "properties": { "ID": 1922190000278, "正式名称": "古屋耳鼻咽喉科医院", "機関区分": 2, "都道府県コード": 19, "市区町村コード": 205, "所在地": "山梨県山梨市上神内川２０－７　マンション一古", "緯度": 35.684819, "経度": 138.685991, "url": "https://www.iryou.teikyouseido.mhlw.go.jp/znk-web/juminkanja/S2430/initialize?prefCd=19&kikanCd=2190000278&kikanKbn=2", "url2": null, "内容": "古屋耳鼻咽喉科医院【2:診療所】【診療科目:耳鼻いんこう科】山梨県山梨市上神内川２０－７　マンション一古" }, "geometry": { "type": "Point", "coordinates": [ 138.685991, 35.684819 ] } },
{ "type": "Feature", "properties": { "ID": 1922190000279, "正式名称": "中央内科クリニック", "機関区分": 2, "都道府県コード": 19, "市区町村コード": 205, "所在地": "山梨県山梨市上神内川１６１２", "緯度": 35.685402, "経度": 138.685574, "url": "https://www.iryou.teikyouseido.mhlw.go.jp/znk-web/juminkanja/S2430/initialize?prefCd=19&kikanCd=2190000279&kikanKbn=2", "url2": "http://www.chuonaika-clinic.com", "内容": "中央内科クリニック【2:診療所】【診療科目:内科_糖尿病内科_脂質代謝内科】山梨県山梨市上神内川１６１２" }, "geometry": { "type": "Point", "coordinates": [ 138.685574, 35.685402 ] } },
{ "type": "Feature", "properties": { "ID": 1922190000282, "正式名称": "加々美医院", "機関区分": 2, "都道府県コード": 19, "市区町村コード": 205, "所在地": "山梨県山梨市北５１４－１", "緯度": 35.7044, "経度": 138.691435, "url": "https://www.iryou.teikyouseido.mhlw.go.jp/znk-web/juminkanja/S2430/initialize?prefCd=19&kikanCd=2190000282&kikanKbn=2", "url2": null, "内容": "加々美医院【2:診療所】【診療科目:内科_小児科】山梨県山梨市北５１４－１" }, "geometry": { "type": "Point", "coordinates": [ 138.691435, 35.7044 ] } },
{ "type": "Feature", "properties": { "ID": 1922190000283, "正式名称": "秋元医院", "機関区分": 2, "都道府県コード": 19, "市区町村コード": 205, "所在地": "山梨県山梨市落合５４８", "緯度": 35.680264, "経度": 138.660771, "url": "https://www.iryou.teikyouseido.mhlw.go.jp/znk-web/juminkanja/S2430/initialize?prefCd=19&kikanCd=2190000283&kikanKbn=2", "url2": "https://akimoto.fruits.jp/index.html", "内容": "秋元医院【2:診療所】【診療科目:内科_循環器内科_外科_小児科_皮膚科】山梨県山梨市落合５４８" }, "geometry": { "type": "Point", "coordinates": [ 138.660771, 35.680264 ] } },
{ "type": "Feature", "properties": { "ID": 1922190000284, "正式名称": "坂の上クリニック", "機関区分": 2, "都道府県コード": 19, "市区町村コード": 205, "所在地": "山梨県山梨市東後屋敷９８６－８", "緯度": 35.684486, "経度": 138.710406, "url": "https://www.iryou.teikyouseido.mhlw.go.jp/znk-web/juminkanja/S2430/initialize?prefCd=19&kikanCd=2190000284&kikanKbn=2", "url2": "https://sakanoue-clinic.jp", "内容": "坂の上クリニック【2:診療所】【診療科目:内科_循環器内科_アレルギー科】山梨県山梨市東後屋敷９８６－８" }, "geometry": { "type": "Point", "coordinates": [ 138.710406, 35.684486 ] } },
{ "type": "Feature", "properties": { "ID": 1922190000286, "正式名称": "医療法人博友会　三科医院", "機関区分": 2, "都道府県コード": 19, "市区町村コード": 211, "所在地": "山梨県笛吹市春日居町桑戸６９８－１", "緯度": 35.670542, "経度": 138.659633, "url": "https://www.iryou.teikyouseido.mhlw.go.jp/znk-web/juminkanja/S2430/initialize?prefCd=19&kikanCd=2190000286&kikanKbn=2", "url2": null, "内容": "医療法人博友会　三科医院【2:診療所】【診療科目:内科_呼吸器内科_循環器内科_消化器内科_小児科_皮膚科】山梨県笛吹市春日居町桑戸６９８－１" }, "geometry": { "type": "Point", "coordinates": [ 138.659633, 35.670542 ] } },
{ "type": "Feature", "properties": { "ID": 1922190000287, "正式名称": "西川医院", "機関区分": 2, "都道府県コード": 19, "市区町村コード": 205, "所在地": "山梨県山梨市牧丘町窪平７７２", "緯度": 35.743674, "経度": 138.716403, "url": "https://www.iryou.teikyouseido.mhlw.go.jp/znk-web/juminkanja/S2430/initialize?prefCd=19&kikanCd=2190000287&kikanKbn=2", "url2": null, "内容": "西川医院【2:診療所】【診療科目:内科】山梨県山梨市牧丘町窪平７７２" }, "geometry": { "type": "Point", "coordinates": [ 138.716403, 35.743674 ] } },
{ "type": "Feature", "properties": { "ID": 1922190000289, "正式名称": "阿部ファミリークリニック", "機関区分": 2, "都道府県コード": 19, "市区町村コード": 213, "所在地": "山梨県甲州市勝沼町下岩崎１０５２", "緯度": 35.658294, "経度": 138.722156, "url": "https://www.iryou.teikyouseido.mhlw.go.jp/znk-web/juminkanja/S2430/initialize?prefCd=19&kikanCd=2190000289&kikanKbn=2", "url2": "https://www.abe-family.com/", "内容": "阿部ファミリークリニック【2:診療所】【診療科目:内科_外科_整形外科_皮膚科】山梨県甲州市勝沼町下岩崎１０５２" }, "geometry": { "type": "Point", "coordinates": [ 138.722156, 35.658294 ] } },
{ "type": "Feature", "properties": { "ID": 1922190000290, "正式名称": "望月医院", "機関区分": 2, "都道府県コード": 19, "市区町村コード": 213, "所在地": "山梨県甲州市勝沼町休息１２００－１", "緯度": 35.675515, "経度": 138.7141, "url": "https://www.iryou.teikyouseido.mhlw.go.jp/znk-web/juminkanja/S2430/initialize?prefCd=19&kikanCd=2190000290&kikanKbn=2", "url2": null, "内容": "望月医院【2:診療所】【診療科目:内科_循環器内科_小児科】山梨県甲州市勝沼町休息１２００－１" }, "geometry": { "type": "Point", "coordinates": [ 138.7141, 35.675515 ] } },
{ "type": "Feature", "properties": { "ID": 1922190000291, "正式名称": "医）いずみ会　池田内科小児科医院", "機関区分": 2, "都道府県コード": 19, "市区町村コード": 213, "所在地": "山梨県甲州市勝沼町勝沼２９６１", "緯度": 35.664404, "経度": 138.72135, "url": "https://www.iryou.teikyouseido.mhlw.go.jp/znk-web/juminkanja/S2430/initialize?prefCd=19&kikanCd=2190000291&kikanKbn=2", "url2": "http://www.ikeda-clinic.jp", "内容": "医）いずみ会　池田内科小児科医院【2:診療所】【診療科目:内科_呼吸器内科_アレルギー疾患内科_小児科_アレルギー科】山梨県甲州市勝沼町勝沼２９６１" }, "geometry": { "type": "Point", "coordinates": [ 138.72135, 35.664404 ] } },
{ "type": "Feature", "properties": { "ID": 1922190000292, "正式名称": "渡辺医院", "機関区分": 2, "都道府県コード": 19, "市区町村コード": 213, "所在地": "山梨県甲州市大和町初鹿野１８３５－２", "緯度": 35.639936, "経度": 138.784013, "url": "https://www.iryou.teikyouseido.mhlw.go.jp/znk-web/juminkanja/S2430/initialize?prefCd=19&kikanCd=2190000292&kikanKbn=2", "url2": null, "内容": "渡辺医院【2:診療所】【診療科目:内科_循環器内科】山梨県甲州市大和町初鹿野１８３５－２" }, "geometry": { "type": "Point", "coordinates": [ 138.784013, 35.639936 ] } },
{ "type": "Feature", "properties": { "ID": 1922190000293, "正式名称": "長坂整形外科・内科医院", "機関区分": 2, "都道府県コード": 19, "市区町村コード": 211, "所在地": "山梨県笛吹市石和町広瀬７１８", "緯度": 35.641544, "経度": 138.623415, "url": "https://www.iryou.teikyouseido.mhlw.go.jp/znk-web/juminkanja/S2430/initialize?prefCd=19&kikanCd=2190000293&kikanKbn=2", "url2": "https://www.nagasakaseikeigeka-naika.com/", "内容": "長坂整形外科・内科医院【2:診療所】【診療科目:内科_整形外科】山梨県笛吹市石和町広瀬７１８" }, "geometry": { "type": "Point", "coordinates": [ 138.623415, 35.641544 ] } },
{ "type": "Feature", "properties": { "ID": 1922190000294, "正式名称": "桧垣耳鼻咽喉科医院", "機関区分": 2, "都道府県コード": 19, "市区町村コード": 211, "所在地": "山梨県笛吹市石和町今井字参宮地１８８", "緯度": 35.632545, "経度": 138.605472, "url": "https://www.iryou.teikyouseido.mhlw.go.jp/znk-web/juminkanja/S2430/initialize?prefCd=19&kikanCd=2190000294&kikanKbn=2", "url2": null, "内容": "桧垣耳鼻咽喉科医院【2:診療所】【診療科目:耳鼻いんこう科_気管食道・耳鼻いんこう科_アレルギー科】山梨県笛吹市石和町今井字参宮地１８８" }, "geometry": { "type": "Point", "coordinates": [ 138.605472, 35.632545 ] } },
{ "type": "Feature", "properties": { "ID": 1922190000295, "正式名称": "磯山医院", "機関区分": 2, "都道府県コード": 19, "市区町村コード": 211, "所在地": "山梨県笛吹市石和町四日市場２０３１－１０６", "緯度": 35.644683, "経度": 138.625026, "url": "https://www.iryou.teikyouseido.mhlw.go.jp/znk-web/juminkanja/S2430/initialize?prefCd=19&kikanCd=2190000295&kikanKbn=2", "url2": "http://isoyama-iin.jp/", "内容": "磯山医院【2:診療所】【診療科目:内科_糖尿病内科_皮膚科】山梨県笛吹市石和町四日市場２０３１－１０６" }, "geometry": { "type": "Point", "coordinates": [ 138.625026, 35.644683 ] } },
{ "type": "Feature", "properties": { "ID": 1922190000297, "正式名称": "医療法人　玄風会　小林医院", "機関区分": 2, "都道府県コード": 19, "市区町村コード": 211, "所在地": "山梨県笛吹市石和町市部１０２１", "緯度": 35.649933, "経度": 138.64008, "url": "https://www.iryou.teikyouseido.mhlw.go.jp/znk-web/juminkanja/S2430/initialize?prefCd=19&kikanCd=2190000297&kikanKbn=2", "url2": "http://kobayashi-iin.webmedipr.jp/", "内容": "医療法人　玄風会　小林医院【2:診療所】【診療科目:内科_呼吸器内科_小児科_皮膚科_アレルギー科】山梨県笛吹市石和町市部１０２１" }, "geometry": { "type": "Point", "coordinates": [ 138.64008, 35.649933 ] } },
{ "type": "Feature", "properties": { "ID": 1922190000299, "正式名称": "医療法人　若月会　若月医院", "機関区分": 2, "都道府県コード": 19, "市区町村コード": 211, "所在地": "山梨県笛吹市石和町市部５９６－３", "緯度": 35.648822, "経度": 138.635469, "url": "https://www.iryou.teikyouseido.mhlw.go.jp/znk-web/juminkanja/S2430/initialize?prefCd=19&kikanCd=2190000299&kikanKbn=2", "url2": "http://www.wakatsuki.com/", "内容": "医療法人　若月会　若月医院【2:診療所】【診療科目:眼科_矯正歯科】山梨県笛吹市石和町市部５９６－３" }, "geometry": { "type": "Point", "coordinates": [ 138.635469, 35.648822 ] } },
{ "type": "Feature", "properties": { "ID": 1922190000302, "正式名称": "古屋眼科", "機関区分": 2, "都道府県コード": 19, "市区町村コード": 211, "所在地": "山梨県笛吹市石和町市部８２２－４１", "緯度": 35.652099, "経度": 138.635469, "url": "https://www.iryou.teikyouseido.mhlw.go.jp/znk-web/juminkanja/S2430/initialize?prefCd=19&kikanCd=2190000302&kikanKbn=2", "url2": null, "内容": "古屋眼科【2:診療所】【診療科目:眼科】山梨県笛吹市石和町市部８２２－４１" }, "geometry": { "type": "Point", "coordinates": [ 138.635469, 35.652099 ] } },
{ "type": "Feature", "properties": { "ID": 1922190000304, "正式名称": "医療法人　和仁会　長坂クリニック", "機関区分": 2, "都道府県コード": 19, "市区町村コード": 211, "所在地": "山梨県笛吹市石和町小石和２６４５", "緯度": 35.624574, "経度": 138.625499, "url": "https://www.iryou.teikyouseido.mhlw.go.jp/znk-web/juminkanja/S2430/initialize?prefCd=19&kikanCd=2190000304&kikanKbn=2", "url2": "https://naga9.jp/", "内容": "医療法人　和仁会　長坂クリニック【2:診療所】【診療科目:内科_小児科_産婦人科】山梨県笛吹市石和町小石和２６４５" }, "geometry": { "type": "Point", "coordinates": [ 138.625499, 35.624574 ] } },
{ "type": "Feature", "properties": { "ID": 1922190000305, "正式名称": "しむら医院", "機関区分": 2, "都道府県コード": 19, "市区町村コード": 211, "所在地": "山梨県笛吹市石和町東高橋１３１", "緯度": 35.635294, "経度": 138.604861, "url": "https://www.iryou.teikyouseido.mhlw.go.jp/znk-web/juminkanja/S2430/initialize?prefCd=19&kikanCd=2190000305&kikanKbn=2", "url2": "http://park3.wakwak.com/~shimura-iin", "内容": "しむら医院【2:診療所】【診療科目:内科_呼吸器内科_循環器内科_胃腸内科_小児科】山梨県笛吹市石和町東高橋１３１" }, "geometry": { "type": "Point", "coordinates": [ 138.604861, 35.635294 ] } },
{ "type": "Feature", "properties": { "ID": 1922190000306, "正式名称": "医療法人禮雅会石和南整形外科クリニック", "機関区分": 2, "都道府県コード": 19, "市区町村コード": 211, "所在地": "山梨県笛吹市石和町東油川３１９－１", "緯度": 35.619685, "経度": 138.600779, "url": "https://www.iryou.teikyouseido.mhlw.go.jp/znk-web/juminkanja/S2430/initialize?prefCd=19&kikanCd=2190000306&kikanKbn=2", "url2": null, "内容": "医療法人禮雅会石和南整形外科クリニック【2:診療所】【診療科目:整形外科_リハビリテーション科】山梨県笛吹市石和町東油川３１９－１" }, "geometry": { "type": "Point", "coordinates": [ 138.600779, 35.619685 ] } },
{ "type": "Feature", "properties": { "ID": 1922190000307, "正式名称": "三枝クリニック", "機関区分": 2, "都道府県コード": 19, "市区町村コード": 211, "所在地": "山梨県笛吹市石和町河内３７－２", "緯度": 35.631656, "経度": 138.611861, "url": "https://www.iryou.teikyouseido.mhlw.go.jp/znk-web/juminkanja/S2430/initialize?prefCd=19&kikanCd=2190000307&kikanKbn=2", "url2": "https://saegusa-clinic.com/", "内容": "三枝クリニック【2:診療所】【診療科目:内科_消化器内科_小児科】山梨県笛吹市石和町河内３７－２" }, "geometry": { "type": "Point", "coordinates": [ 138.611861, 35.631656 ] } },
{ "type": "Feature", "properties": { "ID": 1922190000308, "正式名称": "古屋医院", "機関区分": 2, "都道府県コード": 19, "市区町村コード": 211, "所在地": "山梨県笛吹市御坂町夏目原７５０－１", "緯度": 35.624908, "経度": 138.660357, "url": "https://www.iryou.teikyouseido.mhlw.go.jp/znk-web/juminkanja/S2430/initialize?prefCd=19&kikanCd=2190000308&kikanKbn=2", "url2": "http://www2.plala.or.jp/furuyaclinic/", "内容": "古屋医院【2:診療所】【診療科目:内科】山梨県笛吹市御坂町夏目原７５０－１" }, "geometry": { "type": "Point", "coordinates": [ 138.660357, 35.624908 ] } },
{ "type": "Feature", "properties": { "ID": 1922190000309, "正式名称": "医療法人徹也会　篠原医院", "機関区分": 2, "都道府県コード": 19, "市区町村コード": 211, "所在地": "山梨県笛吹市御坂町栗合１６８", "緯度": 35.622658, "経度": 138.665996, "url": "https://www.iryou.teikyouseido.mhlw.go.jp/znk-web/juminkanja/S2430/initialize?prefCd=19&kikanCd=2190000309&kikanKbn=2", "url2": null, "内容": "医療法人徹也会　篠原医院【2:診療所】【診療科目:内科_小児科_皮膚科】山梨県笛吹市御坂町栗合１６８" }, "geometry": { "type": "Point", "coordinates": [ 138.665996, 35.622658 ] } },
{ "type": "Feature", "properties": { "ID": 1922190000310, "正式名称": "御坂共立診療所", "機関区分": 2, "都道府県コード": 19, "市区町村コード": 211, "所在地": "山梨県笛吹市御坂町八千蔵５３８－１", "緯度": 35.620853, "経度": 138.661524, "url": "https://www.iryou.teikyouseido.mhlw.go.jp/znk-web/juminkanja/S2430/initialize?prefCd=19&kikanCd=2190000310&kikanKbn=2", "url2": "http://www.yamanashi-min.jp/kinikyou/medical/sinryoujyo/misaka.html", "内容": "御坂共立診療所【2:診療所】【診療科目:内科】山梨県笛吹市御坂町八千蔵５３８－１" }, "geometry": { "type": "Point", "coordinates": [ 138.661524, 35.620853 ] } },
{ "type": "Feature", "properties": { "ID": 1922190000311, "正式名称": "弦間医院", "機関区分": 2, "都道府県コード": 19, "市区町村コード": 211, "所在地": "山梨県笛吹市一宮町末木８６４－２", "緯度": 35.647073, "経度": 138.692881, "url": "https://www.iryou.teikyouseido.mhlw.go.jp/znk-web/juminkanja/S2430/initialize?prefCd=19&kikanCd=2190000311&kikanKbn=2", "url2": null, "内容": "弦間医院【2:診療所】【診療科目:内科_小児科】山梨県笛吹市一宮町末木８６４－２" }, "geometry": { "type": "Point", "coordinates": [ 138.692881, 35.647073 ] } },
{ "type": "Feature", "properties": { "ID": 1922190000312, "正式名称": "八代戸田内科クリニック", "機関区分": 2, "都道府県コード": 19, "市区町村コード": 211, "所在地": "山梨県笛吹市八代町高家３０４－１", "緯度": 35.611159, "経度": 138.652442, "url": "https://www.iryou.teikyouseido.mhlw.go.jp/znk-web/juminkanja/S2430/initialize?prefCd=19&kikanCd=2190000312&kikanKbn=2", "url2": "https://www.y-t-clinic.com/", "内容": "八代戸田内科クリニック【2:診療所】【診療科目:内科】山梨県笛吹市八代町高家３０４－１" }, "geometry": { "type": "Point", "coordinates": [ 138.652442, 35.611159 ] } },
{ "type": "Feature", "properties": { "ID": 1922190000314, "正式名称": "花の丘たちかわクリニック", "機関区分": 2, "都道府県コード": 19, "市区町村コード": 211, "所在地": "山梨県笛吹市境川町大坪１０３", "緯度": 35.609242, "経度": 138.609668, "url": "https://www.iryou.teikyouseido.mhlw.go.jp/znk-web/juminkanja/S2430/initialize?prefCd=19&kikanCd=2190000314&kikanKbn=2", "url2": "https://hananooka.com", "内容": "花の丘たちかわクリニック【2:診療所】【診療科目:内科_婦人科_リハビリテーション科】山梨県笛吹市境川町大坪１０３" }, "geometry": { "type": "Point", "coordinates": [ 138.609668, 35.609242 ] } },
{ "type": "Feature", "properties": { "ID": 1922190000315, "正式名称": "境川診療所", "機関区分": 2, "都道府県コード": 19, "市区町村コード": 211, "所在地": "山梨県笛吹市境川町石橋２２０７－１", "緯度": 35.601521, "経度": 138.619556, "url": "https://www.iryou.teikyouseido.mhlw.go.jp/znk-web/juminkanja/S2430/initialize?prefCd=19&kikanCd=2190000315&kikanKbn=2", "url2": null, "内容": "境川診療所【2:診療所】【診療科目:内科】山梨県笛吹市境川町石橋２２０７－１" }, "geometry": { "type": "Point", "coordinates": [ 138.619556, 35.601521 ] } },
{ "type": "Feature", "properties": { "ID": 1922190000316, "正式名称": "北野医院", "機関区分": 2, "都道府県コード": 19, "市区町村コード": 201, "所在地": "山梨県甲府市下曽根町７８１－１", "緯度": 35.592855, "経度": 138.57781, "url": "https://www.iryou.teikyouseido.mhlw.go.jp/znk-web/juminkanja/S2430/initialize?prefCd=19&kikanCd=2190000316&kikanKbn=2", "url2": null, "内容": "北野医院【2:診療所】【診療科目:内科_消化器内科】山梨県甲府市下曽根町７８１－１" }, "geometry": { "type": "Point", "coordinates": [ 138.57781, 35.592855 ] } },
{ "type": "Feature", "properties": { "ID": 1922190000318, "正式名称": "若葉クリニック", "機関区分": 2, "都道府県コード": 19, "市区町村コード": 214, "所在地": "山梨県中央市浅利１６８６－２", "緯度": 35.584688, "経度": 138.547729, "url": "https://www.iryou.teikyouseido.mhlw.go.jp/znk-web/juminkanja/S2430/initialize?prefCd=19&kikanCd=2190000318&kikanKbn=2", "url2": "http://www.wakabasan.com", "内容": "若葉クリニック【2:診療所】【診療科目:内科_循環器内科_消化器内科_外科】山梨県中央市浅利１６８６－２" }, "geometry": { "type": "Point", "coordinates": [ 138.547729, 35.584688 ] } },
{ "type": "Feature", "properties": { "ID": 1922190000320, "正式名称": "市川三郷町営国民健康保険診療所", "機関区分": 2, "都道府県コード": 19, "市区町村コード": 346, "所在地": "山梨県西八代郡市川三郷町上野２７３１－１", "緯度": 35.564301, "経度": 138.515761, "url": "https://www.iryou.teikyouseido.mhlw.go.jp/znk-web/juminkanja/S2430/initialize?prefCd=19&kikanCd=2190000320&kikanKbn=2", "url2": null, "内容": "市川三郷町営国民健康保険診療所【2:診療所】【診療科目:内科_整形外科】山梨県西八代郡市川三郷町上野２７３１－１" }, "geometry": { "type": "Point", "coordinates": [ 138.515761, 35.564301 ] } },
{ "type": "Feature", "properties": { "ID": 1922190000322, "正式名称": "医療法人みぞべ会　溝部医院", "機関区分": 2, "都道府県コード": 19, "市区町村コード": 346, "所在地": "山梨県西八代郡市川三郷町市川大門１２３５", "緯度": 35.562689, "経度": 138.502512, "url": "https://www.iryou.teikyouseido.mhlw.go.jp/znk-web/juminkanja/S2430/initialize?prefCd=19&kikanCd=2190000322&kikanKbn=2", "url2": "http://www.yamanashi.med.or.jp/nishiyatushiro/", "内容": "医療法人みぞべ会　溝部医院【2:診療所】【診療科目:内科_呼吸器内科_循環器内科_消化器内科_小児科_皮膚科_アレルギー科】山梨県西八代郡市川三郷町市川大門１２３５" }, "geometry": { "type": "Point", "coordinates": [ 138.502512, 35.562689 ] } },
{ "type": "Feature", "properties": { "ID": 1922190000323, "正式名称": "一瀬医院", "機関区分": 2, "都道府県コード": 19, "市区町村コード": 346, "所在地": "山梨県西八代郡市川三郷町市川大門７５７－１", "緯度": 35.562106, "経度": 138.496291, "url": "https://www.iryou.teikyouseido.mhlw.go.jp/znk-web/juminkanja/S2430/initialize?prefCd=19&kikanCd=2190000323&kikanKbn=2", "url2": null, "内容": "一瀬医院【2:診療所】【診療科目:内科_外科_整形外科_小児科_リハビリテーション科】山梨県西八代郡市川三郷町市川大門７５７－１" }, "geometry": { "type": "Point", "coordinates": [ 138.496291, 35.562106 ] } },
{ "type": "Feature", "properties": { "ID": 1922190000324, "正式名称": "立川医院", "機関区分": 2, "都道府県コード": 19, "市区町村コード": 346, "所在地": "山梨県西八代郡市川三郷町高田２４５８", "緯度": 35.558119, "経度": 138.487641, "url": "https://www.iryou.teikyouseido.mhlw.go.jp/znk-web/juminkanja/S2430/initialize?prefCd=19&kikanCd=2190000324&kikanKbn=2", "url2": null, "内容": "立川医院【2:診療所】【診療科目:内科_消化器内科_小児科】山梨県西八代郡市川三郷町高田２４５８" }, "geometry": { "type": "Point", "coordinates": [ 138.487641, 35.558119 ] } },
{ "type": "Feature", "properties": { "ID": 1922190000326, "正式名称": "高橋医院", "機関区分": 2, "都道府県コード": 19, "市区町村コード": 346, "所在地": "山梨県西八代郡市川三郷町岩間１８９０", "緯度": 35.49628, "経度": 138.459797, "url": "https://www.iryou.teikyouseido.mhlw.go.jp/znk-web/juminkanja/S2430/initialize?prefCd=19&kikanCd=2190000326&kikanKbn=2", "url2": null, "内容": "高橋医院【2:診療所】【診療科目:内科_外科_小児科】山梨県西八代郡市川三郷町岩間１８９０" }, "geometry": { "type": "Point", "coordinates": [ 138.459797, 35.49628 ] } },
{ "type": "Feature", "properties": { "ID": 1922190000327, "正式名称": "医療法人　いその会　磯野医院", "機関区分": 2, "都道府県コード": 19, "市区町村コード": 346, "所在地": "山梨県西八代郡市川三郷町岩間２１３８", "緯度": 35.493141, "経度": 138.460602, "url": "https://www.iryou.teikyouseido.mhlw.go.jp/znk-web/juminkanja/S2430/initialize?prefCd=19&kikanCd=2190000327&kikanKbn=2", "url2": "https://www.isomayu.com", "内容": "医療法人　いその会　磯野医院【2:診療所】【診療科目:内科_消化器内科_整形外科_小児科_リハビリテーション科】山梨県西八代郡市川三郷町岩間２１３８" }, "geometry": { "type": "Point", "coordinates": [ 138.460602, 35.493141 ] } },
{ "type": "Feature", "properties": { "ID": 1922190000328, "正式名称": "身延町営古関診療所", "機関区分": 2, "都道府県コード": 19, "市区町村コード": 365, "所在地": "山梨県南巨摩郡身延町古関２４３７", "緯度": 35.476505, "経度": 138.524236, "url": "https://www.iryou.teikyouseido.mhlw.go.jp/znk-web/juminkanja/S2430/initialize?prefCd=19&kikanCd=2190000328&kikanKbn=2", "url2": null, "内容": "身延町営古関診療所【2:診療所】【診療科目:内科】山梨県南巨摩郡身延町古関２４３７" }, "geometry": { "type": "Point", "coordinates": [ 138.524236, 35.476505 ] } },
{ "type": "Feature", "properties": { "ID": 1922190000329, "正式名称": "身延町営久那土診療所", "機関区分": 2, "都道府県コード": 19, "市区町村コード": 365, "所在地": "山梨県南巨摩郡身延町車田１１１４", "緯度": 35.482726, "経度": 138.483684, "url": "https://www.iryou.teikyouseido.mhlw.go.jp/znk-web/juminkanja/S2430/initialize?prefCd=19&kikanCd=2190000329&kikanKbn=2", "url2": null, "内容": "身延町営久那土診療所【2:診療所】【診療科目:内科】山梨県南巨摩郡身延町車田１１１４" }, "geometry": { "type": "Point", "coordinates": [ 138.483684, 35.482726 ] } },
{ "type": "Feature", "properties": { "ID": 1922190000330, "正式名称": "身延町営下部診療所", "機関区分": 2, "都道府県コード": 19, "市区町村コード": 365, "所在地": "山梨県南巨摩郡身延町常葉１０３１－１", "緯度": 35.446008, "経度": 138.480075, "url": "https://www.iryou.teikyouseido.mhlw.go.jp/znk-web/juminkanja/S2430/initialize?prefCd=19&kikanCd=2190000330&kikanKbn=2", "url2": null, "内容": "身延町営下部診療所【2:診療所】【診療科目:内科】山梨県南巨摩郡身延町常葉１０３１－１" }, "geometry": { "type": "Point", "coordinates": [ 138.480075, 35.446008 ] } },
{ "type": "Feature", "properties": { "ID": 1922190000331, "正式名称": "医療法人小野皮膚科医院", "機関区分": 2, "都道府県コード": 19, "市区町村コード": 368, "所在地": "山梨県南巨摩郡富士川町最勝寺１２７６－４", "緯度": 35.555329, "経度": 138.461877, "url": "https://www.iryou.teikyouseido.mhlw.go.jp/znk-web/juminkanja/S2430/initialize?prefCd=19&kikanCd=2190000331&kikanKbn=2", "url2": null, "内容": "医療法人小野皮膚科医院【2:診療所】【診療科目:皮膚科】山梨県南巨摩郡富士川町最勝寺１２７６－４" }, "geometry": { "type": "Point", "coordinates": [ 138.461877, 35.555329 ] } },
{ "type": "Feature", "properties": { "ID": 1922190000333, "正式名称": "医療法人　快療会　くつま整形外科医院", "機関区分": 2, "都道府県コード": 19, "市区町村コード": 368, "所在地": "山梨県南巨摩郡富士川町青柳町１１３６－１", "緯度": 35.559023, "経度": 138.469876, "url": "https://www.iryou.teikyouseido.mhlw.go.jp/znk-web/juminkanja/S2430/initialize?prefCd=19&kikanCd=2190000333&kikanKbn=2", "url2": "https://www.kairyoukai.org/", "内容": "医療法人　快療会　くつま整形外科医院【2:診療所】【診療科目:整形外科_リウマチ科_リハビリテーション科】山梨県南巨摩郡富士川町青柳町１１３６－１" }, "geometry": { "type": "Point", "coordinates": [ 138.469876, 35.559023 ] } },
{ "type": "Feature", "properties": { "ID": 1922190000335, "正式名称": "くぼた内科胃腸科医院", "機関区分": 2, "都道府県コード": 19, "市区町村コード": 368, "所在地": "山梨県南巨摩郡富士川町青柳町５０", "緯度": 35.564217, "経度": 138.464321, "url": "https://www.iryou.teikyouseido.mhlw.go.jp/znk-web/juminkanja/S2430/initialize?prefCd=19&kikanCd=2190000335&kikanKbn=2", "url2": null, "内容": "くぼた内科胃腸科医院【2:診療所】【診療科目:内科_消化器内科_胃腸内科】山梨県南巨摩郡富士川町青柳町５０" }, "geometry": { "type": "Point", "coordinates": [ 138.464321, 35.564217 ] } },
{ "type": "Feature", "properties": { "ID": 1922190000343, "正式名称": "身延町国民健康保険大須成診療所", "機関区分": 2, "都道府県コード": 19, "市区町村コード": 365, "所在地": "山梨県南巨摩郡身延町大塩１３９８－１", "緯度": 35.486113, "経度": 138.421661, "url": "https://www.iryou.teikyouseido.mhlw.go.jp/znk-web/juminkanja/S2430/initialize?prefCd=19&kikanCd=2190000343&kikanKbn=2", "url2": null, "内容": "身延町国民健康保険大須成診療所【2:診療所】【診療科目:内科】山梨県南巨摩郡身延町大塩１３９８－１" }, "geometry": { "type": "Point", "coordinates": [ 138.421661, 35.486113 ] } },
{ "type": "Feature", "properties": { "ID": 1922190000344, "正式名称": "身延町国民健康保険曙診療所", "機関区分": 2, "都道府県コード": 19, "市区町村コード": 365, "所在地": "山梨県南巨摩郡身延町古長谷５４２", "緯度": 35.450506, "経度": 138.406581, "url": "https://www.iryou.teikyouseido.mhlw.go.jp/znk-web/juminkanja/S2430/initialize?prefCd=19&kikanCd=2190000344&kikanKbn=2", "url2": null, "内容": "身延町国民健康保険曙診療所【2:診療所】【診療科目:内科】山梨県南巨摩郡身延町古長谷５４２" }, "geometry": { "type": "Point", "coordinates": [ 138.406581, 35.450506 ] } },
{ "type": "Feature", "properties": { "ID": 1922190000345, "正式名称": "雨畑出張診療所", "機関区分": 2, "都道府県コード": 19, "市区町村コード": 364, "所在地": "山梨県南巨摩郡早川町雨畑２３５８", "緯度": 35.394732, "経度": 138.32484, "url": "https://www.iryou.teikyouseido.mhlw.go.jp/znk-web/juminkanja/S2430/initialize?prefCd=19&kikanCd=2190000345&kikanKbn=2", "url2": null, "内容": "雨畑出張診療所【2:診療所】【診療科目:内科】山梨県南巨摩郡早川町雨畑２３５８" }, "geometry": { "type": "Point", "coordinates": [ 138.32484, 35.394732 ] } },
{ "type": "Feature", "properties": { "ID": 1922190000346, "正式名称": "硯島診療所", "機関区分": 2, "都道府県コード": 19, "市区町村コード": 364, "所在地": "山梨県南巨摩郡早川町雨畑１２", "緯度": 35.411592, "経度": 138.357753, "url": "https://www.iryou.teikyouseido.mhlw.go.jp/znk-web/juminkanja/S2430/initialize?prefCd=19&kikanCd=2190000346&kikanKbn=2", "url2": null, "内容": "硯島診療所【2:診療所】【診療科目:内科】山梨県南巨摩郡早川町雨畑１２" }, "geometry": { "type": "Point", "coordinates": [ 138.357753, 35.411592 ] } },
{ "type": "Feature", "properties": { "ID": 1922190000347, "正式名称": "三共診療所", "機関区分": 2, "都道府県コード": 19, "市区町村コード": 364, "所在地": "山梨県南巨摩郡早川町新倉１３３", "緯度": 35.484195, "経度": 138.331613, "url": "https://www.iryou.teikyouseido.mhlw.go.jp/znk-web/juminkanja/S2430/initialize?prefCd=19&kikanCd=2190000347&kikanKbn=2", "url2": null, "内容": "三共診療所【2:診療所】【診療科目:内科】山梨県南巨摩郡早川町新倉１３３" }, "geometry": { "type": "Point", "coordinates": [ 138.331613, 35.484195 ] } },
{ "type": "Feature", "properties": { "ID": 1922190000348, "正式名称": "都川出張診療所", "機関区分": 2, "都道府県コード": 19, "市区町村コード": 364, "所在地": "山梨県南巨摩郡早川町草塩８８", "緯度": 35.427896, "経度": 138.342448, "url": "https://www.iryou.teikyouseido.mhlw.go.jp/znk-web/juminkanja/S2430/initialize?prefCd=19&kikanCd=2190000348&kikanKbn=2", "url2": null, "内容": "都川出張診療所【2:診療所】【診療科目:内科】山梨県南巨摩郡早川町草塩８８" }, "geometry": { "type": "Point", "coordinates": [ 138.342448, 35.427896 ] } },
{ "type": "Feature", "properties": { "ID": 1922190000349, "正式名称": "西山出張診療所", "機関区分": 2, "都道府県コード": 19, "市区町村コード": 364, "所在地": "山梨県南巨摩郡早川町湯島１３７８", "緯度": 35.531884, "経度": 138.308779, "url": "https://www.iryou.teikyouseido.mhlw.go.jp/znk-web/juminkanja/S2430/initialize?prefCd=19&kikanCd=2190000349&kikanKbn=2", "url2": null, "内容": "西山出張診療所【2:診療所】【診療科目:内科】山梨県南巨摩郡早川町湯島１３７８" }, "geometry": { "type": "Point", "coordinates": [ 138.308779, 35.531884 ] } },
{ "type": "Feature", "properties": { "ID": 1922190000350, "正式名称": "五箇出張診療所", "機関区分": 2, "都道府県コード": 19, "市区町村コード": 364, "所在地": "山梨県南巨摩郡早川町薬袋４３０", "緯度": 35.415398, "経度": 138.366475, "url": "https://www.iryou.teikyouseido.mhlw.go.jp/znk-web/juminkanja/S2430/initialize?prefCd=19&kikanCd=2190000350&kikanKbn=2", "url2": null, "内容": "五箇出張診療所【2:診療所】【診療科目:内科】山梨県南巨摩郡早川町薬袋４３０" }, "geometry": { "type": "Point", "coordinates": [ 138.366475, 35.415398 ] } },
{ "type": "Feature", "properties": { "ID": 1922190000354, "正式名称": "高橋医院", "機関区分": 2, "都道府県コード": 19, "市区町村コード": 365, "所在地": "山梨県南巨摩郡身延町梅平２４０８", "緯度": 35.37082, "経度": 138.439859, "url": "https://www.iryou.teikyouseido.mhlw.go.jp/znk-web/juminkanja/S2430/initialize?prefCd=19&kikanCd=2190000354&kikanKbn=2", "url2": null, "内容": "高橋医院【2:診療所】【診療科目:内科_外科】山梨県南巨摩郡身延町梅平２４０８" }, "geometry": { "type": "Point", "coordinates": [ 138.439859, 35.37082 ] } },
{ "type": "Feature", "properties": { "ID": 1922190000355, "正式名称": "南部町佐野診療所", "機関区分": 2, "都道府県コード": 19, "市区町村コード": 366, "所在地": "山梨県南巨摩郡南部町上佐野１９３－１", "緯度": 35.313105, "経度": 138.499607, "url": "https://www.iryou.teikyouseido.mhlw.go.jp/znk-web/juminkanja/S2430/initialize?prefCd=19&kikanCd=2190000355&kikanKbn=2", "url2": null, "内容": "南部町佐野診療所【2:診療所】【診療科目:内科】山梨県南巨摩郡南部町上佐野１９３－１" }, "geometry": { "type": "Point", "coordinates": [ 138.499607, 35.313105 ] } },
{ "type": "Feature", "properties": { "ID": 1922190000357, "正式名称": "南部町国民健康保険診療所", "機関区分": 2, "都道府県コード": 19, "市区町村コード": 366, "所在地": "山梨県南巨摩郡南部町南部８０５０－１", "緯度": 35.292107, "経度": 138.453085, "url": "https://www.iryou.teikyouseido.mhlw.go.jp/znk-web/juminkanja/S2430/initialize?prefCd=19&kikanCd=2190000357&kikanKbn=2", "url2": "http://www.town.nanbu.yamanashi.jp", "内容": "南部町国民健康保険診療所【2:診療所】【診療科目:内科_外科_整形外科_小児科_精神科】山梨県南巨摩郡南部町南部８０５０－１" }, "geometry": { "type": "Point", "coordinates": [ 138.453085, 35.292107 ] } },
{ "type": "Feature", "properties": { "ID": 1922190000358, "正式名称": "富河医院", "機関区分": 2, "都道府県コード": 19, "市区町村コード": 366, "所在地": "山梨県南巨摩郡南部町福士１９２３", "緯度": 35.249945, "経度": 138.4795, "url": "https://www.iryou.teikyouseido.mhlw.go.jp/znk-web/juminkanja/S2430/initialize?prefCd=19&kikanCd=2190000358&kikanKbn=2", "url2": null, "内容": "富河医院【2:診療所】【診療科目:内科_外科】山梨県南巨摩郡南部町福士１９２３" }, "geometry": { "type": "Point", "coordinates": [ 138.4795, 35.249945 ] } },
{ "type": "Feature", "properties": { "ID": 1922190000361, "正式名称": "笹本クリニック", "機関区分": 2, "都道府県コード": 19, "市区町村コード": 208, "所在地": "山梨県南アルプス市下宮地４３３－１", "緯度": 35.604018, "経度": 138.462374, "url": "https://www.iryou.teikyouseido.mhlw.go.jp/znk-web/juminkanja/S2430/initialize?prefCd=19&kikanCd=2190000361&kikanKbn=2", "url2": "http://www.yamanashi.med.or.jp/nakakoma/", "内容": "笹本クリニック【2:診療所】【診療科目:内科_整形外科_心療内科】山梨県南アルプス市下宮地４３３－１" }, "geometry": { "type": "Point", "coordinates": [ 138.462374, 35.604018 ] } },
{ "type": "Feature", "properties": { "ID": 1922190000364, "正式名称": "津久井胃腸科医院", "機関区分": 2, "都道府県コード": 19, "市区町村コード": 208, "所在地": "山梨県南アルプス市加賀美２８８５", "緯度": 35.605219, "経度": 138.487416, "url": "https://www.iryou.teikyouseido.mhlw.go.jp/znk-web/juminkanja/S2430/initialize?prefCd=19&kikanCd=2190000364&kikanKbn=2", "url2": "http://tsukui-clinic.com/", "内容": "津久井胃腸科医院【2:診療所】【診療科目:内科_外科】山梨県南アルプス市加賀美２８８５" }, "geometry": { "type": "Point", "coordinates": [ 138.487416, 35.605219 ] } },
{ "type": "Feature", "properties": { "ID": 1922190000365, "正式名称": "小川皮膚科クリニック", "機関区分": 2, "都道府県コード": 19, "市区町村コード": 208, "所在地": "山梨県南アルプス市加賀美３２５８", "緯度": 35.601185, "経度": 138.489511, "url": "https://www.iryou.teikyouseido.mhlw.go.jp/znk-web/juminkanja/S2430/initialize?prefCd=19&kikanCd=2190000365&kikanKbn=2", "url2": null, "内容": "小川皮膚科クリニック【2:診療所】【診療科目:皮膚科】山梨県南アルプス市加賀美３２５８" }, "geometry": { "type": "Point", "coordinates": [ 138.489511, 35.601185 ] } },
{ "type": "Feature", "properties": { "ID": 1922190000366, "正式名称": "医療法人ぽすと会　クリニックいのうえ", "機関区分": 2, "都道府県コード": 19, "市区町村コード": 208, "所在地": "山梨県南アルプス市吉田１２６０－８", "緯度": 35.623628, "経度": 138.48726, "url": "https://www.iryou.teikyouseido.mhlw.go.jp/znk-web/juminkanja/S2430/initialize?prefCd=19&kikanCd=2190000366&kikanKbn=2", "url2": "http://c-inoue.jp", "内容": "医療法人ぽすと会　クリニックいのうえ【2:診療所】【診療科目:内科_胃腸内科_外科】山梨県南アルプス市吉田１２６０－８" }, "geometry": { "type": "Point", "coordinates": [ 138.48726, 35.623628 ] } },
{ "type": "Feature", "properties": { "ID": 1922190000367, "正式名称": "志村内科医院", "機関区分": 2, "都道府県コード": 19, "市区町村コード": 208, "所在地": "山梨県南アルプス市荊沢４１０", "緯度": 35.583326, "経度": 138.465264, "url": "https://www.iryou.teikyouseido.mhlw.go.jp/znk-web/juminkanja/S2430/initialize?prefCd=19&kikanCd=2190000367&kikanKbn=2", "url2": "https://www.shimuranaika.com", "内容": "志村内科医院【2:診療所】【診療科目:内科_消化器内科_胃腸内科_内視鏡内科_麻酔科】山梨県南アルプス市荊沢４１０" }, "geometry": { "type": "Point", "coordinates": [ 138.465264, 35.583326 ] } },
{ "type": "Feature", "properties": { "ID": 1922190000369, "正式名称": "小林内科クリニック", "機関区分": 2, "都道府県コード": 19, "市区町村コード": 208, "所在地": "山梨県南アルプス市江原１５９５－１", "緯度": 35.602296, "経度": 138.468985, "url": "https://www.iryou.teikyouseido.mhlw.go.jp/znk-web/juminkanja/S2430/initialize?prefCd=19&kikanCd=2190000369&kikanKbn=2", "url2": null, "内容": "小林内科クリニック【2:診療所】【診療科目:内科_循環器内科】山梨県南アルプス市江原１５９５－１" }, "geometry": { "type": "Point", "coordinates": [ 138.468985, 35.602296 ] } },
{ "type": "Feature", "properties": { "ID": 1922190000370, "正式名称": "医療法人　藤和会　齊藤医院", "機関区分": 2, "都道府県コード": 19, "市区町村コード": 208, "所在地": "山梨県南アルプス市在家塚１１８９", "緯度": 35.642347, "経度": 138.464344, "url": "https://www.iryou.teikyouseido.mhlw.go.jp/znk-web/juminkanja/S2430/initialize?prefCd=19&kikanCd=2190000370&kikanKbn=2", "url2": "https://www.saito-clinic1189.com/home", "内容": "医療法人　藤和会　齊藤医院【2:診療所】【診療科目:内科_消化器内科】山梨県南アルプス市在家塚１１８９" }, "geometry": { "type": "Point", "coordinates": [ 138.464344, 35.642347 ] } },
{ "type": "Feature", "properties": { "ID": 1922190000373, "正式名称": "近藤医院", "機関区分": 2, "都道府県コード": 19, "市区町村コード": 208, "所在地": "山梨県南アルプス市小笠原１５６０－２", "緯度": 35.614544, "経度": 138.467235, "url": "https://www.iryou.teikyouseido.mhlw.go.jp/znk-web/juminkanja/S2430/initialize?prefCd=19&kikanCd=2190000373&kikanKbn=2", "url2": "https://www.kondou-iin.com", "内容": "近藤医院【2:診療所】【診療科目:性感染症内科_小児皮膚科_小児泌尿器科_皮膚科_皮膚泌尿器科_泌尿器科_男性泌尿器科】山梨県南アルプス市小笠原１５６０－２" }, "geometry": { "type": "Point", "coordinates": [ 138.467235, 35.614544 ] } },
{ "type": "Feature", "properties": { "ID": 1922190000374, "正式名称": "青沼整形外科", "機関区分": 2, "都道府県コード": 19, "市区町村コード": 208, "所在地": "山梨県南アルプス市小笠原１６１１－１", "緯度": 35.610795, "経度": 138.468596, "url": "https://www.iryou.teikyouseido.mhlw.go.jp/znk-web/juminkanja/S2430/initialize?prefCd=19&kikanCd=2190000374&kikanKbn=2", "url2": "http://www.aonumaseikeigeka.com", "内容": "青沼整形外科【2:診療所】【診療科目:内科_整形外科_形成外科_リウマチ科_リハビリテーション科_放射線科】山梨県南アルプス市小笠原１６１１－１" }, "geometry": { "type": "Point", "coordinates": [ 138.468596, 35.610795 ] } },
{ "type": "Feature", "properties": { "ID": 1922190000375, "正式名称": "小池医院", "機関区分": 2, "都道府県コード": 19, "市区町村コード": 208, "所在地": "山梨県南アルプス市小笠原１７１８－４", "緯度": 35.615239, "経度": 138.470679, "url": "https://www.iryou.teikyouseido.mhlw.go.jp/znk-web/juminkanja/S2430/initialize?prefCd=19&kikanCd=2190000375&kikanKbn=2", "url2": "http://www.koike-med.com/", "内容": "小池医院【2:診療所】【診療科目:内科_循環器内科】山梨県南アルプス市小笠原１７１８－４" }, "geometry": { "type": "Point", "coordinates": [ 138.470679, 35.615239 ] } },
{ "type": "Feature", "properties": { "ID": 1922190000377, "正式名称": "堀内眼科", "機関区分": 2, "都道府県コード": 19, "市区町村コード": 208, "所在地": "山梨県南アルプス市小笠原３８６", "緯度": 35.609268, "経度": 138.463319, "url": "https://www.iryou.teikyouseido.mhlw.go.jp/znk-web/juminkanja/S2430/initialize?prefCd=19&kikanCd=2190000377&kikanKbn=2", "url2": "horiuchi-ganka.com", "内容": "堀内眼科【2:診療所】【診療科目:眼科】山梨県南アルプス市小笠原３８６" }, "geometry": { "type": "Point", "coordinates": [ 138.463319, 35.609268 ] } },
{ "type": "Feature", "properties": { "ID": 1922190000384, "正式名称": "飯村医院", "機関区分": 2, "都道府県コード": 19, "市区町村コード": 208, "所在地": "山梨県南アルプス市飯野２９３０－１", "緯度": 35.640041, "経度": 138.460484, "url": "https://www.iryou.teikyouseido.mhlw.go.jp/znk-web/juminkanja/S2430/initialize?prefCd=19&kikanCd=2190000384&kikanKbn=2", "url2": "http://www.iimura-clinic.jp/", "内容": "飯村医院【2:診療所】【診療科目:内科】山梨県南アルプス市飯野２９３０－１" }, "geometry": { "type": "Point", "coordinates": [ 138.460484, 35.640041 ] } },
{ "type": "Feature", "properties": { "ID": 1922190000391, "正式名称": "秋山脳外科", "機関区分": 2, "都道府県コード": 19, "市区町村コード": 207, "所在地": "山梨県韮崎市大草町若尾１３３０", "緯度": 35.698202, "経度": 138.448788, "url": "https://www.iryou.teikyouseido.mhlw.go.jp/znk-web/juminkanja/S2430/initialize?prefCd=19&kikanCd=2190000391&kikanKbn=2", "url2": "http://www.akiyama-nougeka.or.jp/", "内容": "秋山脳外科【2:診療所】【診療科目:外科_脳神経外科_整形外科_リハビリテーション科】山梨県韮崎市大草町若尾１３３０" }, "geometry": { "type": "Point", "coordinates": [ 138.448788, 35.698202 ] } },
{ "type": "Feature", "properties": { "ID": 1922190000392, "正式名称": "野口外科胃腸科", "機関区分": 2, "都道府県コード": 19, "市区町村コード": 207, "所在地": "山梨県韮崎市中田町中條１４３３", "緯度": 35.744669, "経度": 138.440426, "url": "https://www.iryou.teikyouseido.mhlw.go.jp/znk-web/juminkanja/S2430/initialize?prefCd=19&kikanCd=2190000392&kikanKbn=2", "url2": null, "内容": "野口外科胃腸科【2:診療所】【診療科目:内科_呼吸器内科_胃腸内科_外科_整形外科_放射線科】山梨県韮崎市中田町中條１４３３" }, "geometry": { "type": "Point", "coordinates": [ 138.440426, 35.744669 ] } },
{ "type": "Feature", "properties": { "ID": 1922190000393, "正式名称": "ますやま整形外科クリニック", "機関区分": 2, "都道府県コード": 19, "市区町村コード": 207, "所在地": "山梨県韮崎市藤井町南下條３９５", "緯度": 35.719256, "経度": 138.449509, "url": "https://www.iryou.teikyouseido.mhlw.go.jp/znk-web/juminkanja/S2430/initialize?prefCd=19&kikanCd=2190000393&kikanKbn=2", "url2": null, "内容": "ますやま整形外科クリニック【2:診療所】【診療科目:整形外科_リウマチ科_リハビリテーション科】山梨県韮崎市藤井町南下條３９５" }, "geometry": { "type": "Point", "coordinates": [ 138.449509, 35.719256 ] } },
{ "type": "Feature", "properties": { "ID": 1922190000394, "正式名称": "藤森耳鼻咽喉科医院", "機関区分": 2, "都道府県コード": 19, "市区町村コード": 207, "所在地": "山梨県韮崎市藤井町南下條１８０－１", "緯度": 35.719228, "経度": 138.452092, "url": "https://www.iryou.teikyouseido.mhlw.go.jp/znk-web/juminkanja/S2430/initialize?prefCd=19&kikanCd=2190000394&kikanKbn=2", "url2": "https://www.fujimori-jibika.com", "内容": "藤森耳鼻咽喉科医院【2:診療所】【診療科目:耳鼻いんこう科】山梨県韮崎市藤井町南下條１８０－１" }, "geometry": { "type": "Point", "coordinates": [ 138.452092, 35.719228 ] } },
{ "type": "Feature", "properties": { "ID": 1922190000396, "正式名称": "薬袋整形外科医院", "機関区分": 2, "都道府県コード": 19, "市区町村コード": 207, "所在地": "山梨県韮崎市富士見２－１３－２", "緯度": 35.710118, "経度": 138.455065, "url": "https://www.iryou.teikyouseido.mhlw.go.jp/znk-web/juminkanja/S2430/initialize?prefCd=19&kikanCd=2190000396&kikanKbn=2", "url2": null, "内容": "薬袋整形外科医院【2:診療所】【診療科目:内科_外科_整形外科_リウマチ科_リハビリテーション科】山梨県韮崎市富士見２－１３－２" }, "geometry": { "type": "Point", "coordinates": [ 138.455065, 35.710118 ] } },
{ "type": "Feature", "properties": { "ID": 1922190000397, "正式名称": "三井医院", "機関区分": 2, "都道府県コード": 19, "市区町村コード": 207, "所在地": "山梨県韮崎市本町１－１１－８", "緯度": 35.708923, "経度": 138.448205, "url": "https://www.iryou.teikyouseido.mhlw.go.jp/znk-web/juminkanja/S2430/initialize?prefCd=19&kikanCd=2190000397&kikanKbn=2", "url2": "http://w01.tp1.jp/~a076151481/", "内容": "三井医院【2:診療所】【診療科目:内科_神経内科_小児科】山梨県韮崎市本町１－１１－８" }, "geometry": { "type": "Point", "coordinates": [ 138.448205, 35.708923 ] } },
{ "type": "Feature", "properties": { "ID": 1922190000398, "正式名称": "千野眼科医院", "機関区分": 2, "都道府県コード": 19, "市区町村コード": 207, "所在地": "山梨県韮崎市本町１－５－２６", "緯度": 35.70709, "経度": 138.450871, "url": "https://www.iryou.teikyouseido.mhlw.go.jp/znk-web/juminkanja/S2430/initialize?prefCd=19&kikanCd=2190000398&kikanKbn=2", "url2": "https://chino.or.jp/", "内容": "千野眼科医院【2:診療所】【診療科目:眼科】山梨県韮崎市本町１－５－２６" }, "geometry": { "type": "Point", "coordinates": [ 138.450871, 35.70709 ] } },
{ "type": "Feature", "properties": { "ID": 1922190000401, "正式名称": "本町クリニック", "機関区分": 2, "都道府県コード": 19, "市区町村コード": 207, "所在地": "山梨県韮崎市本町２－１９－３", "緯度": 35.705701, "経度": 138.450927, "url": "https://www.iryou.teikyouseido.mhlw.go.jp/znk-web/juminkanja/S2430/initialize?prefCd=19&kikanCd=2190000401&kikanKbn=2", "url2": null, "内容": "本町クリニック【2:診療所】【診療科目:内科_呼吸器内科_小児科_耳鼻いんこう科】山梨県韮崎市本町２－１９－３" }, "geometry": { "type": "Point", "coordinates": [ 138.450927, 35.705701 ] } },
{ "type": "Feature", "properties": { "ID": 1922190000403, "正式名称": "秋山内科クリニック", "機関区分": 2, "都道府県コード": 19, "市区町村コード": 207, "所在地": "山梨県韮崎市龍岡町下條南割９３９", "緯度": 35.676983, "経度": 138.464593, "url": "https://www.iryou.teikyouseido.mhlw.go.jp/znk-web/juminkanja/S2430/initialize?prefCd=19&kikanCd=2190000403&kikanKbn=2", "url2": null, "内容": "秋山内科クリニック【2:診療所】【診療科目:内科】山梨県韮崎市龍岡町下條南割９３９" }, "geometry": { "type": "Point", "coordinates": [ 138.464593, 35.676983 ] } },
{ "type": "Feature", "properties": { "ID": 1922190000404, "正式名称": "藤井平皮膚科", "機関区分": 2, "都道府県コード": 19, "市区町村コード": 207, "所在地": "山梨県韮崎市藤井町坂井３２０－１", "緯度": 35.727588, "経度": 138.443009, "url": "https://www.iryou.teikyouseido.mhlw.go.jp/znk-web/juminkanja/S2430/initialize?prefCd=19&kikanCd=2190000404&kikanKbn=2", "url2": "http://www.fujiidaira-hifuka.com", "内容": "藤井平皮膚科【2:診療所】【診療科目:皮膚科_アレルギー科】山梨県韮崎市藤井町坂井３２０－１" }, "geometry": { "type": "Point", "coordinates": [ 138.443009, 35.727588 ] } },
{ "type": "Feature", "properties": { "ID": 1922190000405, "正式名称": "医療法人社団向陽会　ひかりの里クリニック", "機関区分": 2, "都道府県コード": 19, "市区町村コード": 210, "所在地": "山梨県甲斐市宇津谷１１１１", "緯度": 35.696036, "経度": 138.481953, "url": "https://www.iryou.teikyouseido.mhlw.go.jp/znk-web/juminkanja/S2430/initialize?prefCd=19&kikanCd=2190000405&kikanKbn=2", "url2": "http://www.hikarinosato.com", "内容": "医療法人社団向陽会　ひかりの里クリニック【2:診療所】【診療科目:内科_外科_整形外科_リハビリテーション科】山梨県甲斐市宇津谷１１１１" }, "geometry": { "type": "Point", "coordinates": [ 138.481953, 35.696036 ] } },
{ "type": "Feature", "properties": { "ID": 1922190000406, "正式名称": "医療法人　中島会　中島医院", "機関区分": 2, "都道府県コード": 19, "市区町村コード": 210, "所在地": "山梨県甲斐市下今井８８－１", "緯度": 35.687843, "経度": 138.486258, "url": "https://www.iryou.teikyouseido.mhlw.go.jp/znk-web/juminkanja/S2430/initialize?prefCd=19&kikanCd=2190000406&kikanKbn=2", "url2": null, "内容": "医療法人　中島会　中島医院【2:診療所】【診療科目:内科_小児科_産婦人科】山梨県甲斐市下今井８８－１" }, "geometry": { "type": "Point", "coordinates": [ 138.486258, 35.687843 ] } },
{ "type": "Feature", "properties": { "ID": 1922190000408, "正式名称": "響が丘整形外科", "機関区分": 2, "都道府県コード": 19, "市区町村コード": 210, "所在地": "山梨県甲斐市龍地２５６３－１４", "緯度": 35.681177, "経度": 138.512423, "url": "https://www.iryou.teikyouseido.mhlw.go.jp/znk-web/juminkanja/S2430/initialize?prefCd=19&kikanCd=2190000408&kikanKbn=2", "url2": null, "内容": "響が丘整形外科【2:診療所】【診療科目:整形外科_リウマチ科_リハビリテーション科】山梨県甲斐市龍地２５６３－１４" }, "geometry": { "type": "Point", "coordinates": [ 138.512423, 35.681177 ] } },
{ "type": "Feature", "properties": { "ID": 1922190000409, "正式名称": "ふたば内科消化器科医院", "機関区分": 2, "都道府県コード": 19, "市区町村コード": 210, "所在地": "山梨県甲斐市龍地２７９５－１０", "緯度": 35.682455, "経度": 138.510201, "url": "https://www.iryou.teikyouseido.mhlw.go.jp/znk-web/juminkanja/S2430/initialize?prefCd=19&kikanCd=2190000409&kikanKbn=2", "url2": "http://futabanaika.webmedipr.jp/", "内容": "ふたば内科消化器科医院【2:診療所】【診療科目:内科_消化器内科】山梨県甲斐市龍地２７９５－１０" }, "geometry": { "type": "Point", "coordinates": [ 138.510201, 35.682455 ] } },
{ "type": "Feature", "properties": { "ID": 1922190000410, "正式名称": "のざわ耳鼻咽喉科クリニック", "機関区分": 2, "都道府県コード": 19, "市区町村コード": 210, "所在地": "山梨県甲斐市龍地２７９５－８", "緯度": 35.682288, "経度": 138.510506, "url": "https://www.iryou.teikyouseido.mhlw.go.jp/znk-web/juminkanja/S2430/initialize?prefCd=19&kikanCd=2190000410&kikanKbn=2", "url2": null, "内容": "のざわ耳鼻咽喉科クリニック【2:診療所】【診療科目:耳鼻いんこう科】山梨県甲斐市龍地２７９５－８" }, "geometry": { "type": "Point", "coordinates": [ 138.510506, 35.682288 ] } },
{ "type": "Feature", "properties": { "ID": 1922190000411, "正式名称": "双葉クリニック", "機関区分": 2, "都道府県コード": 19, "市区町村コード": 210, "所在地": "山梨県甲斐市龍地４７１０－１　双葉クリニック", "緯度": 35.687371, "経度": 138.495285, "url": "https://www.iryou.teikyouseido.mhlw.go.jp/znk-web/juminkanja/S2430/initialize?prefCd=19&kikanCd=2190000411&kikanKbn=2", "url2": null, "内容": "双葉クリニック【2:診療所】【診療科目:内科_小児科_産婦人科】山梨県甲斐市龍地４７１０－１　双葉クリニック" }, "geometry": { "type": "Point", "coordinates": [ 138.495285, 35.687371 ] } },
{ "type": "Feature", "properties": { "ID": 1922190000414, "正式名称": "北杜市立国民健康保険辺見診療所", "機関区分": 2, "都道府県コード": 19, "市区町村コード": 209, "所在地": "山梨県北杜市明野町上手１－１２", "緯度": 35.768472, "経度": 138.438397, "url": "https://www.iryou.teikyouseido.mhlw.go.jp/znk-web/juminkanja/S2430/initialize?prefCd=19&kikanCd=2190000414&kikanKbn=2", "url2": "http://www.city.hokuto.yamanashi.jp/hokuto_wdm/html/hemmi-clinic", "内容": "北杜市立国民健康保険辺見診療所【2:診療所】【診療科目:内科_整形外科】山梨県北杜市明野町上手１－１２" }, "geometry": { "type": "Point", "coordinates": [ 138.438397, 35.768472 ] } },
{ "type": "Feature", "properties": { "ID": 1922190000415, "正式名称": "ほくと診療所", "機関区分": 2, "都道府県コード": 19, "市区町村コード": 209, "所在地": "山梨県北杜市明野町上手５２０", "緯度": 35.770111, "経度": 138.42862, "url": "https://www.iryou.teikyouseido.mhlw.go.jp/znk-web/juminkanja/S2430/initialize?prefCd=19&kikanCd=2190000415&kikanKbn=2", "url2": "http://www.ryokuju.com/", "内容": "ほくと診療所【2:診療所】【診療科目:内科_精神科】山梨県北杜市明野町上手５２０" }, "geometry": { "type": "Point", "coordinates": [ 138.42862, 35.770111 ] } },
{ "type": "Feature", "properties": { "ID": 1922190000416, "正式名称": "中田医院　中国医学研究所", "機関区分": 2, "都道府県コード": 19, "市区町村コード": 209, "所在地": "山梨県北杜市須玉町若神子６０８", "緯度": 35.791359, "経度": 138.424314, "url": "https://www.iryou.teikyouseido.mhlw.go.jp/znk-web/juminkanja/S2430/initialize?prefCd=19&kikanCd=2190000416&kikanKbn=2", "url2": null, "内容": "中田医院　中国医学研究所【2:診療所】【診療科目:内科】山梨県北杜市須玉町若神子６０８" }, "geometry": { "type": "Point", "coordinates": [ 138.424314, 35.791359 ] } },
{ "type": "Feature", "properties": { "ID": 1922190000419, "正式名称": "たかね内科小児科クリニック", "機関区分": 2, "都道府県コード": 19, "市区町村コード": 209, "所在地": "山梨県北杜市高根町村山北割１９６６", "緯度": 35.842242, "経度": 138.417728, "url": "https://www.iryou.teikyouseido.mhlw.go.jp/znk-web/juminkanja/S2430/initialize?prefCd=19&kikanCd=2190000419&kikanKbn=2", "url2": "http://takaneclinic.jp", "内容": "たかね内科小児科クリニック【2:診療所】【診療科目:内科_消化器内科_小児科_皮膚科_アレルギー科_放射線科】山梨県北杜市高根町村山北割１９６６" }, "geometry": { "type": "Point", "coordinates": [ 138.417728, 35.842242 ] } },
{ "type": "Feature", "properties": { "ID": 1922190000420, "正式名称": "なかじまクリニック", "機関区分": 2, "都道府県コード": 19, "市区町村コード": 209, "所在地": "山梨県北杜市長坂町夏秋９４５－１", "緯度": 35.827076, "経度": 138.388954, "url": "https://www.iryou.teikyouseido.mhlw.go.jp/znk-web/juminkanja/S2430/initialize?prefCd=19&kikanCd=2190000420&kikanKbn=2", "url2": null, "内容": "なかじまクリニック【2:診療所】【診療科目:内科_胃腸内科_外科】山梨県北杜市長坂町夏秋９４５－１" }, "geometry": { "type": "Point", "coordinates": [ 138.388954, 35.827076 ] } },
{ "type": "Feature", "properties": { "ID": 1922190000422, "正式名称": "長坂中央クリニック", "機関区分": 2, "都道府県コード": 19, "市区町村コード": 209, "所在地": "山梨県北杜市長坂町大八田６６２６－３３", "緯度": 35.833242, "経度": 138.375593, "url": "https://www.iryou.teikyouseido.mhlw.go.jp/znk-web/juminkanja/S2430/initialize?prefCd=19&kikanCd=2190000422&kikanKbn=2", "url2": null, "内容": "長坂中央クリニック【2:診療所】【診療科目:内科】山梨県北杜市長坂町大八田６６２６－３３" }, "geometry": { "type": "Point", "coordinates": [ 138.375593, 35.833242 ] } },
{ "type": "Feature", "properties": { "ID": 1922190000423, "正式名称": "向井医院", "機関区分": 2, "都道府県コード": 19, "市区町村コード": 209, "所在地": "山梨県北杜市長坂町長坂上条２５３０", "緯度": 35.82927, "経度": 138.370122, "url": "https://www.iryou.teikyouseido.mhlw.go.jp/znk-web/juminkanja/S2430/initialize?prefCd=19&kikanCd=2190000423&kikanKbn=2", "url2": null, "内容": "向井医院【2:診療所】【診療科目:内科】山梨県北杜市長坂町長坂上条２５３０" }, "geometry": { "type": "Point", "coordinates": [ 138.370122, 35.82927 ] } },
{ "type": "Feature", "properties": { "ID": 1922190000424, "正式名称": "大泉中央診療所", "機関区分": 2, "都道府県コード": 19, "市区町村コード": 209, "所在地": "山梨県北杜市大泉町谷戸２９６９", "緯度": 35.861766, "経度": 138.38598, "url": "https://www.iryou.teikyouseido.mhlw.go.jp/znk-web/juminkanja/S2430/initialize?prefCd=19&kikanCd=2190000424&kikanKbn=2", "url2": null, "内容": "大泉中央診療所【2:診療所】【診療科目:内科_皮膚科_精神科_心療内科】山梨県北杜市大泉町谷戸２９６９" }, "geometry": { "type": "Point", "coordinates": [ 138.38598, 35.861766 ] } },
{ "type": "Feature", "properties": { "ID": 1922190000425, "正式名称": "進藤医院", "機関区分": 2, "都道府県コード": 19, "市区町村コード": 209, "所在地": "山梨県北杜市小淵沢町２０８６", "緯度": 35.863071, "経度": 138.312597, "url": "https://www.iryou.teikyouseido.mhlw.go.jp/znk-web/juminkanja/S2430/initialize?prefCd=19&kikanCd=2190000425&kikanKbn=2", "url2": "https://shindou-iin.jp", "内容": "進藤医院【2:診療所】【診療科目:内科_消化器内科_小児科】山梨県北杜市小淵沢町２０８６" }, "geometry": { "type": "Point", "coordinates": [ 138.312597, 35.863071 ] } },
{ "type": "Feature", "properties": { "ID": 1922190000427, "正式名称": "北杜市立白州診療所", "機関区分": 2, "都道府県コード": 19, "市区町村コード": 209, "所在地": "山梨県北杜市白州町白須１３４１", "緯度": 35.810799, "経度": 138.332571, "url": "https://www.iryou.teikyouseido.mhlw.go.jp/znk-web/juminkanja/S2430/initialize?prefCd=19&kikanCd=2190000427&kikanKbn=2", "url2": null, "内容": "北杜市立白州診療所【2:診療所】【診療科目:内科_小児科_眼科】山梨県北杜市白州町白須１３４１" }, "geometry": { "type": "Point", "coordinates": [ 138.332571, 35.810799 ] } },
{ "type": "Feature", "properties": { "ID": 1922190000428, "正式名称": "医療法人和州会　吉田医院", "機関区分": 2, "都道府県コード": 19, "市区町村コード": 209, "所在地": "山梨県北杜市白州町白須中村１００８－１", "緯度": 35.808077, "経度": 138.328071, "url": "https://www.iryou.teikyouseido.mhlw.go.jp/znk-web/juminkanja/S2430/initialize?prefCd=19&kikanCd=2190000428&kikanKbn=2", "url2": null, "内容": "医療法人和州会　吉田医院【2:診療所】【診療科目:内科_外科_整形外科】山梨県北杜市白州町白須中村１００８－１" }, "geometry": { "type": "Point", "coordinates": [ 138.328071, 35.808077 ] } },
{ "type": "Feature", "properties": { "ID": 1922190000429, "正式名称": "公益社団法人山梨勤労者医療協会　武川診療所", "機関区分": 2, "都道府県コード": 19, "市区町村コード": 209, "所在地": "山梨県北杜市武川町牧原１３７１", "緯度": 35.784664, "経度": 138.381318, "url": "https://www.iryou.teikyouseido.mhlw.go.jp/znk-web/juminkanja/S2430/initialize?prefCd=19&kikanCd=2190000429&kikanKbn=2", "url2": "http://www.yamanashi-min.jp/kinikyou/medical/sinryoujyo/mukawa.html", "内容": "公益社団法人山梨勤労者医療協会　武川診療所【2:診療所】【診療科目:内科_外科_小児科】山梨県北杜市武川町牧原１３７１" }, "geometry": { "type": "Point", "coordinates": [ 138.381318, 35.784664 ] } },
{ "type": "Feature", "properties": { "ID": 1922190000431, "正式名称": "鈴木内科クリニック", "機関区分": 2, "都道府県コード": 19, "市区町村コード": 202, "所在地": "山梨県富士吉田市旭５－１－３８", "緯度": 35.49398, "経度": 138.787103, "url": "https://www.iryou.teikyouseido.mhlw.go.jp/znk-web/juminkanja/S2430/initialize?prefCd=19&kikanCd=2190000431&kikanKbn=2", "url2": null, "内容": "鈴木内科クリニック【2:診療所】【診療科目:内科_循環器内科】山梨県富士吉田市旭５－１－３８" }, "geometry": { "type": "Point", "coordinates": [ 138.787103, 35.49398 ] } },
{ "type": "Feature", "properties": { "ID": 1922190000432, "正式名称": "蓬莱整形外科", "機関区分": 2, "都道府県コード": 19, "市区町村コード": 202, "所在地": "山梨県富士吉田市下吉田１－３－２１", "緯度": 35.493813, "経度": 138.804823, "url": "https://www.iryou.teikyouseido.mhlw.go.jp/znk-web/juminkanja/S2430/initialize?prefCd=19&kikanCd=2190000432&kikanKbn=2", "url2": "http://nttbj.itp.ne.jp/0555220019", "内容": "蓬莱整形外科【2:診療所】【診療科目:内科_整形外科_泌尿器科_リハビリテーション科】山梨県富士吉田市下吉田１－３－２１" }, "geometry": { "type": "Point", "coordinates": [ 138.804823, 35.493813 ] } },
{ "type": "Feature", "properties": { "ID": 1922190000433, "正式名称": "堀内産婦人科医院", "機関区分": 2, "都道府県コード": 19, "市区町村コード": 202, "所在地": "山梨県富士吉田市下吉田７－３－１４", "緯度": 35.490564, "経度": 138.809657, "url": "https://www.iryou.teikyouseido.mhlw.go.jp/znk-web/juminkanja/S2430/initialize?prefCd=19&kikanCd=2190000433&kikanKbn=2", "url2": null, "内容": "堀内産婦人科医院【2:診療所】【診療科目:内科_小児科_産婦人科】山梨県富士吉田市下吉田７－３－１４" }, "geometry": { "type": "Point", "coordinates": [ 138.809657, 35.490564 ] } },
{ "type": "Feature", "properties": { "ID": 1922190000435, "正式名称": "医療法人芙蓉会保坂内科クリニック", "機関区分": 2, "都道府県コード": 19, "市区町村コード": 202, "所在地": "山梨県富士吉田市下吉田５－２５－２０", "緯度": 35.487953, "経度": 138.805546, "url": "https://www.iryou.teikyouseido.mhlw.go.jp/znk-web/juminkanja/S2430/initialize?prefCd=19&kikanCd=2190000435&kikanKbn=2", "url2": null, "内容": "医療法人芙蓉会保坂内科クリニック【2:診療所】【診療科目:内科】山梨県富士吉田市下吉田５－２５－２０" }, "geometry": { "type": "Point", "coordinates": [ 138.805546, 35.487953 ] } },
{ "type": "Feature", "properties": { "ID": 1922190000436, "正式名称": "よねやま　クリニック", "機関区分": 2, "都道府県コード": 19, "市区町村コード": 202, "所在地": "山梨県富士吉田市下吉田五丁目２２番５１号", "緯度": 35.487648, "経度": 138.80424, "url": "https://www.iryou.teikyouseido.mhlw.go.jp/znk-web/juminkanja/S2430/initialize?prefCd=19&kikanCd=2190000436&kikanKbn=2", "url2": null, "内容": "よねやま　クリニック【2:診療所】【診療科目:内科_消化器内科_外科_肛門外科】山梨県富士吉田市下吉田五丁目２２番５１号" }, "geometry": { "type": "Point", "coordinates": [ 138.80424, 35.487648 ] } },
{ "type": "Feature", "properties": { "ID": 1922190000437, "正式名称": "羽田医院", "機関区分": 2, "都道府県コード": 19, "市区町村コード": 202, "所在地": "山梨県富士吉田市下吉田２－２－１８", "緯度": 35.491674, "経度": 138.803907, "url": "https://www.iryou.teikyouseido.mhlw.go.jp/znk-web/juminkanja/S2430/initialize?prefCd=19&kikanCd=2190000437&kikanKbn=2", "url2": null, "内容": "羽田医院【2:診療所】【診療科目:内科】山梨県富士吉田市下吉田２－２－１８" }, "geometry": { "type": "Point", "coordinates": [ 138.803907, 35.491674 ] } },
{ "type": "Feature", "properties": { "ID": 1922190000438, "正式名称": "天野医院", "機関区分": 2, "都道府県コード": 19, "市区町村コード": 202, "所在地": "山梨県富士吉田市下吉田１－７－１９", "緯度": 35.493286, "経度": 138.805573, "url": "https://www.iryou.teikyouseido.mhlw.go.jp/znk-web/juminkanja/S2430/initialize?prefCd=19&kikanCd=2190000438&kikanKbn=2", "url2": null, "内容": "天野医院【2:診療所】【診療科目:内科_呼吸器内科_循環器内科_消化器内科_泌尿器科】山梨県富士吉田市下吉田１－７－１９" }, "geometry": { "type": "Point", "coordinates": [ 138.805573, 35.493286 ] } },
{ "type": "Feature", "properties": { "ID": 1922190000439, "正式名称": "皆春堂　田辺医院", "機関区分": 2, "都道府県コード": 19, "市区町村コード": 202, "所在地": "山梨県富士吉田市下吉田２－１４－２８", "緯度": 35.49248, "経度": 138.80474, "url": "https://www.iryou.teikyouseido.mhlw.go.jp/znk-web/juminkanja/S2430/initialize?prefCd=19&kikanCd=2190000439&kikanKbn=2", "url2": null, "内容": "皆春堂　田辺医院【2:診療所】【診療科目:内科_消化器内科_胃腸内科】山梨県富士吉田市下吉田２－１４－２８" }, "geometry": { "type": "Point", "coordinates": [ 138.80474, 35.49248 ] } },
{ "type": "Feature", "properties": { "ID": 1922190000440, "正式名称": "大戸耳鼻咽喉科医院", "機関区分": 2, "都道府県コード": 19, "市区町村コード": 202, "所在地": "山梨県富士吉田市下吉田五丁目１１番７号", "緯度": 35.487287, "経度": 138.80213, "url": "https://www.iryou.teikyouseido.mhlw.go.jp/znk-web/juminkanja/S2430/initialize?prefCd=19&kikanCd=2190000440&kikanKbn=2", "url2": null, "内容": "大戸耳鼻咽喉科医院【2:診療所】【診療科目:耳鼻いんこう科】山梨県富士吉田市下吉田五丁目１１番７号" }, "geometry": { "type": "Point", "coordinates": [ 138.80213, 35.487287 ] } },
{ "type": "Feature", "properties": { "ID": 1922190000441, "正式名称": "佐藤医院", "機関区分": 2, "都道府県コード": 19, "市区町村コード": 202, "所在地": "山梨県富士吉田市下吉田４丁目１３番１７号", "緯度": 35.490091, "経度": 138.800574, "url": "https://www.iryou.teikyouseido.mhlw.go.jp/znk-web/juminkanja/S2430/initialize?prefCd=19&kikanCd=2190000441&kikanKbn=2", "url2": null, "内容": "佐藤医院【2:診療所】【診療科目:内科】山梨県富士吉田市下吉田４丁目１３番１７号" }, "geometry": { "type": "Point", "coordinates": [ 138.800574, 35.490091 ] } },
{ "type": "Feature", "properties": { "ID": 1922190000442, "正式名称": "角田医院", "機関区分": 2, "都道府県コード": 19, "市区町村コード": 202, "所在地": "山梨県富士吉田市下吉田４－１７－３", "緯度": 35.490424, "経度": 138.800658, "url": "https://www.iryou.teikyouseido.mhlw.go.jp/znk-web/juminkanja/S2430/initialize?prefCd=19&kikanCd=2190000442&kikanKbn=2", "url2": null, "内容": "角田医院【2:診療所】【診療科目:内科_小児科】山梨県富士吉田市下吉田４－１７－３" }, "geometry": { "type": "Point", "coordinates": [ 138.800658, 35.490424 ] } },
{ "type": "Feature", "properties": { "ID": 1922190000443, "正式名称": "医療法人橘泉会内藤医院", "機関区分": 2, "都道府県コード": 19, "市区町村コード": 202, "所在地": "山梨県富士吉田市下吉田３－９－１３", "緯度": 35.492841, "経度": 138.802379, "url": "https://www.iryou.teikyouseido.mhlw.go.jp/znk-web/juminkanja/S2430/initialize?prefCd=19&kikanCd=2190000443&kikanKbn=2", "url2": "https://www.naitouiin.com/", "内容": "医療法人橘泉会内藤医院【2:診療所】【診療科目:内科_循環器内科_小児科】山梨県富士吉田市下吉田３－９－１３" }, "geometry": { "type": "Point", "coordinates": [ 138.802379, 35.492841 ] } },
{ "type": "Feature", "properties": { "ID": 1922190000444, "正式名称": "奥脇医院", "機関区分": 2, "都道府県コード": 19, "市区町村コード": 202, "所在地": "山梨県富士吉田市下吉田３－２５－５", "緯度": 35.492841, "経度": 138.800962, "url": "https://www.iryou.teikyouseido.mhlw.go.jp/znk-web/juminkanja/S2430/initialize?prefCd=19&kikanCd=2190000444&kikanKbn=2", "url2": null, "内容": "奥脇医院【2:診療所】【診療科目:内科_消化器内科_外科_肛門外科】山梨県富士吉田市下吉田３－２５－５" }, "geometry": { "type": "Point", "coordinates": [ 138.800962, 35.492841 ] } },
{ "type": "Feature", "properties": { "ID": 1922190000445, "正式名称": "深澤医院", "機関区分": 2, "都道府県コード": 19, "市区町村コード": 202, "所在地": "山梨県富士吉田市新町４－１１－１３", "緯度": 35.497174, "経度": 138.801407, "url": "https://www.iryou.teikyouseido.mhlw.go.jp/znk-web/juminkanja/S2430/initialize?prefCd=19&kikanCd=2190000445&kikanKbn=2", "url2": null, "内容": "深澤医院【2:診療所】【診療科目:内科_小児科_婦人科_皮膚科】山梨県富士吉田市新町４－１１－１３" }, "geometry": { "type": "Point", "coordinates": [ 138.801407, 35.497174 ] } },
{ "type": "Feature", "properties": { "ID": 1922190000446, "正式名称": "クリニック小林", "機関区分": 2, "都道府県コード": 19, "市区町村コード": 202, "所在地": "山梨県富士吉田市松山５－１１－６", "緯度": 35.486453, "経度": 138.788853, "url": "https://www.iryou.teikyouseido.mhlw.go.jp/znk-web/juminkanja/S2430/initialize?prefCd=19&kikanCd=2190000446&kikanKbn=2", "url2": null, "内容": "クリニック小林【2:診療所】【診療科目:内科】山梨県富士吉田市松山５－１１－６" }, "geometry": { "type": "Point", "coordinates": [ 138.788853, 35.486453 ] } },
{ "type": "Feature", "properties": { "ID": 1922190000447, "正式名称": "樂々堂整形外科", "機関区分": 2, "都道府県コード": 19, "市区町村コード": 202, "所在地": "山梨県富士吉田市上吉田東３－３－３０", "緯度": 35.474038, "経度": 138.802019, "url": "https://www.iryou.teikyouseido.mhlw.go.jp/znk-web/juminkanja/S2430/initialize?prefCd=19&kikanCd=2190000447&kikanKbn=2", "url2": "http://www.rakutendo.jp", "内容": "樂々堂整形外科【2:診療所】【診療科目:外科_肛門外科_整形外科_リウマチ科_リハビリテーション科】山梨県富士吉田市上吉田東３－３－３０" }, "geometry": { "type": "Point", "coordinates": [ 138.802019, 35.474038 ] } },
{ "type": "Feature", "properties": { "ID": 1922190000449, "正式名称": "医療法人　和顔会　くわざわクリニック", "機関区分": 2, "都道府県コード": 19, "市区町村コード": 202, "所在地": "山梨県富士吉田市上吉田２－１３－２", "緯度": 35.482203, "経度": 138.79488, "url": "https://www.iryou.teikyouseido.mhlw.go.jp/znk-web/juminkanja/S2430/initialize?prefCd=19&kikanCd=2190000449&kikanKbn=2", "url2": "http://www.kuwazawa.net/", "内容": "医療法人　和顔会　くわざわクリニック【2:診療所】【診療科目:内科_脳神経外科_耳鼻いんこう科】山梨県富士吉田市上吉田２－１３－２" }, "geometry": { "type": "Point", "coordinates": [ 138.79488, 35.482203 ] } },
{ "type": "Feature", "properties": { "ID": 1922190000452, "正式名称": "吉田医院", "機関区分": 2, "都道府県コード": 19, "市区町村コード": 202, "所在地": "山梨県富士吉田市中曽根１－５－１０", "緯度": 35.482314, "経度": 138.804047, "url": "https://www.iryou.teikyouseido.mhlw.go.jp/znk-web/juminkanja/S2430/initialize?prefCd=19&kikanCd=2190000452&kikanKbn=2", "url2": null, "内容": "吉田医院【2:診療所】【診療科目:内科_小児科】山梨県富士吉田市中曽根１－５－１０" }, "geometry": { "type": "Point", "coordinates": [ 138.804047, 35.482314 ] } },
{ "type": "Feature", "properties": { "ID": 1922190000453, "正式名称": "新西原クリニック", "機関区分": 2, "都道府県コード": 19, "市区町村コード": 202, "所在地": "山梨県富士吉田市上吉田４２５９－２", "緯度": 35.479092, "経度": 138.785353, "url": "https://www.iryou.teikyouseido.mhlw.go.jp/znk-web/juminkanja/S2430/initialize?prefCd=19&kikanCd=2190000453&kikanKbn=2", "url2": null, "内容": "新西原クリニック【2:診療所】【診療科目:内科_胃腸内科_外科_肛門外科】山梨県富士吉田市上吉田４２５９－２" }, "geometry": { "type": "Point", "coordinates": [ 138.785353, 35.479092 ] } },
{ "type": "Feature", "properties": { "ID": 1922190000454, "正式名称": "医療法人大田屋会　大田屋クリニック", "機関区分": 2, "都道府県コード": 19, "市区町村コード": 202, "所在地": "山梨県富士吉田市上吉田５－８－３", "緯度": 35.477954, "経度": 138.795464, "url": "https://www.iryou.teikyouseido.mhlw.go.jp/znk-web/juminkanja/S2430/initialize?prefCd=19&kikanCd=2190000454&kikanKbn=2", "url2": "https://ootayaclinic.com/", "内容": "医療法人大田屋会　大田屋クリニック【2:診療所】【診療科目:内科_循環器内科_漢方内科_外科_整形外科_小児科_皮膚科_泌尿器科_心療内科_リハビリテーション科】山梨県富士吉田市上吉田５－８－３" }, "geometry": { "type": "Point", "coordinates": [ 138.795464, 35.477954 ] } },
{ "type": "Feature", "properties": { "ID": 1922190000455, "正式名称": "医療法人　信恵会　羽田レディースクリニック", "機関区分": 2, "都道府県コード": 19, "市区町村コード": 202, "所在地": "山梨県富士吉田市上吉田６－１０－１４", "緯度": 35.475676, "経度": 138.791492, "url": "https://www.iryou.teikyouseido.mhlw.go.jp/znk-web/juminkanja/S2430/initialize?prefCd=19&kikanCd=2190000455&kikanKbn=2", "url2": null, "内容": "医療法人　信恵会　羽田レディースクリニック【2:診療所】【診療科目:内科_小児科_産婦人科】山梨県富士吉田市上吉田６－１０－１４" }, "geometry": { "type": "Point", "coordinates": [ 138.791492, 35.475676 ] } },
{ "type": "Feature", "properties": { "ID": 1922190000456, "正式名称": "富士の森クリニック", "機関区分": 2, "都道府県コード": 19, "市区町村コード": 202, "所在地": "山梨県富士吉田市上吉田７－１２－１４", "緯度": 35.476121, "経度": 138.792909, "url": "https://www.iryou.teikyouseido.mhlw.go.jp/znk-web/juminkanja/S2430/initialize?prefCd=19&kikanCd=2190000456&kikanKbn=2", "url2": "http://fujinomori-cl.com", "内容": "富士の森クリニック【2:診療所】【診療科目:内科_消化器内科_小児科】山梨県富士吉田市上吉田７－１２－１４" }, "geometry": { "type": "Point", "coordinates": [ 138.792909, 35.476121 ] } },
{ "type": "Feature", "properties": { "ID": 1922190000457, "正式名称": "医療法人社団弘仁勝和会　ふじよしだ勝和クリニック", "機関区分": 2, "都道府県コード": 19, "市区町村コード": 202, "所在地": "山梨県富士吉田市上吉田東一丁目１０番１号", "緯度": 35.474038, "経度": 138.802019, "url": "https://www.iryou.teikyouseido.mhlw.go.jp/znk-web/juminkanja/S2430/initialize?prefCd=19&kikanCd=2190000457&kikanKbn=2", "url2": "http://www.showa-cl.jp", "内容": "医療法人社団弘仁勝和会　ふじよしだ勝和クリニック【2:診療所】【診療科目:内科_循環器内科_腎臓内科_人工透析内科_外科】山梨県富士吉田市上吉田東一丁目１０番１号" }, "geometry": { "type": "Point", "coordinates": [ 138.802019, 35.474038 ] } },
{ "type": "Feature", "properties": { "ID": 1922190000459, "正式名称": "小林眼科医院", "機関区分": 2, "都道府県コード": 19, "市区町村コード": 202, "所在地": "山梨県富士吉田市新西原１－７－１", "緯度": 35.482314, "経度": 138.792742, "url": "https://www.iryou.teikyouseido.mhlw.go.jp/znk-web/juminkanja/S2430/initialize?prefCd=19&kikanCd=2190000459&kikanKbn=2", "url2": null, "内容": "小林眼科医院【2:診療所】【診療科目:眼科】山梨県富士吉田市新西原１－７－１" }, "geometry": { "type": "Point", "coordinates": [ 138.792742, 35.482314 ] } },
{ "type": "Feature", "properties": { "ID": 1922190000462, "正式名称": "渡辺整形外科", "機関区分": 2, "都道府県コード": 19, "市区町村コード": 202, "所在地": "山梨県富士吉田市新倉２６７１－３", "緯度": 35.492702, "経度": 138.77902, "url": "https://www.iryou.teikyouseido.mhlw.go.jp/znk-web/juminkanja/S2430/initialize?prefCd=19&kikanCd=2190000462&kikanKbn=2", "url2": null, "内容": "渡辺整形外科【2:診療所】【診療科目:整形外科_リウマチ科_リハビリテーション科】山梨県富士吉田市新倉２６７１－３" }, "geometry": { "type": "Point", "coordinates": [ 138.77902, 35.492702 ] } },
{ "type": "Feature", "properties": { "ID": 1922190000463, "正式名称": "宮下医院", "機関区分": 2, "都道府県コード": 19, "市区町村コード": 202, "所在地": "山梨県富士吉田市大明見６－１－６", "緯度": 35.488564, "経度": 138.81985, "url": "https://www.iryou.teikyouseido.mhlw.go.jp/znk-web/juminkanja/S2430/initialize?prefCd=19&kikanCd=2190000463&kikanKbn=2", "url2": null, "内容": "宮下医院【2:診療所】【診療科目:内科_呼吸器内科_消化器内科_外科_肛門外科】山梨県富士吉田市大明見６－１－６" }, "geometry": { "type": "Point", "coordinates": [ 138.81985, 35.488564 ] } },
{ "type": "Feature", "properties": { "ID": 1922190000465, "正式名称": "医療法人山角会　富士吉田診療所", "機関区分": 2, "都道府県コード": 19, "市区町村コード": 423, "所在地": "山梨県南都留郡西桂町下暮地１８４", "緯度": 35.529005, "経度": 138.85229, "url": "https://www.iryou.teikyouseido.mhlw.go.jp/znk-web/juminkanja/S2430/initialize?prefCd=19&kikanCd=2190000465&kikanKbn=2", "url2": "http://www.yamazumikai.jp/frame_fuji.html", "内容": "医療法人山角会　富士吉田診療所【2:診療所】【診療科目:精神科_心療内科】山梨県南都留郡西桂町下暮地１８４" }, "geometry": { "type": "Point", "coordinates": [ 138.85229, 35.529005 ] } },
{ "type": "Feature", "properties": { "ID": 1922190000466, "正式名称": "しまだ医院", "機関区分": 2, "都道府県コード": 19, "市区町村コード": 423, "所在地": "山梨県南都留郡西桂町小沼１７１０－１", "緯度": 35.522867, "経度": 138.847152, "url": "https://www.iryou.teikyouseido.mhlw.go.jp/znk-web/juminkanja/S2430/initialize?prefCd=19&kikanCd=2190000466&kikanKbn=2", "url2": null, "内容": "しまだ医院【2:診療所】【診療科目:内科_消化器内科】山梨県南都留郡西桂町小沼１７１０－１" }, "geometry": { "type": "Point", "coordinates": [ 138.847152, 35.522867 ] } },
{ "type": "Feature", "properties": { "ID": 1922190000467, "正式名称": "三浦医院", "機関区分": 2, "都道府県コード": 19, "市区町村コード": 424, "所在地": "山梨県南都留郡忍野村内野４８０２", "緯度": 35.454429, "経度": 138.859904, "url": "https://www.iryou.teikyouseido.mhlw.go.jp/znk-web/juminkanja/S2430/initialize?prefCd=19&kikanCd=2190000467&kikanKbn=2", "url2": null, "内容": "三浦医院【2:診療所】【診療科目:内科_小児科】山梨県南都留郡忍野村内野４８０２" }, "geometry": { "type": "Point", "coordinates": [ 138.859904, 35.454429 ] } },
{ "type": "Feature", "properties": { "ID": 1922190000470, "正式名称": "駒谷整形外科", "機関区分": 2, "都道府県コード": 19, "市区町村コード": 430, "所在地": "山梨県南都留郡富士河口湖町河口１７２３－１", "緯度": 35.528087, "経度": 138.769991, "url": "https://www.iryou.teikyouseido.mhlw.go.jp/znk-web/juminkanja/S2430/initialize?prefCd=19&kikanCd=2190000470&kikanKbn=2", "url2": null, "内容": "駒谷整形外科【2:診療所】【診療科目:整形外科_リハビリテーション科】山梨県南都留郡富士河口湖町河口１７２３－１" }, "geometry": { "type": "Point", "coordinates": [ 138.769991, 35.528087 ] } },
{ "type": "Feature", "properties": { "ID": 1922190000472, "正式名称": "青木医院", "機関区分": 2, "都道府県コード": 19, "市区町村コード": 430, "所在地": "山梨県南都留郡富士河口湖町小立７２０５", "緯度": 35.505145, "経度": 138.758271, "url": "https://www.iryou.teikyouseido.mhlw.go.jp/znk-web/juminkanja/S2430/initialize?prefCd=19&kikanCd=2190000472&kikanKbn=2", "url2": null, "内容": "青木医院【2:診療所】【診療科目:内科_小児科】山梨県南都留郡富士河口湖町小立７２０５" }, "geometry": { "type": "Point", "coordinates": [ 138.758271, 35.505145 ] } },
{ "type": "Feature", "properties": { "ID": 1922190000473, "正式名称": "医療法人社団福笑会　富士ニコニコクリニック", "機関区分": 2, "都道府県コード": 19, "市区町村コード": 430, "所在地": "山梨県南都留郡富士河口湖町船津１２８７", "緯度": 35.499979, "経度": 138.752744, "url": "https://www.iryou.teikyouseido.mhlw.go.jp/znk-web/juminkanja/S2430/initialize?prefCd=19&kikanCd=2190000473&kikanKbn=2", "url2": null, "内容": "医療法人社団福笑会　富士ニコニコクリニック【2:診療所】【診療科目:内科_小児科_皮膚科】山梨県南都留郡富士河口湖町船津１２８７" }, "geometry": { "type": "Point", "coordinates": [ 138.752744, 35.499979 ] } },
{ "type": "Feature", "properties": { "ID": 1922190000475, "正式名称": "渡辺医院", "機関区分": 2, "都道府県コード": 19, "市区町村コード": 430, "所在地": "山梨県南都留郡富士河口湖町船津１４９６", "緯度": 35.499479, "経度": 138.76241, "url": "https://www.iryou.teikyouseido.mhlw.go.jp/znk-web/juminkanja/S2430/initialize?prefCd=19&kikanCd=2190000475&kikanKbn=2", "url2": "https://www.fujisanwatanabe-lc.com/", "内容": "渡辺医院【2:診療所】【診療科目:産婦人科】山梨県南都留郡富士河口湖町船津１４９６" }, "geometry": { "type": "Point", "coordinates": [ 138.76241, 35.499479 ] } },
{ "type": "Feature", "properties": { "ID": 1922190000476, "正式名称": "宮下医院", "機関区分": 2, "都道府県コード": 19, "市区町村コード": 430, "所在地": "山梨県南都留郡富士河口湖町船津１５００", "緯度": 35.498896, "経度": 138.763688, "url": "https://www.iryou.teikyouseido.mhlw.go.jp/znk-web/juminkanja/S2430/initialize?prefCd=19&kikanCd=2190000476&kikanKbn=2", "url2": null, "内容": "宮下医院【2:診療所】【診療科目:内科_循環器内科_消化器内科_小児科_放射線科】山梨県南都留郡富士河口湖町船津１５００" }, "geometry": { "type": "Point", "coordinates": [ 138.763688, 35.498896 ] } },
{ "type": "Feature", "properties": { "ID": 1922190000477, "正式名称": "渡辺クリニック", "機関区分": 2, "都道府県コード": 19, "市区町村コード": 430, "所在地": "山梨県南都留郡富士河口湖町船津１５０１－３", "緯度": 35.499201, "経度": 138.763354, "url": "https://www.iryou.teikyouseido.mhlw.go.jp/znk-web/juminkanja/S2430/initialize?prefCd=19&kikanCd=2190000477&kikanKbn=2", "url2": null, "内容": "渡辺クリニック【2:診療所】【診療科目:内科】山梨県南都留郡富士河口湖町船津１５０１－３" }, "geometry": { "type": "Point", "coordinates": [ 138.763354, 35.499201 ] } },
{ "type": "Feature", "properties": { "ID": 1922190000478, "正式名称": "渡辺眼科", "機関区分": 2, "都道府県コード": 19, "市区町村コード": 430, "所在地": "山梨県南都留郡富士河口湖町船津２０８８－３", "緯度": 35.495368, "経度": 138.763826, "url": "https://www.iryou.teikyouseido.mhlw.go.jp/znk-web/juminkanja/S2430/initialize?prefCd=19&kikanCd=2190000478&kikanKbn=2", "url2": null, "内容": "渡辺眼科【2:診療所】【診療科目:眼科】山梨県南都留郡富士河口湖町船津２０８８－３" }, "geometry": { "type": "Point", "coordinates": [ 138.763826, 35.495368 ] } },
{ "type": "Feature", "properties": { "ID": 1922190000479, "正式名称": "外川医院", "機関区分": 2, "都道府県コード": 19, "市区町村コード": 430, "所在地": "山梨県南都留郡富士河口湖町船津３４２５", "緯度": 35.497257, "経度": 138.764854, "url": "https://www.iryou.teikyouseido.mhlw.go.jp/znk-web/juminkanja/S2430/initialize?prefCd=19&kikanCd=2190000479&kikanKbn=2", "url2": null, "内容": "外川医院【2:診療所】【診療科目:内科_小児科_アレルギー科_放射線科】山梨県南都留郡富士河口湖町船津３４２５" }, "geometry": { "type": "Point", "coordinates": [ 138.764854, 35.497257 ] } },
{ "type": "Feature", "properties": { "ID": 1922190000482, "正式名称": "山岸クリニック", "機関区分": 2, "都道府県コード": 19, "市区町村コード": 430, "所在地": "山梨県南都留郡富士河口湖町船津１１９７－１", "緯度": 35.501367, "経度": 138.756772, "url": "https://www.iryou.teikyouseido.mhlw.go.jp/znk-web/juminkanja/S2430/initialize?prefCd=19&kikanCd=2190000482&kikanKbn=2", "url2": null, "内容": "山岸クリニック【2:診療所】【診療科目:内科_消化器内科_外科_肛門外科】山梨県南都留郡富士河口湖町船津１１９７－１" }, "geometry": { "type": "Point", "coordinates": [ 138.756772, 35.501367 ] } },
{ "type": "Feature", "properties": { "ID": 1922190000484, "正式名称": "勝山診療所", "機関区分": 2, "都道府県コード": 19, "市区町村コード": 430, "所在地": "山梨県南都留郡富士河口湖町勝山４５７５－１０", "緯度": 35.497368, "経度": 138.739801, "url": "https://www.iryou.teikyouseido.mhlw.go.jp/znk-web/juminkanja/S2430/initialize?prefCd=19&kikanCd=2190000484&kikanKbn=2", "url2": "https://www.katsuyamaclinic-yamanashi.com/", "内容": "勝山診療所【2:診療所】【診療科目:内科_心療内科】山梨県南都留郡富士河口湖町勝山４５７５－１０" }, "geometry": { "type": "Point", "coordinates": [ 138.739801, 35.497368 ] } },
{ "type": "Feature", "properties": { "ID": 1922190000485, "正式名称": "甲府市直営上九一色診療所", "機関区分": 2, "都道府県コード": 19, "市区町村コード": 201, "所在地": "山梨県甲府市古関町１１７４", "緯度": 35.53089, "経度": 138.610033, "url": "https://www.iryou.teikyouseido.mhlw.go.jp/znk-web/juminkanja/S2430/initialize?prefCd=19&kikanCd=2190000485&kikanKbn=2", "url2": "http://www.city.kofu.yamanashi.jp/kokuminhoken/kurashi/hoken/hoken/chokue.html", "内容": "甲府市直営上九一色診療所【2:診療所】【診療科目:内科_歯科】山梨県甲府市古関町１１７４" }, "geometry": { "type": "Point", "coordinates": [ 138.610033, 35.53089 ] } },
{ "type": "Feature", "properties": { "ID": 1922190000489, "正式名称": "藤本医院", "機関区分": 2, "都道府県コード": 19, "市区町村コード": 206, "所在地": "山梨県大月市猿橋町伊良原９１－１", "緯度": 35.612277, "経度": 138.983387, "url": "https://www.iryou.teikyouseido.mhlw.go.jp/znk-web/juminkanja/S2430/initialize?prefCd=19&kikanCd=2190000489&kikanKbn=2", "url2": null, "内容": "藤本医院【2:診療所】【診療科目:内科_泌尿器科】山梨県大月市猿橋町伊良原９１－１" }, "geometry": { "type": "Point", "coordinates": [ 138.983387, 35.612277 ] } },
{ "type": "Feature", "properties": { "ID": 1922190000490, "正式名称": "わたなべクリニック", "機関区分": 2, "都道府県コード": 19, "市区町村コード": 206, "所在地": "山梨県大月市猿橋町猿橋１８４", "緯度": 35.613581, "経度": 138.976831, "url": "https://www.iryou.teikyouseido.mhlw.go.jp/znk-web/juminkanja/S2430/initialize?prefCd=19&kikanCd=2190000490&kikanKbn=2", "url2": null, "内容": "わたなべクリニック【2:診療所】【診療科目:内科_耳鼻いんこう科_アレルギー科】山梨県大月市猿橋町猿橋１８４" }, "geometry": { "type": "Point", "coordinates": [ 138.976831, 35.613581 ] } },
{ "type": "Feature", "properties": { "ID": 1922190000491, "正式名称": "黒田医院", "機関区分": 2, "都道府県コード": 19, "市区町村コード": 206, "所在地": "山梨県大月市猿橋町猿橋２４９－２", "緯度": 35.614303, "経度": 138.973859, "url": "https://www.iryou.teikyouseido.mhlw.go.jp/znk-web/juminkanja/S2430/initialize?prefCd=19&kikanCd=2190000491&kikanKbn=2", "url2": null, "内容": "黒田医院【2:診療所】【診療科目:内科】山梨県大月市猿橋町猿橋２４９－２" }, "geometry": { "type": "Point", "coordinates": [ 138.973859, 35.614303 ] } },
{ "type": "Feature", "properties": { "ID": 1922190000493, "正式名称": "はちすか整形外科クリニック", "機関区分": 2, "都道府県コード": 19, "市区町村コード": 206, "所在地": "山梨県大月市駒橋１－２－３６", "緯度": 35.614553, "経度": 138.94739, "url": "https://www.iryou.teikyouseido.mhlw.go.jp/znk-web/juminkanja/S2430/initialize?prefCd=19&kikanCd=2190000493&kikanKbn=2", "url2": "http://www.hachisuka.or.jp", "内容": "はちすか整形外科クリニック【2:診療所】【診療科目:内科_整形外科_リハビリテーション科】山梨県大月市駒橋１－２－３６" }, "geometry": { "type": "Point", "coordinates": [ 138.94739, 35.614553 ] } },
{ "type": "Feature", "properties": { "ID": 1922190000495, "正式名称": "進士医院", "機関区分": 2, "都道府県コード": 19, "市区町村コード": 206, "所在地": "山梨県大月市御太刀１－８－１９", "緯度": 35.612998, "経度": 138.944168, "url": "https://www.iryou.teikyouseido.mhlw.go.jp/znk-web/juminkanja/S2430/initialize?prefCd=19&kikanCd=2190000495&kikanKbn=2", "url2": null, "内容": "進士医院【2:診療所】【診療科目:内科_外科_皮膚科】山梨県大月市御太刀１－８－１９" }, "geometry": { "type": "Point", "coordinates": [ 138.944168, 35.612998 ] } },
{ "type": "Feature", "properties": { "ID": 1922190000496, "正式名称": "医療法人社団すずき整形外科医院", "機関区分": 2, "都道府県コード": 19, "市区町村コード": 206, "所在地": "山梨県大月市御太刀２－８－８", "緯度": 35.61597, "経度": 138.947168, "url": "https://www.iryou.teikyouseido.mhlw.go.jp/znk-web/juminkanja/S2430/initialize?prefCd=19&kikanCd=2190000496&kikanKbn=2", "url2": "https://suzukiorth.wixsite.com/suzukiorth", "内容": "医療法人社団すずき整形外科医院【2:診療所】【診療科目:内科_整形外科_リウマチ科_リハビリテーション科】山梨県大月市御太刀２－８－８" }, "geometry": { "type": "Point", "coordinates": [ 138.947168, 35.61597 ] } },
{ "type": "Feature", "properties": { "ID": 1922190000498, "正式名称": "花田医院", "機関区分": 2, "都道府県コード": 19, "市区町村コード": 206, "所在地": "山梨県大月市初狩町下初狩３２９０", "緯度": 35.59486, "経度": 138.884368, "url": "https://www.iryou.teikyouseido.mhlw.go.jp/znk-web/juminkanja/S2430/initialize?prefCd=19&kikanCd=2190000498&kikanKbn=2", "url2": null, "内容": "花田医院【2:診療所】【診療科目:内科_小児科】山梨県大月市初狩町下初狩３２９０" }, "geometry": { "type": "Point", "coordinates": [ 138.884368, 35.59486 ] } },
{ "type": "Feature", "properties": { "ID": 1922190000500, "正式名称": "武者医院", "機関区分": 2, "都道府県コード": 19, "市区町村コード": 206, "所在地": "山梨県大月市大月１－１５－１８", "緯度": 35.610664, "経度": 138.941334, "url": "https://www.iryou.teikyouseido.mhlw.go.jp/znk-web/juminkanja/S2430/initialize?prefCd=19&kikanCd=2190000500&kikanKbn=2", "url2": null, "内容": "武者医院【2:診療所】【診療科目:内科_小児科_婦人科_皮膚科_泌尿器科】山梨県大月市大月１－１５－１８" }, "geometry": { "type": "Point", "coordinates": [ 138.941334, 35.610664 ] } },
{ "type": "Feature", "properties": { "ID": 1922190000501, "正式名称": "医療法人社団　富士厚生会　富士厚生クリニック", "機関区分": 2, "都道府県コード": 19, "市区町村コード": 206, "所在地": "山梨県大月市大月（１～３丁目）１－１７－２３", "緯度": 35.610581, "経度": 138.942362, "url": "https://www.iryou.teikyouseido.mhlw.go.jp/znk-web/juminkanja/S2430/initialize?prefCd=19&kikanCd=2190000501&kikanKbn=2", "url2": null, "内容": "医療法人社団　富士厚生会　富士厚生クリニック【2:診療所】【診療科目:内科_外科_形成外科_小児科_眼科_泌尿器科_麻酔科】山梨県大月市大月（１～３丁目）１－１７－２３" }, "geometry": { "type": "Point", "coordinates": [ 138.942362, 35.610581 ] } },
{ "type": "Feature", "properties": { "ID": 1922190000502, "正式名称": "堀田医院", "機関区分": 2, "都道府県コード": 19, "市区町村コード": 206, "所在地": "山梨県大月市大月（１～３丁目）１－５－２０", "緯度": 35.611914, "経度": 138.941195, "url": "https://www.iryou.teikyouseido.mhlw.go.jp/znk-web/juminkanja/S2430/initialize?prefCd=19&kikanCd=2190000502&kikanKbn=2", "url2": null, "内容": "堀田医院【2:診療所】【診療科目:内科_小児科】山梨県大月市大月（１～３丁目）１－５－２０" }, "geometry": { "type": "Point", "coordinates": [ 138.941195, 35.611914 ] } },
{ "type": "Feature", "properties": { "ID": 1922190000503, "正式名称": "真木医院", "機関区分": 2, "都道府県コード": 19, "市区町村コード": 206, "所在地": "山梨県大月市大月町真木２１８５－１", "緯度": 35.608081, "経度": 138.903283, "url": "https://www.iryou.teikyouseido.mhlw.go.jp/znk-web/juminkanja/S2430/initialize?prefCd=19&kikanCd=2190000503&kikanKbn=2", "url2": null, "内容": "真木医院【2:診療所】【診療科目:内科_小児科_皮膚科】山梨県大月市大月町真木２１８５－１" }, "geometry": { "type": "Point", "coordinates": [ 138.903283, 35.608081 ] } },
{ "type": "Feature", "properties": { "ID": 1922190000504, "正式名称": "賑岡診療所", "機関区分": 2, "都道府県コード": 19, "市区町村コード": 206, "所在地": "山梨県大月市賑岡町畑倉１１９７－４", "緯度": 35.628412, "経度": 138.948583, "url": "https://www.iryou.teikyouseido.mhlw.go.jp/znk-web/juminkanja/S2430/initialize?prefCd=19&kikanCd=2190000504&kikanKbn=2", "url2": null, "内容": "賑岡診療所【2:診療所】【診療科目:内科_小児科_歯科】山梨県大月市賑岡町畑倉１１９７－４" }, "geometry": { "type": "Point", "coordinates": [ 138.948583, 35.628412 ] } },
{ "type": "Feature", "properties": { "ID": 1922190000510, "正式名称": "医療法人　須藤整形外科医院", "機関区分": 2, "都道府県コード": 19, "市区町村コード": 204, "所在地": "山梨県都留市古川渡３", "緯度": 35.57814, "経度": 138.933254, "url": "https://www.iryou.teikyouseido.mhlw.go.jp/znk-web/juminkanja/S2430/initialize?prefCd=19&kikanCd=2190000510&kikanKbn=2", "url2": null, "内容": "医療法人　須藤整形外科医院【2:診療所】【診療科目:内科_糖尿病内科_代謝内科_脂質代謝内科_糖尿病・内分泌内科_糖尿病・代謝内科_代謝・内分泌内科_呼吸器内科_循環器内科_消化器内科_胃腸内科_腎臓内科_肝臓内科_漢方内科_アレルギー疾患内科_整形外科_小児科_小児皮膚科_小児外科_泌尿器科_腎臓・泌尿器科_アレルギー科_リウマチ科_リハビリテーション科_臨床検査科】山梨県都留市古川渡３" }, "geometry": { "type": "Point", "coordinates": [ 138.933254, 35.57814 ] } },
{ "type": "Feature", "properties": { "ID": 1922190000511, "正式名称": "医療法人社団　野村眼科医院", "機関区分": 2, "都道府県コード": 19, "市区町村コード": 204, "所在地": "山梨県都留市四日市場８－６", "緯度": 35.564807, "経度": 138.914811, "url": "https://www.iryou.teikyouseido.mhlw.go.jp/znk-web/juminkanja/S2430/initialize?prefCd=19&kikanCd=2190000511&kikanKbn=2", "url2": null, "内容": "医療法人社団　野村眼科医院【2:診療所】【診療科目:眼科_アレルギー科】山梨県都留市四日市場８－６" }, "geometry": { "type": "Point", "coordinates": [ 138.914811, 35.564807 ] } },
{ "type": "Feature", "properties": { "ID": 1922190000512, "正式名称": "つる内科クリニック", "機関区分": 2, "都道府県コード": 19, "市区町村コード": 204, "所在地": "山梨県都留市上谷１４６６－１", "緯度": 35.541783, "経度": 138.902036, "url": "https://www.iryou.teikyouseido.mhlw.go.jp/znk-web/juminkanja/S2430/initialize?prefCd=19&kikanCd=2190000512&kikanKbn=2", "url2": null, "内容": "つる内科クリニック【2:診療所】【診療科目:内科_形成外科_皮膚科】山梨県都留市上谷１４６６－１" }, "geometry": { "type": "Point", "coordinates": [ 138.902036, 35.541783 ] } },
{ "type": "Feature", "properties": { "ID": 1922190000514, "正式名称": "医療法人社団心光会　磯部医院", "機関区分": 2, "都道府県コード": 19, "市区町村コード": 204, "所在地": "山梨県都留市中央１－１－１５", "緯度": 35.552643, "経度": 138.907507, "url": "https://www.iryou.teikyouseido.mhlw.go.jp/znk-web/juminkanja/S2430/initialize?prefCd=19&kikanCd=2190000514&kikanKbn=2", "url2": null, "内容": "医療法人社団心光会　磯部医院【2:診療所】【診療科目:内科_産婦人科_皮膚科】山梨県都留市中央１－１－１５" }, "geometry": { "type": "Point", "coordinates": [ 138.907507, 35.552643 ] } },
{ "type": "Feature", "properties": { "ID": 1922190000515, "正式名称": "大戸内科医院", "機関区分": 2, "都道府県コード": 19, "市区町村コード": 204, "所在地": "山梨県都留市中央２－３－５", "緯度": 35.554392, "経度": 138.90934, "url": "https://www.iryou.teikyouseido.mhlw.go.jp/znk-web/juminkanja/S2430/initialize?prefCd=19&kikanCd=2190000515&kikanKbn=2", "url2": null, "内容": "大戸内科医院【2:診療所】【診療科目:内科_消化器内科】山梨県都留市中央２－３－５" }, "geometry": { "type": "Point", "coordinates": [ 138.90934, 35.554392 ] } },
{ "type": "Feature", "properties": { "ID": 1922190000516, "正式名称": "小石澤医院", "機関区分": 2, "都道府県コード": 19, "市区町村コード": 204, "所在地": "山梨県都留市田原２－５－２８", "緯度": 35.542255, "経度": 138.894647, "url": "https://www.iryou.teikyouseido.mhlw.go.jp/znk-web/juminkanja/S2430/initialize?prefCd=19&kikanCd=2190000516&kikanKbn=2", "url2": null, "内容": "小石澤医院【2:診療所】【診療科目:内科_精神科】山梨県都留市田原２－５－２８" }, "geometry": { "type": "Point", "coordinates": [ 138.894647, 35.542255 ] } },
{ "type": "Feature", "properties": { "ID": 1922190000518, "正式名称": "医療法人　誠仁会　武井クリニック", "機関区分": 2, "都道府県コード": 19, "市区町村コード": 204, "所在地": "山梨県都留市法能６６９", "緯度": 35.549559, "経度": 138.921478, "url": "https://www.iryou.teikyouseido.mhlw.go.jp/znk-web/juminkanja/S2430/initialize?prefCd=19&kikanCd=2190000518&kikanKbn=2", "url2": "http://www.takei-cl.com", "内容": "医療法人　誠仁会　武井クリニック【2:診療所】【診療科目:内科_小児科_皮膚科_アレルギー科】山梨県都留市法能６６９" }, "geometry": { "type": "Point", "coordinates": [ 138.921478, 35.549559 ] } },
{ "type": "Feature", "properties": { "ID": 1922190000520, "正式名称": "東桂メディカルクリニック", "機関区分": 2, "都道府県コード": 19, "市区町村コード": 204, "所在地": "山梨県都留市十日市場９５８－１", "緯度": 35.53781, "経度": 138.879815, "url": "https://www.iryou.teikyouseido.mhlw.go.jp/znk-web/juminkanja/S2430/initialize?prefCd=19&kikanCd=2190000520&kikanKbn=2", "url2": "http://www.higashikatsura-medical.com/", "内容": "東桂メディカルクリニック【2:診療所】【診療科目:内科_消化器内科_小児科_皮膚科_泌尿器科】山梨県都留市十日市場９５８－１" }, "geometry": { "type": "Point", "coordinates": [ 138.879815, 35.53781 ] } },
{ "type": "Feature", "properties": { "ID": 1922190000521, "正式名称": "うえのクリニック", "機関区分": 2, "都道府県コード": 19, "市区町村コード": 212, "所在地": "山梨県上野原市コモアしおつ３－２２－５", "緯度": 35.618721, "経度": 139.07274, "url": "https://www.iryou.teikyouseido.mhlw.go.jp/znk-web/juminkanja/S2430/initialize?prefCd=19&kikanCd=2190000521&kikanKbn=2", "url2": null, "内容": "うえのクリニック【2:診療所】【診療科目:内科_胃腸内科】山梨県上野原市コモアしおつ３－２２－５" }, "geometry": { "type": "Point", "coordinates": [ 139.07274, 35.618721 ] } },
{ "type": "Feature", "properties": { "ID": 1922190000522, "正式名称": "山本内科クリニック", "機関区分": 2, "都道府県コード": 19, "市区町村コード": 212, "所在地": "山梨県上野原市松留６４４－２", "緯度": 35.617528, "経度": 139.106098, "url": "https://www.iryou.teikyouseido.mhlw.go.jp/znk-web/juminkanja/S2430/initialize?prefCd=19&kikanCd=2190000522&kikanKbn=2", "url2": null, "内容": "山本内科クリニック【2:診療所】【診療科目:内科_消化器内科】山梨県上野原市松留６４４－２" }, "geometry": { "type": "Point", "coordinates": [ 139.106098, 35.617528 ] } },
{ "type": "Feature", "properties": { "ID": 1922190000524, "正式名称": "川原医院", "機関区分": 2, "都道府県コード": 19, "市区町村コード": 212, "所在地": "山梨県上野原市上野原１９８４", "緯度": 35.625027, "経度": 139.112597, "url": "https://www.iryou.teikyouseido.mhlw.go.jp/znk-web/juminkanja/S2430/initialize?prefCd=19&kikanCd=2190000524&kikanKbn=2", "url2": null, "内容": "川原医院【2:診療所】【診療科目:内科_外科_小児科】山梨県上野原市上野原１９８４" }, "geometry": { "type": "Point", "coordinates": [ 139.112597, 35.625027 ] } },
{ "type": "Feature", "properties": { "ID": 1922190000527, "正式名称": "加藤眼科", "機関区分": 2, "都道府県コード": 19, "市区町村コード": 212, "所在地": "山梨県上野原市上野原３２４１", "緯度": 35.627665, "経度": 139.114291, "url": "https://www.iryou.teikyouseido.mhlw.go.jp/znk-web/juminkanja/S2430/initialize?prefCd=19&kikanCd=2190000527&kikanKbn=2", "url2": null, "内容": "加藤眼科【2:診療所】【診療科目:眼科】山梨県上野原市上野原３２４１" }, "geometry": { "type": "Point", "coordinates": [ 139.114291, 35.627665 ] } },
{ "type": "Feature", "properties": { "ID": 1922190000529, "正式名称": "渡部耳鼻咽喉科医院", "機関区分": 2, "都道府県コード": 19, "市区町村コード": 212, "所在地": "山梨県上野原市上野原３７５３－１", "緯度": 35.632888, "経度": 139.109486, "url": "https://www.iryou.teikyouseido.mhlw.go.jp/znk-web/juminkanja/S2430/initialize?prefCd=19&kikanCd=2190000529&kikanKbn=2", "url2": null, "内容": "渡部耳鼻咽喉科医院【2:診療所】【診療科目:耳鼻いんこう科】山梨県上野原市上野原３７５３－１" }, "geometry": { "type": "Point", "coordinates": [ 139.109486, 35.632888 ] } },
{ "type": "Feature", "properties": { "ID": 1922190000530, "正式名称": "医療法人　山下クリニック", "機関区分": 2, "都道府県コード": 19, "市区町村コード": 212, "所在地": "山梨県上野原市上野原５０９－１", "緯度": 35.624111, "経度": 139.119236, "url": "https://www.iryou.teikyouseido.mhlw.go.jp/znk-web/juminkanja/S2430/initialize?prefCd=19&kikanCd=2190000530&kikanKbn=2", "url2": null, "内容": "医療法人　山下クリニック【2:診療所】【診療科目:内科_循環器内科】山梨県上野原市上野原５０９－１" }, "geometry": { "type": "Point", "coordinates": [ 139.119236, 35.624111 ] } },
{ "type": "Feature", "properties": { "ID": 1922190000531, "正式名称": "上野原市立病院附属西原診療所", "機関区分": 2, "都道府県コード": 19, "市区町村コード": 212, "所在地": "山梨県上野原市西原３９４７", "緯度": 35.701962, "経度": 139.022657, "url": "https://www.iryou.teikyouseido.mhlw.go.jp/znk-web/juminkanja/S2430/initialize?prefCd=19&kikanCd=2190000531&kikanKbn=2", "url2": null, "内容": "上野原市立病院附属西原診療所【2:診療所】【診療科目:内科_外科_小児科】山梨県上野原市西原３９４７" }, "geometry": { "type": "Point", "coordinates": [ 139.022657, 35.701962 ] } },
{ "type": "Feature", "properties": { "ID": 1922190000532, "正式名称": "長田クリニック", "機関区分": 2, "都道府県コード": 19, "市区町村コード": 212, "所在地": "山梨県上野原市鶴島１９３４－２", "緯度": 35.613084, "経度": 139.118903, "url": "https://www.iryou.teikyouseido.mhlw.go.jp/znk-web/juminkanja/S2430/initialize?prefCd=19&kikanCd=2190000532&kikanKbn=2", "url2": null, "内容": "長田クリニック【2:診療所】【診療科目:内科_循環器内科_外科_リハビリテーション科】山梨県上野原市鶴島１９３４－２" }, "geometry": { "type": "Point", "coordinates": [ 139.118903, 35.613084 ] } },
{ "type": "Feature", "properties": { "ID": 1922190000533, "正式名称": "西井クリニック", "機関区分": 2, "都道府県コード": 19, "市区町村コード": 212, "所在地": "山梨県上野原市上野原７２９－１", "緯度": 35.622694, "経度": 139.115319, "url": "https://www.iryou.teikyouseido.mhlw.go.jp/znk-web/juminkanja/S2430/initialize?prefCd=19&kikanCd=2190000533&kikanKbn=2", "url2": "https://nishiicl.jp/", "内容": "西井クリニック【2:診療所】【診療科目:内科_消化器内科】山梨県上野原市上野原７２９－１" }, "geometry": { "type": "Point", "coordinates": [ 139.115319, 35.622694 ] } },
{ "type": "Feature", "properties": { "ID": 1922190000535, "正式名称": "丹波山村国民健康保険診療所", "機関区分": 2, "都道府県コード": 19, "市区町村コード": 443, "所在地": "山梨県北都留郡丹波山村９０３", "緯度": 35.78995, "経度": 138.921884, "url": "https://www.iryou.teikyouseido.mhlw.go.jp/znk-web/juminkanja/S2430/initialize?prefCd=19&kikanCd=2190000535&kikanKbn=2", "url2": null, "内容": "丹波山村国民健康保険診療所【2:診療所】【診療科目:内科_小児科】山梨県北都留郡丹波山村９０３" }, "geometry": { "type": "Point", "coordinates": [ 138.921884, 35.78995 ] } },
{ "type": "Feature", "properties": { "ID": 1922190000539, "正式名称": "道志村国民健康保険診療所", "機関区分": 2, "都道府県コード": 19, "市区町村コード": 422, "所在地": "山梨県南都留郡道志村西和出村７７１０", "緯度": 35.520481, "経度": 139.022471, "url": "https://www.iryou.teikyouseido.mhlw.go.jp/znk-web/juminkanja/S2430/initialize?prefCd=19&kikanCd=2190000539&kikanKbn=2", "url2": "http://www.geocities.jp/doshiclinic2005", "内容": "道志村国民健康保険診療所【2:診療所】【診療科目:内科_外科_救急科】山梨県南都留郡道志村西和出村７７１０" }, "geometry": { "type": "Point", "coordinates": [ 139.022471, 35.520481 ] } },
{ "type": "Feature", "properties": { "ID": 1922190000545, "正式名称": "やまびこ診療所", "機関区分": 2, "都道府県コード": 19, "市区町村コード": 208, "所在地": "山梨県南アルプス市鮎沢１３６３", "緯度": 35.593547, "経度": 138.468541, "url": "https://www.iryou.teikyouseido.mhlw.go.jp/znk-web/juminkanja/S2430/initialize?prefCd=19&kikanCd=2190000545&kikanKbn=2", "url2": "http://yamabiko.dr-clinic.jp", "内容": "やまびこ診療所【2:診療所】【診療科目:小児科_児童精神科_心療内科】山梨県南アルプス市鮎沢１３６３" }, "geometry": { "type": "Point", "coordinates": [ 138.468541, 35.593547 ] } },
{ "type": "Feature", "properties": { "ID": 1922190000550, "正式名称": "医療法人あさ陽会おの整形外科クリニック", "機関区分": 2, "都道府県コード": 19, "市区町村コード": 211, "所在地": "山梨県笛吹市石和町松本１０６０", "緯度": 35.656516, "経度": 138.636608, "url": "https://www.iryou.teikyouseido.mhlw.go.jp/znk-web/juminkanja/S2430/initialize?prefCd=19&kikanCd=2190000550&kikanKbn=2", "url2": null, "内容": "医療法人あさ陽会おの整形外科クリニック【2:診療所】【診療科目:整形外科_リハビリテーション科】山梨県笛吹市石和町松本１０６０" }, "geometry": { "type": "Point", "coordinates": [ 138.636608, 35.656516 ] } },
{ "type": "Feature", "properties": { "ID": 1922190000561, "正式名称": "井口クリニック", "機関区分": 2, "都道府県コード": 19, "市区町村コード": 208, "所在地": "山梨県南アルプス市上八田１４０－８９", "緯度": 35.662039, "経度": 138.47762, "url": "https://www.iryou.teikyouseido.mhlw.go.jp/znk-web/juminkanja/S2430/initialize?prefCd=19&kikanCd=2190000561&kikanKbn=2", "url2": "http://iguchi-clinic.planet.bindcloud.jp/", "内容": "井口クリニック【2:診療所】【診療科目:内科_糖尿病・代謝内科_呼吸器内科_循環器内科_消化器内科】山梨県南アルプス市上八田１４０－８９" }, "geometry": { "type": "Point", "coordinates": [ 138.47762, 35.662039 ] } },
{ "type": "Feature", "properties": { "ID": 1922190000565, "正式名称": "依田産科婦人科クリニック", "機関区分": 2, "都道府県コード": 19, "市区町村コード": 201, "所在地": "山梨県甲府市城東２ー１６－６", "緯度": 35.657737, "経度": 138.580112, "url": "https://www.iryou.teikyouseido.mhlw.go.jp/znk-web/juminkanja/S2430/initialize?prefCd=19&kikanCd=2190000565&kikanKbn=2", "url2": null, "内容": "依田産科婦人科クリニック【2:診療所】【診療科目:産婦人科_産科_婦人科】山梨県甲府市城東２ー１６－６" }, "geometry": { "type": "Point", "coordinates": [ 138.580112, 35.657737 ] } },
{ "type": "Feature", "properties": { "ID": 1922190000568, "正式名称": "たのくらクリニック", "機関区分": 2, "都道府県コード": 19, "市区町村コード": 207, "所在地": "山梨県韮崎市藤井町南下條３３８", "緯度": 35.719783, "経度": 138.450426, "url": "https://www.iryou.teikyouseido.mhlw.go.jp/znk-web/juminkanja/S2430/initialize?prefCd=19&kikanCd=2190000568&kikanKbn=2", "url2": "http://tanokuraclinic.sakura.ne.jp", "内容": "たのくらクリニック【2:診療所】【診療科目:内科_消化器内科】山梨県韮崎市藤井町南下條３３８" }, "geometry": { "type": "Point", "coordinates": [ 138.450426, 35.719783 ] } },
{ "type": "Feature", "properties": { "ID": 1922190000572, "正式名称": "いしはらクリニック", "機関区分": 2, "都道府県コード": 19, "市区町村コード": 430, "所在地": "山梨県南都留郡富士河口湖町船津５８４－１", "緯度": 35.502089, "経度": 138.758826, "url": "https://www.iryou.teikyouseido.mhlw.go.jp/znk-web/juminkanja/S2430/initialize?prefCd=19&kikanCd=2190000572&kikanKbn=2", "url2": null, "内容": "いしはらクリニック【2:診療所】【診療科目:小児科_アレルギー科】山梨県南都留郡富士河口湖町船津５８４－１" }, "geometry": { "type": "Point", "coordinates": [ 138.758826, 35.502089 ] } },
{ "type": "Feature", "properties": { "ID": 1922190000576, "正式名称": "かわむらクリニック", "機関区分": 2, "都道府県コード": 19, "市区町村コード": 202, "所在地": "山梨県富士吉田市上吉田東１－５－５１", "緯度": 35.478538, "経度": 138.795881, "url": "https://www.iryou.teikyouseido.mhlw.go.jp/znk-web/juminkanja/S2430/initialize?prefCd=19&kikanCd=2190000576&kikanKbn=2", "url2": null, "内容": "かわむらクリニック【2:診療所】【診療科目:内科_循環器内科】山梨県富士吉田市上吉田東１－５－５１" }, "geometry": { "type": "Point", "coordinates": [ 138.795881, 35.478538 ] } },
{ "type": "Feature", "properties": { "ID": 1922190000578, "正式名称": "医療法人社団葡萄会　林辺こどもクリニック", "機関区分": 2, "都道府県コード": 19, "市区町村コード": 205, "所在地": "山梨県山梨市小原西１０４５－１", "緯度": 35.694874, "経度": 138.687213, "url": "https://www.iryou.teikyouseido.mhlw.go.jp/znk-web/juminkanja/S2430/initialize?prefCd=19&kikanCd=2190000578&kikanKbn=2", "url2": "http://www.hayashibeclinic.jp/", "内容": "医療法人社団葡萄会　林辺こどもクリニック【2:診療所】【診療科目:小児科】山梨県山梨市小原西１０４５－１" }, "geometry": { "type": "Point", "coordinates": [ 138.687213, 35.694874 ] } },
{ "type": "Feature", "properties": { "ID": 1922190000579, "正式名称": "南部町国民健康保険　万沢診療所", "機関区分": 2, "都道府県コード": 19, "市区町村コード": 366, "所在地": "山梨県南巨摩郡南部町万沢３４０４－１", "緯度": 35.219171, "経度": 138.515444, "url": "https://www.iryou.teikyouseido.mhlw.go.jp/znk-web/juminkanja/S2430/initialize?prefCd=19&kikanCd=2190000579&kikanKbn=2", "url2": "http://www.town.nanbu.yamanashi.jp", "内容": "南部町国民健康保険　万沢診療所【2:診療所】【診療科目:内科_外科_小児科】山梨県南巨摩郡南部町万沢３４０４－１" }, "geometry": { "type": "Point", "coordinates": [ 138.515444, 35.219171 ] } },
{ "type": "Feature", "properties": { "ID": 1922190000583, "正式名称": "医療法人南斗六星会加田クリニック", "機関区分": 2, "都道府県コード": 19, "市区町村コード": 213, "所在地": "山梨県甲州市塩山下於曽１１３３－２", "緯度": 35.697957, "経度": 138.725626, "url": "https://www.iryou.teikyouseido.mhlw.go.jp/znk-web/juminkanja/S2430/initialize?prefCd=19&kikanCd=2190000583&kikanKbn=2", "url2": "https://www.kadaclinic.com/", "内容": "医療法人南斗六星会加田クリニック【2:診療所】【診療科目:内科_整形外科_リハビリテーション科】山梨県甲州市塩山下於曽１１３３－２" }, "geometry": { "type": "Point", "coordinates": [ 138.725626, 35.697957 ] } },
{ "type": "Feature", "properties": { "ID": 1922190000585, "正式名称": "まえざわクリニック", "機関区分": 2, "都道府県コード": 19, "市区町村コード": 207, "所在地": "山梨県韮崎市若宮２－１４－１", "緯度": 35.713034, "経度": 138.453454, "url": "https://www.iryou.teikyouseido.mhlw.go.jp/znk-web/juminkanja/S2430/initialize?prefCd=19&kikanCd=2190000585&kikanKbn=2", "url2": "http://www.maezawa.dr-clinic.jp", "内容": "まえざわクリニック【2:診療所】【診療科目:泌尿器科】山梨県韮崎市若宮２－１４－１" }, "geometry": { "type": "Point", "coordinates": [ 138.453454, 35.713034 ] } },
{ "type": "Feature", "properties": { "ID": 1922190000586, "正式名称": "古屋クリニック", "機関区分": 2, "都道府県コード": 19, "市区町村コード": 214, "所在地": "山梨県中央市山之神１５３３－２１", "緯度": 35.613906, "経度": 138.512204, "url": "https://www.iryou.teikyouseido.mhlw.go.jp/znk-web/juminkanja/S2430/initialize?prefCd=19&kikanCd=2190000586&kikanKbn=2", "url2": null, "内容": "古屋クリニック【2:診療所】【診療科目:内科_循環器内科】山梨県中央市山之神１５３３－２１" }, "geometry": { "type": "Point", "coordinates": [ 138.512204, 35.613906 ] } },
{ "type": "Feature", "properties": { "ID": 1922190000587, "正式名称": "医療法人なゆた会　おかべ内科・神経内科クリニック", "機関区分": 2, "都道府県コード": 19, "市区町村コード": 210, "所在地": "山梨県甲斐市万才８３３－１", "緯度": 35.642931, "経度": 138.534506, "url": "https://www.iryou.teikyouseido.mhlw.go.jp/znk-web/juminkanja/S2430/initialize?prefCd=19&kikanCd=2190000587&kikanKbn=2", "url2": "http://www.okabe-clinic.com", "内容": "医療法人なゆた会　おかべ内科・神経内科クリニック【2:診療所】【診療科目:内科_神経内科】山梨県甲斐市万才８３３－１" }, "geometry": { "type": "Point", "coordinates": [ 138.534506, 35.642931 ] } },
{ "type": "Feature", "properties": { "ID": 1922190000588, "正式名称": "ばんどう整形外科クリニック", "機関区分": 2, "都道府県コード": 19, "市区町村コード": 201, "所在地": "山梨県甲府市古上条町２１－２", "緯度": 35.626823, "経度": 138.55781, "url": "https://www.iryou.teikyouseido.mhlw.go.jp/znk-web/juminkanja/S2430/initialize?prefCd=19&kikanCd=2190000588&kikanKbn=2", "url2": null, "内容": "ばんどう整形外科クリニック【2:診療所】【診療科目:整形外科】山梨県甲府市古上条町２１－２" }, "geometry": { "type": "Point", "coordinates": [ 138.55781, 35.626823 ] } },
{ "type": "Feature", "properties": { "ID": 1922190000595, "正式名称": "医療法人社団ふなやまペインクリニック", "機関区分": 2, "都道府県コード": 19, "市区町村コード": 201, "所在地": "山梨県甲府市国母１－２２－２０", "緯度": 35.647376, "経度": 138.556726, "url": "https://www.iryou.teikyouseido.mhlw.go.jp/znk-web/juminkanja/S2430/initialize?prefCd=19&kikanCd=2190000595&kikanKbn=2", "url2": "http://funayama-pc.jp/", "内容": "医療法人社団ふなやまペインクリニック【2:診療所】【診療科目:内科_ペインクリニック内科_麻酔科】山梨県甲府市国母１－２２－２０" }, "geometry": { "type": "Point", "coordinates": [ 138.556726, 35.647376 ] } },
{ "type": "Feature", "properties": { "ID": 1922190000597, "正式名称": "けやき通り整形外科", "機関区分": 2, "都道府県コード": 19, "市区町村コード": 201, "所在地": "山梨県甲府市上町３３９", "緯度": 35.62799, "経度": 138.591391, "url": "https://www.iryou.teikyouseido.mhlw.go.jp/znk-web/juminkanja/S2430/initialize?prefCd=19&kikanCd=2190000597&kikanKbn=2", "url2": "http://keyakiseikei.com/", "内容": "けやき通り整形外科【2:診療所】【診療科目:整形外科_リハビリテーション科】山梨県甲府市上町３３９" }, "geometry": { "type": "Point", "coordinates": [ 138.591391, 35.62799 ] } },
{ "type": "Feature", "properties": { "ID": 1922190000603, "正式名称": "樂天堂整形外科", "機関区分": 2, "都道府県コード": 19, "市区町村コード": 202, "所在地": "山梨県富士吉田市上吉田２－５－１", "緯度": 35.483675, "経度": 138.795602, "url": "https://www.iryou.teikyouseido.mhlw.go.jp/znk-web/juminkanja/S2430/initialize?prefCd=19&kikanCd=2190000603&kikanKbn=2", "url2": "http://www.rakutendo.jp", "内容": "樂天堂整形外科【2:診療所】【診療科目:内科_整形外科_リウマチ科_リハビリテーション科】山梨県富士吉田市上吉田２－５－１" }, "geometry": { "type": "Point", "coordinates": [ 138.795602, 35.483675 ] } },
{ "type": "Feature", "properties": { "ID": 1922190000606, "正式名称": "健康科学大学クリニック", "機関区分": 2, "都道府県コード": 19, "市区町村コード": 430, "所在地": "山梨県南都留郡富士河口湖町小立２４８７", "緯度": 35.504422, "経度": 138.754105, "url": "https://www.iryou.teikyouseido.mhlw.go.jp/znk-web/juminkanja/S2430/initialize?prefCd=19&kikanCd=2190000606&kikanKbn=2", "url2": "http://www.kenkoudai-clinic.com/", "内容": "健康科学大学クリニック【2:診療所】【診療科目:内科_整形外科_小児科_リハビリテーション科】山梨県南都留郡富士河口湖町小立２４８７" }, "geometry": { "type": "Point", "coordinates": [ 138.754105, 35.504422 ] } },
{ "type": "Feature", "properties": { "ID": 1922190000607, "正式名称": "中里内科クリニックＤＭ", "機関区分": 2, "都道府県コード": 19, "市区町村コード": 211, "所在地": "山梨県笛吹市一宮町本都塚１４８－１", "緯度": 35.649239, "経度": 138.688104, "url": "https://www.iryou.teikyouseido.mhlw.go.jp/znk-web/juminkanja/S2430/initialize?prefCd=19&kikanCd=2190000607&kikanKbn=2", "url2": "http://www.nakazato-cl.com", "内容": "中里内科クリニックＤＭ【2:診療所】【診療科目:内科_糖尿病内科_代謝内科_内分泌内科_脂質代謝内科_糖尿病・内分泌内科_糖尿病・代謝内科_代謝・内分泌内科】山梨県笛吹市一宮町本都塚１４８－１" }, "geometry": { "type": "Point", "coordinates": [ 138.688104, 35.649239 ] } },
{ "type": "Feature", "properties": { "ID": 1922190000608, "正式名称": "望月内科クリニック", "機関区分": 2, "都道府県コード": 19, "市区町村コード": 211, "所在地": "山梨県笛吹市御坂町井之上８１９－１", "緯度": 35.635379, "経度": 138.654191, "url": "https://www.iryou.teikyouseido.mhlw.go.jp/znk-web/juminkanja/S2430/initialize?prefCd=19&kikanCd=2190000608&kikanKbn=2", "url2": "http://www.mochizuki-naika.com", "内容": "望月内科クリニック【2:診療所】【診療科目:内科_心臓内科_小児科】山梨県笛吹市御坂町井之上８１９－１" }, "geometry": { "type": "Point", "coordinates": [ 138.654191, 35.635379 ] } },
{ "type": "Feature", "properties": { "ID": 1922190000610, "正式名称": "ふえふき　こども　クリニック", "機関区分": 2, "都道府県コード": 19, "市区町村コード": 211, "所在地": "山梨県笛吹市石和町井戸１７２－１", "緯度": 35.625546, "経度": 138.602973, "url": "https://www.iryou.teikyouseido.mhlw.go.jp/znk-web/juminkanja/S2430/initialize?prefCd=19&kikanCd=2190000610&kikanKbn=2", "url2": "http://fuefuki.byoinnavi.jp/", "内容": "ふえふき　こども　クリニック【2:診療所】【診療科目:小児科】山梨県笛吹市石和町井戸１７２－１" }, "geometry": { "type": "Point", "coordinates": [ 138.602973, 35.625546 ] } },
{ "type": "Feature", "properties": { "ID": 1922190000611, "正式名称": "医療法人一規会　斉藤眼科", "機関区分": 2, "都道府県コード": 19, "市区町村コード": 213, "所在地": "山梨県甲州市塩山上塩後２８５－１", "緯度": 35.701678, "経度": 138.72057, "url": "https://www.iryou.teikyouseido.mhlw.go.jp/znk-web/juminkanja/S2430/initialize?prefCd=19&kikanCd=2190000611&kikanKbn=2", "url2": "http://www.saito-eye-clinic.com", "内容": "医療法人一規会　斉藤眼科【2:診療所】【診療科目:眼科】山梨県甲州市塩山上塩後２８５－１" }, "geometry": { "type": "Point", "coordinates": [ 138.72057, 35.701678 ] } },
{ "type": "Feature", "properties": { "ID": 1922190000612, "正式名称": "おさだ内科クリニック", "機関区分": 2, "都道府県コード": 19, "市区町村コード": 201, "所在地": "山梨県甲府市山宮町８２９－３", "緯度": 35.690342, "経度": 138.532854, "url": "https://www.iryou.teikyouseido.mhlw.go.jp/znk-web/juminkanja/S2430/initialize?prefCd=19&kikanCd=2190000612&kikanKbn=2", "url2": "https://osada-medical-clinic.tkc.best-hp.jp/", "内容": "おさだ内科クリニック【2:診療所】【診療科目:内科_循環器内科】山梨県甲府市山宮町８２９－３" }, "geometry": { "type": "Point", "coordinates": [ 138.532854, 35.690342 ] } },
{ "type": "Feature", "properties": { "ID": 1922190000614, "正式名称": "おさだクリニック", "機関区分": 2, "都道府県コード": 19, "市区町村コード": 201, "所在地": "山梨県甲府市下飯田２－４－６", "緯度": 35.662986, "経度": 138.549753, "url": "https://www.iryou.teikyouseido.mhlw.go.jp/znk-web/juminkanja/S2430/initialize?prefCd=19&kikanCd=2190000614&kikanKbn=2", "url2": "http://www.osada-clinic.jp/", "内容": "おさだクリニック【2:診療所】【診療科目:内科_循環器内科】山梨県甲府市下飯田２－４－６" }, "geometry": { "type": "Point", "coordinates": [ 138.549753, 35.662986 ] } },
{ "type": "Feature", "properties": { "ID": 1922190000615, "正式名称": "岩瀬内科クリニック", "機関区分": 2, "都道府県コード": 19, "市区町村コード": 213, "所在地": "山梨県甲州市塩山上於曽１１０９", "緯度": 35.705373, "経度": 138.731208, "url": "https://www.iryou.teikyouseido.mhlw.go.jp/znk-web/juminkanja/S2430/initialize?prefCd=19&kikanCd=2190000615&kikanKbn=2", "url2": "http://www.myclinic.ne.jp/iwase_cl/pc/", "内容": "岩瀬内科クリニック【2:診療所】【診療科目:内科_消化器内科_小児科】山梨県甲州市塩山上於曽１１０９" }, "geometry": { "type": "Point", "coordinates": [ 138.731208, 35.705373 ] } },
{ "type": "Feature", "properties": { "ID": 1922190000617, "正式名称": "きっかわ整形外科クリニック", "機関区分": 2, "都道府県コード": 19, "市区町村コード": 207, "所在地": "山梨県韮崎市若宮２－８－１８", "緯度": 35.713644, "経度": 138.451759, "url": "https://www.iryou.teikyouseido.mhlw.go.jp/znk-web/juminkanja/S2430/initialize?prefCd=19&kikanCd=2190000617&kikanKbn=2", "url2": "https://www.kikkawa-seikei.com/", "内容": "きっかわ整形外科クリニック【2:診療所】【診療科目:整形外科_リウマチ科_リハビリテーション科】山梨県韮崎市若宮２－８－１８" }, "geometry": { "type": "Point", "coordinates": [ 138.451759, 35.713644 ] } },
{ "type": "Feature", "properties": { "ID": 1922190000618, "正式名称": "医療法人　いいのクリニック", "機関区分": 2, "都道府県コード": 19, "市区町村コード": 207, "所在地": "山梨県韮崎市本町２－１４－１５", "緯度": 35.703785, "経度": 138.453427, "url": "https://www.iryou.teikyouseido.mhlw.go.jp/znk-web/juminkanja/S2430/initialize?prefCd=19&kikanCd=2190000618&kikanKbn=2", "url2": "http://iino-clinic.sub.jp/", "内容": "医療法人　いいのクリニック【2:診療所】【診療科目:内科_消化器内科_外科_乳腺外科_肛門外科】山梨県韮崎市本町２－１４－１５" }, "geometry": { "type": "Point", "coordinates": [ 138.453427, 35.703785 ] } },
{ "type": "Feature", "properties": { "ID": 1922190000620, "正式名称": "小舘クリニック", "機関区分": 2, "都道府県コード": 19, "市区町村コード": 430, "所在地": "山梨県南都留郡富士河口湖町船津７４４５－２", "緯度": 35.486536, "経度": 138.7633, "url": "https://www.iryou.teikyouseido.mhlw.go.jp/znk-web/juminkanja/S2430/initialize?prefCd=19&kikanCd=2190000620&kikanKbn=2", "url2": null, "内容": "小舘クリニック【2:診療所】【診療科目:内科】山梨県南都留郡富士河口湖町船津７４４５－２" }, "geometry": { "type": "Point", "coordinates": [ 138.7633, 35.486536 ] } },
{ "type": "Feature", "properties": { "ID": 1922190000621, "正式名称": "あまの診療所", "機関区分": 2, "都道府県コード": 19, "市区町村コード": 424, "所在地": "山梨県南都留郡忍野村忍草１４００－３５", "緯度": 35.459762, "経度": 138.843405, "url": "https://www.iryou.teikyouseido.mhlw.go.jp/znk-web/juminkanja/S2430/initialize?prefCd=19&kikanCd=2190000621&kikanKbn=2", "url2": null, "内容": "あまの診療所【2:診療所】【診療科目:内科_小児科_心療内科】山梨県南都留郡忍野村忍草１４００－３５" }, "geometry": { "type": "Point", "coordinates": [ 138.843405, 35.459762 ] } },
{ "type": "Feature", "properties": { "ID": 1922190000625, "正式名称": "笛吹脳神経外科内科", "機関区分": 2, "都道府県コード": 19, "市区町村コード": 211, "所在地": "山梨県笛吹市石和町広瀬７７２－１", "緯度": 35.641072, "経度": 138.621804, "url": "https://www.iryou.teikyouseido.mhlw.go.jp/znk-web/juminkanja/S2430/initialize?prefCd=19&kikanCd=2190000625&kikanKbn=2", "url2": "http://fuefuki-nc.com/", "内容": "笛吹脳神経外科内科【2:診療所】【診療科目:内科_脳神経外科】山梨県笛吹市石和町広瀬７７２－１" }, "geometry": { "type": "Point", "coordinates": [ 138.621804, 35.641072 ] } },
{ "type": "Feature", "properties": { "ID": 1922190000626, "正式名称": "こうの内科クリニック", "機関区分": 2, "都道府県コード": 19, "市区町村コード": 208, "所在地": "山梨県南アルプス市桃園１６８８－３", "緯度": 35.620155, "経度": 138.464929, "url": "https://www.iryou.teikyouseido.mhlw.go.jp/znk-web/juminkanja/S2430/initialize?prefCd=19&kikanCd=2190000626&kikanKbn=2", "url2": "http://www.kohno-clinic.com", "内容": "こうの内科クリニック【2:診療所】【診療科目:内科_消化器内科】山梨県南アルプス市桃園１６８８－３" }, "geometry": { "type": "Point", "coordinates": [ 138.464929, 35.620155 ] } },
{ "type": "Feature", "properties": { "ID": 1922190000700, "正式名称": "原口内科・腎クリニック", "機関区分": 2, "都道府県コード": 19, "市区町村コード": 210, "所在地": "山梨県甲斐市篠原２９７５－１", "緯度": 35.657791, "経度": 138.521617, "url": "https://www.iryou.teikyouseido.mhlw.go.jp/znk-web/juminkanja/S2430/initialize?prefCd=19&kikanCd=2190000700&kikanKbn=2", "url2": "http://www.haracli.org", "内容": "原口内科・腎クリニック【2:診療所】【診療科目:内科】山梨県甲斐市篠原２９７５－１" }, "geometry": { "type": "Point", "coordinates": [ 138.521617, 35.657791 ] } },
{ "type": "Feature", "properties": { "ID": 1922190000702, "正式名称": "いいじまこどもクリニック", "機関区分": 2, "都道府県コード": 19, "市区町村コード": 201, "所在地": "山梨県甲府市宮原町２００３", "緯度": 35.623573, "経度": 138.554283, "url": "https://www.iryou.teikyouseido.mhlw.go.jp/znk-web/juminkanja/S2430/initialize?prefCd=19&kikanCd=2190000702&kikanKbn=2", "url2": "http://www.DR-EASY.jp/", "内容": "いいじまこどもクリニック【2:診療所】【診療科目:小児科】山梨県甲府市宮原町２００３" }, "geometry": { "type": "Point", "coordinates": [ 138.554283, 35.623573 ] } },
{ "type": "Feature", "properties": { "ID": 1922190000703, "正式名称": "大石耳鼻咽喉科クリニック", "機関区分": 2, "都道府県コード": 19, "市区町村コード": 201, "所在地": "山梨県甲府市緑が丘１－１－２１", "緯度": 35.677373, "経度": 138.55803, "url": "https://www.iryou.teikyouseido.mhlw.go.jp/znk-web/juminkanja/S2430/initialize?prefCd=19&kikanCd=2190000703&kikanKbn=2", "url2": "ohishi-ent.com", "内容": "大石耳鼻咽喉科クリニック【2:診療所】【診療科目:耳鼻いんこう科】山梨県甲府市緑が丘１－１－２１" }, "geometry": { "type": "Point", "coordinates": [ 138.55803, 35.677373 ] } },
{ "type": "Feature", "properties": { "ID": 1922190000704, "正式名称": "一般社団法人甲府市医師会救急医療センター", "機関区分": 2, "都道府県コード": 19, "市区町村コード": 201, "所在地": "山梨県甲府市幸町１４－６", "緯度": 35.645821, "経度": 138.572808, "url": "https://www.iryou.teikyouseido.mhlw.go.jp/znk-web/juminkanja/S2430/initialize?prefCd=19&kikanCd=2190000704&kikanKbn=2", "url2": "http://www.kokumon.co.jp/kofuishi/ippan/center3.html", "内容": "一般社団法人甲府市医師会救急医療センター【2:診療所】【診療科目:小児科】山梨県甲府市幸町１４－６" }, "geometry": { "type": "Point", "coordinates": [ 138.572808, 35.645821 ] } },
{ "type": "Feature", "properties": { "ID": 1922190000708, "正式名称": "心療内科たけうちクリニック", "機関区分": 2, "都道府県コード": 19, "市区町村コード": 201, "所在地": "山梨県甲府市国母７－５－１７　サンライン甲府ビル２Ｆ－Ａ", "緯度": 35.636988, "経度": 138.547894, "url": "https://www.iryou.teikyouseido.mhlw.go.jp/znk-web/juminkanja/S2430/initialize?prefCd=19&kikanCd=2190000708&kikanKbn=2", "url2": "http://nttbj.itp.ne.jp/0552235560/", "内容": "心療内科たけうちクリニック【2:診療所】【診療科目:精神科_心療内科】山梨県甲府市国母７－５－１７　サンライン甲府ビル２Ｆ－Ａ" }, "geometry": { "type": "Point", "coordinates": [ 138.547894, 35.636988 ] } },
{ "type": "Feature", "properties": { "ID": 1922190000709, "正式名称": "東京青山クリニック甲府院", "機関区分": 2, "都道府県コード": 19, "市区町村コード": 201, "所在地": "山梨県甲府市丸の内２－２－３　浅川ビル３階", "緯度": 35.665819, "経度": 138.567808, "url": "https://www.iryou.teikyouseido.mhlw.go.jp/znk-web/juminkanja/S2430/initialize?prefCd=19&kikanCd=2190000709&kikanKbn=2", "url2": "http://www.tac-kofu.com", "内容": "東京青山クリニック甲府院【2:診療所】【診療科目:形成外科_美容外科_皮膚科】山梨県甲府市丸の内２－２－３　浅川ビル３階" }, "geometry": { "type": "Point", "coordinates": [ 138.567808, 35.665819 ] } },
{ "type": "Feature", "properties": { "ID": 1922190000713, "正式名称": "山梨県赤十字血液センター", "機関区分": 2, "都道府県コード": 19, "市区町村コード": 201, "所在地": "山梨県甲府市池田１－６－１", "緯度": 35.671235, "経度": 138.545975, "url": "https://www.iryou.teikyouseido.mhlw.go.jp/znk-web/juminkanja/S2430/initialize?prefCd=19&kikanCd=2190000713&kikanKbn=2", "url2": "https://www.bs.jrc.or.jp/ktks/yamanashi/", "内容": "山梨県赤十字血液センター【2:診療所】【診療科目:献血者の診療】山梨県甲府市池田１－６－１" }, "geometry": { "type": "Point", "coordinates": [ 138.545975, 35.671235 ] } },
{ "type": "Feature", "properties": { "ID": 1922190000714, "正式名称": "山梨県赤十字血液センター甲府出張所", "機関区分": 2, "都道府県コード": 19, "市区町村コード": 201, "所在地": "山梨県甲府市中央２－９－２１", "緯度": 35.659986, "経度": 138.573974, "url": "https://www.iryou.teikyouseido.mhlw.go.jp/znk-web/juminkanja/S2430/initialize?prefCd=19&kikanCd=2190000714&kikanKbn=2", "url2": "https://www.bs.jrc.or.jp/ktks/yamanashi/", "内容": "山梨県赤十字血液センター甲府出張所【2:診療所】【診療科目:献血者の受入業務のため一般診療なし】山梨県甲府市中央２－９－２１" }, "geometry": { "type": "Point", "coordinates": [ 138.573974, 35.659986 ] } },
{ "type": "Feature", "properties": { "ID": 1922190000715, "正式名称": "山梨県立こころの発達総合支援センター　甲府クリニック", "機関区分": 2, "都道府県コード": 19, "市区町村コード": 201, "所在地": "山梨県甲府市住吉２－１－１７", "緯度": 35.638405, "経度": 138.569225, "url": "https://www.iryou.teikyouseido.mhlw.go.jp/znk-web/juminkanja/S2430/initialize?prefCd=19&kikanCd=2190000715&kikanKbn=2", "url2": "http://www.pref.yamanashi.jp/kokoro-hattatsu/index.html", "内容": "山梨県立こころの発達総合支援センター　甲府クリニック【2:診療所】【診療科目:小児神経内科_精神科】山梨県甲府市住吉２－１－１７" }, "geometry": { "type": "Point", "coordinates": [ 138.569225, 35.638405 ] } },
{ "type": "Feature", "properties": { "ID": 1922190000719, "正式名称": "北岳診療所", "機関区分": 2, "都道府県コード": 19, "市区町村コード": 208, "所在地": "山梨県南アルプス市芦安芦倉字野呂川入西方１６８４", "緯度": 35.666146, "経度": 138.238168, "url": "https://www.iryou.teikyouseido.mhlw.go.jp/znk-web/juminkanja/S2430/initialize?prefCd=19&kikanCd=2190000719&kikanKbn=2", "url2": null, "内容": "北岳診療所【2:診療所】【診療科目:内科_外科】山梨県南アルプス市芦安芦倉字野呂川入西方１６８４" }, "geometry": { "type": "Point", "coordinates": [ 138.238168, 35.666146 ] } },
{ "type": "Feature", "properties": { "ID": 1922190000733, "正式名称": "笛吹市芦川国民健康保険診療所", "機関区分": 2, "都道府県コード": 19, "市区町村コード": 211, "所在地": "山梨県笛吹市芦川町鶯宿４６６－１", "緯度": 35.548805, "経度": 138.6535, "url": "https://www.iryou.teikyouseido.mhlw.go.jp/znk-web/juminkanja/S2430/initialize?prefCd=19&kikanCd=2190000733&kikanKbn=2", "url2": null, "内容": "笛吹市芦川国民健康保険診療所【2:診療所】【診療科目:内科_小児科_歯科】山梨県笛吹市芦川町鶯宿４６６－１" }, "geometry": { "type": "Point", "coordinates": [ 138.6535, 35.548805 ] } },
{ "type": "Feature", "properties": { "ID": 1922190000740, "正式名称": "高田内科クリニック", "機関区分": 2, "都道府県コード": 19, "市区町村コード": 202, "所在地": "山梨県富士吉田市上吉田４２０３－２", "緯度": 35.480203, "経度": 138.783853, "url": "https://www.iryou.teikyouseido.mhlw.go.jp/znk-web/juminkanja/S2430/initialize?prefCd=19&kikanCd=2190000740&kikanKbn=2", "url2": null, "内容": "高田内科クリニック【2:診療所】【診療科目:内科_糖尿病・内分泌内科_腎臓内科】山梨県富士吉田市上吉田４２０３－２" }, "geometry": { "type": "Point", "coordinates": [ 138.783853, 35.480203 ] } },
{ "type": "Feature", "properties": { "ID": 1922190000742, "正式名称": "山梨県立こころの発達総合支援センター　都留クリニック", "機関区分": 2, "都道府県コード": 19, "市区町村コード": 204, "所在地": "山梨県都留市田原２－１３－４３", "緯度": 35.53981, "経度": 138.895647, "url": "https://www.iryou.teikyouseido.mhlw.go.jp/znk-web/juminkanja/S2430/initialize?prefCd=19&kikanCd=2190000742&kikanKbn=2", "url2": "http://www.pref.yamanashi.jp/kokoro-hattatsu/index.html", "内容": "山梨県立こころの発達総合支援センター　都留クリニック【2:診療所】【診療科目:小児神経内科_精神科】山梨県都留市田原２－１３－４３" }, "geometry": { "type": "Point", "coordinates": [ 138.895647, 35.53981 ] } },
{ "type": "Feature", "properties": { "ID": 1922190000743, "正式名称": "共立診療所さるはし", "機関区分": 2, "都道府県コード": 19, "市区町村コード": 206, "所在地": "山梨県大月市猿橋町殿上５８７－１", "緯度": 35.611803, "経度": 138.967638, "url": "https://www.iryou.teikyouseido.mhlw.go.jp/znk-web/juminkanja/S2430/initialize?prefCd=19&kikanCd=2190000743&kikanKbn=2", "url2": "http://www.yamanashi-min.jp/saruhashi", "内容": "共立診療所さるはし【2:診療所】【診療科目:内科】山梨県大月市猿橋町殿上５８７－１" }, "geometry": { "type": "Point", "coordinates": [ 138.967638, 35.611803 ] } },
{ "type": "Feature", "properties": { "ID": 1922190000744, "正式名称": "医療法人　天地人　上野原梶谷整形外科", "機関区分": 2, "都道府県コード": 19, "市区町村コード": 212, "所在地": "山梨県上野原市上野原３７８５－１", "緯度": 35.631193, "経度": 139.108515, "url": "https://www.iryou.teikyouseido.mhlw.go.jp/znk-web/juminkanja/S2430/initialize?prefCd=19&kikanCd=2190000744&kikanKbn=2", "url2": "http://www.kajitani-seikeigeka.com/", "内容": "医療法人　天地人　上野原梶谷整形外科【2:診療所】【診療科目:整形外科_泌尿器科_リウマチ科_リハビリテーション科】山梨県上野原市上野原３７８５－１" }, "geometry": { "type": "Point", "coordinates": [ 139.108515, 35.631193 ] } },
{ "type": "Feature", "properties": { "ID": 1922190000747, "正式名称": "国民健康保険小菅村診療所", "機関区分": 2, "都道府県コード": 19, "市区町村コード": 442, "所在地": "山梨県北都留郡小菅村６０２７", "緯度": 35.76076, "経度": 138.936717, "url": "https://www.iryou.teikyouseido.mhlw.go.jp/znk-web/juminkanja/S2430/initialize?prefCd=19&kikanCd=2190000747&kikanKbn=2", "url2": null, "内容": "国民健康保険小菅村診療所【2:診療所】【診療科目:内科_小児科】山梨県北都留郡小菅村６０２７" }, "geometry": { "type": "Point", "coordinates": [ 138.936717, 35.76076 ] } },
{ "type": "Feature", "properties": { "ID": 1922190000812, "正式名称": "特別養護老人ホームみのる荘　みのる荘診療所", "機関区分": 2, "都道府県コード": 19, "市区町村コード": 209, "所在地": "山梨県北杜市高根町箕輪２２７０－１", "緯度": 35.821028, "経度": 138.426862, "url": "https://www.iryou.teikyouseido.mhlw.go.jp/znk-web/juminkanja/S2430/initialize?prefCd=19&kikanCd=2190000812&kikanKbn=2", "url2": null, "内容": "特別養護老人ホームみのる荘　みのる荘診療所【2:診療所】【診療科目:内科】山梨県北杜市高根町箕輪２２７０－１" }, "geometry": { "type": "Point", "coordinates": [ 138.426862, 35.821028 ] } },
{ "type": "Feature", "properties": { "ID": 1922190000856, "正式名称": "一般財団法人　山梨整肢更生会　中村外科医院", "機関区分": 2, "都道府県コード": 19, "市区町村コード": 201, "所在地": "山梨県甲府市丸の内１－１２－３", "緯度": 35.663764, "経度": 138.571808, "url": "https://www.iryou.teikyouseido.mhlw.go.jp/znk-web/juminkanja/S2430/initialize?prefCd=19&kikanCd=2190000856&kikanKbn=2", "url2": "http://fujionsen.jp/nakamura/index.html", "内容": "一般財団法人　山梨整肢更生会　中村外科医院【2:診療所】【診療科目:内科_呼吸器内科_消化器内科_胃腸内科_外科_肛門外科_整形外科_リハビリテーション科】山梨県甲府市丸の内１－１２－３" }, "geometry": { "type": "Point", "coordinates": [ 138.571808, 35.663764 ] } },
{ "type": "Feature", "properties": { "ID": 1922190001001, "正式名称": "富士彩クリニック", "機関区分": 2, "都道府県コード": 19, "市区町村コード": 202, "所在地": "山梨県富士吉田市上吉田３－４－２８", "緯度": 35.487481, "経度": 138.807879, "url": "https://www.iryou.teikyouseido.mhlw.go.jp/znk-web/juminkanja/S2430/initialize?prefCd=19&kikanCd=2190001001&kikanKbn=2", "url2": "http://www.fujisai.jp/", "内容": "富士彩クリニック【2:診療所】【診療科目:外科_形成外科_美容外科_美容皮膚科】山梨県富士吉田市上吉田３－４－２８" }, "geometry": { "type": "Point", "coordinates": [ 138.807879, 35.487481 ] } },
{ "type": "Feature", "properties": { "ID": 1922190001002, "正式名称": "あとべ心のクリニック", "機関区分": 2, "都道府県コード": 19, "市区町村コード": 201, "所在地": "山梨県甲府市増坪町５４１－３", "緯度": 35.633905, "経度": 138.590779, "url": "https://www.iryou.teikyouseido.mhlw.go.jp/znk-web/juminkanja/S2430/initialize?prefCd=19&kikanCd=2190001002&kikanKbn=2", "url2": "http://www.atobe-kokoro.com/", "内容": "あとべ心のクリニック【2:診療所】【診療科目:精神科_心療内科】山梨県甲府市増坪町５４１－３" }, "geometry": { "type": "Point", "coordinates": [ 138.590779, 35.633905 ] } },
{ "type": "Feature", "properties": { "ID": 1922190001003, "正式名称": "こぐれ眼科クリニック", "機関区分": 2, "都道府県コード": 19, "市区町村コード": 384, "所在地": "山梨県中巨摩郡昭和町押越７０－１", "緯度": 35.629767, "経度": 138.540339, "url": "https://www.iryou.teikyouseido.mhlw.go.jp/znk-web/juminkanja/S2430/initialize?prefCd=19&kikanCd=2190001003&kikanKbn=2", "url2": "http://www.kogureganka.jp", "内容": "こぐれ眼科クリニック【2:診療所】【診療科目:眼科】山梨県中巨摩郡昭和町押越７０－１" }, "geometry": { "type": "Point", "coordinates": [ 138.540339, 35.629767 ] } },
{ "type": "Feature", "properties": { "ID": 1922190001004, "正式名称": "もりの木こどもクリニック", "機関区分": 2, "都道府県コード": 19, "市区町村コード": 201, "所在地": "山梨県甲府市砂田町１０－２", "緯度": 35.654598, "経度": 138.592195, "url": "https://www.iryou.teikyouseido.mhlw.go.jp/znk-web/juminkanja/S2430/initialize?prefCd=19&kikanCd=2190001004&kikanKbn=2", "url2": "http://www.morinoki-clinic.jp/", "内容": "もりの木こどもクリニック【2:診療所】【診療科目:小児科】山梨県甲府市砂田町１０－２" }, "geometry": { "type": "Point", "coordinates": [ 138.592195, 35.654598 ] } },
{ "type": "Feature", "properties": { "ID": 1922190001005, "正式名称": "山田ハートクリニック", "機関区分": 2, "都道府県コード": 19, "市区町村コード": 201, "所在地": "山梨県甲府市北新１－１－２０", "緯度": 35.682095, "経度": 138.566029, "url": "https://www.iryou.teikyouseido.mhlw.go.jp/znk-web/juminkanja/S2430/initialize?prefCd=19&kikanCd=2190001005&kikanKbn=2", "url2": "http://www.yamadaheart-clinic.com", "内容": "山田ハートクリニック【2:診療所】【診療科目:内科_循環器内科】山梨県甲府市北新１－１－２０" }, "geometry": { "type": "Point", "coordinates": [ 138.566029, 35.682095 ] } },
{ "type": "Feature", "properties": { "ID": 1922190001006, "正式名称": "響ストレスケア～こころとからだの診療所", "機関区分": 2, "都道府県コード": 19, "市区町村コード": 210, "所在地": "山梨県甲斐市中下条１９３３－８－２Ｆ", "緯度": 35.679733, "経度": 138.528337, "url": "https://www.iryou.teikyouseido.mhlw.go.jp/znk-web/juminkanja/S2430/initialize?prefCd=19&kikanCd=2190001006&kikanKbn=2", "url2": "http://www8.plala.or.jp/stresscare", "内容": "響ストレスケア～こころとからだの診療所【2:診療所】【診療科目:精神科_心療内科_リハビリテーション科】山梨県甲斐市中下条１９３３－８－２Ｆ" }, "geometry": { "type": "Point", "coordinates": [ 138.528337, 35.679733 ] } },
{ "type": "Feature", "properties": { "ID": 1922190001008, "正式名称": "ふるさと診療所", "機関区分": 2, "都道府県コード": 19, "市区町村コード": 210, "所在地": "山梨県甲斐市大下条４２５ー１", "緯度": 35.674956, "経度": 138.524672, "url": "https://www.iryou.teikyouseido.mhlw.go.jp/znk-web/juminkanja/S2430/initialize?prefCd=19&kikanCd=2190001008&kikanKbn=2", "url2": "https://www.furusato-cl.com/", "内容": "ふるさと診療所【2:診療所】【診療科目:精神科】山梨県甲斐市大下条４２５ー１" }, "geometry": { "type": "Point", "coordinates": [ 138.524672, 35.674956 ] } },
{ "type": "Feature", "properties": { "ID": 1922190001009, "正式名称": "医療法人聖愛会　甲州聖愛ハッピークリニック", "機関区分": 2, "都道府県コード": 19, "市区町村コード": 201, "所在地": "山梨県甲府市上阿原町４８７－１", "緯度": 35.64571, "経度": 138.604222, "url": "https://www.iryou.teikyouseido.mhlw.go.jp/znk-web/juminkanja/S2430/initialize?prefCd=19&kikanCd=2190001009&kikanKbn=2", "url2": "http://www.happy-clinic.jp", "内容": "医療法人聖愛会　甲州聖愛ハッピークリニック【2:診療所】【診療科目:内科_脳神経外科_小児科】山梨県甲府市上阿原町４８７－１" }, "geometry": { "type": "Point", "coordinates": [ 138.604222, 35.64571 ] } },
{ "type": "Feature", "properties": { "ID": 1922190001010, "正式名称": "医療法人社団　美波会　しまづ脳神経クリニック", "機関区分": 2, "都道府県コード": 19, "市区町村コード": 201, "所在地": "山梨県甲府市千塚５－１３－２１", "緯度": 35.687899, "経度": 138.538225, "url": "https://www.iryou.teikyouseido.mhlw.go.jp/znk-web/juminkanja/S2430/initialize?prefCd=19&kikanCd=2190001010&kikanKbn=2", "url2": "http://www.smznscl.com/", "内容": "医療法人社団　美波会　しまづ脳神経クリニック【2:診療所】【診療科目:内科_脳神経外科_リハビリテーション科】山梨県甲府市千塚５－１３－２１" }, "geometry": { "type": "Point", "coordinates": [ 138.538225, 35.687899 ] } },
{ "type": "Feature", "properties": { "ID": 1922190001012, "正式名称": "上野原市立病院附属秋山診療所", "機関区分": 2, "都道府県コード": 19, "市区町村コード": 212, "所在地": "山梨県上野原市秋山７１１２番地", "緯度": 35.583615, "経度": 139.120571, "url": "https://www.iryou.teikyouseido.mhlw.go.jp/znk-web/juminkanja/S2430/initialize?prefCd=19&kikanCd=2190001012&kikanKbn=2", "url2": null, "内容": "上野原市立病院附属秋山診療所【2:診療所】【診療科目:内科_外科_小児科】山梨県上野原市秋山７１１２番地" }, "geometry": { "type": "Point", "coordinates": [ 139.120571, 35.583615 ] } },
{ "type": "Feature", "properties": { "ID": 1922190001013, "正式名称": "にこにこクリニック　こでら小児科", "機関区分": 2, "都道府県コード": 19, "市区町村コード": 207, "所在地": "山梨県韮崎市龍岡町下條南割１，０４５", "緯度": 35.676899, "経度": 138.46726, "url": "https://www.iryou.teikyouseido.mhlw.go.jp/znk-web/juminkanja/S2430/initialize?prefCd=19&kikanCd=2190001013&kikanKbn=2", "url2": null, "内容": "にこにこクリニック　こでら小児科【2:診療所】【診療科目:小児科】山梨県韮崎市龍岡町下條南割１，０４５" }, "geometry": { "type": "Point", "coordinates": [ 138.46726, 35.676899 ] } },
{ "type": "Feature", "properties": { "ID": 1922190001015, "正式名称": "こうふサザンクリニック", "機関区分": 2, "都道府県コード": 19, "市区町村コード": 201, "所在地": "山梨県甲府市徳行２丁目１４－２６", "緯度": 35.650765, "経度": 138.541783, "url": "https://www.iryou.teikyouseido.mhlw.go.jp/znk-web/juminkanja/S2430/initialize?prefCd=19&kikanCd=2190001015&kikanKbn=2", "url2": "http://www.kofu-southern-clinic.jp", "内容": "こうふサザンクリニック【2:診療所】【診療科目:内科_循環器内科】山梨県甲府市徳行２丁目１４－２６" }, "geometry": { "type": "Point", "coordinates": [ 138.541783, 35.650765 ] } },
{ "type": "Feature", "properties": { "ID": 1922190001016, "正式名称": "富士・東部小児初期救急医療センター", "機関区分": 2, "都道府県コード": 19, "市区町村コード": 202, "所在地": "山梨県富士吉田市緑ケ丘２－７－２１", "緯度": 35.492758, "経度": 138.796102, "url": "https://www.iryou.teikyouseido.mhlw.go.jp/znk-web/juminkanja/S2430/initialize?prefCd=19&kikanCd=2190001016&kikanKbn=2", "url2": null, "内容": "富士・東部小児初期救急医療センター【2:診療所】【診療科目:小児科】山梨県富士吉田市緑ケ丘２－７－２１" }, "geometry": { "type": "Point", "coordinates": [ 138.796102, 35.492758 ] } },
{ "type": "Feature", "properties": { "ID": 1922190001017, "正式名称": "医療法人コール　しぶや眼科", "機関区分": 2, "都道府県コード": 19, "市区町村コード": 368, "所在地": "山梨県南巨摩郡富士川町青柳町９８９－１", "緯度": 35.558384, "経度": 138.467126, "url": "https://www.iryou.teikyouseido.mhlw.go.jp/znk-web/juminkanja/S2430/initialize?prefCd=19&kikanCd=2190001017&kikanKbn=2", "url2": null, "内容": "医療法人コール　しぶや眼科【2:診療所】【診療科目:眼科】山梨県南巨摩郡富士川町青柳町９８９－１" }, "geometry": { "type": "Point", "coordinates": [ 138.467126, 35.558384 ] } },
{ "type": "Feature", "properties": { "ID": 1922190001018, "正式名称": "清水内科クリニック", "機関区分": 2, "都道府県コード": 19, "市区町村コード": 211, "所在地": "山梨県笛吹市石和町駅前６－２", "緯度": 35.656332, "経度": 138.636881, "url": "https://www.iryou.teikyouseido.mhlw.go.jp/znk-web/juminkanja/S2430/initialize?prefCd=19&kikanCd=2190001018&kikanKbn=2", "url2": "www.shimizunaika-clinic.com", "内容": "清水内科クリニック【2:診療所】【診療科目:内科_消化器内科_内視鏡内科】山梨県笛吹市石和町駅前６－２" }, "geometry": { "type": "Point", "coordinates": [ 138.636881, 35.656332 ] } },
{ "type": "Feature", "properties": { "ID": 1922190001019, "正式名称": "わかみや内科クリニック", "機関区分": 2, "都道府県コード": 19, "市区町村コード": 201, "所在地": "山梨県甲府市湯田２－１９－２", "緯度": 35.647738, "経度": 138.576391, "url": "https://www.iryou.teikyouseido.mhlw.go.jp/znk-web/juminkanja/S2430/initialize?prefCd=19&kikanCd=2190001019&kikanKbn=2", "url2": "http://www.wakamiyanaika.com", "内容": "わかみや内科クリニック【2:診療所】【診療科目:内科_消化器内科_胃腸内科_肝臓内科】山梨県甲府市湯田２－１９－２" }, "geometry": { "type": "Point", "coordinates": [ 138.576391, 35.647738 ] } },
{ "type": "Feature", "properties": { "ID": 1922190001021, "正式名称": "響が丘皮膚科クリニック", "機関区分": 2, "都道府県コード": 19, "市区町村コード": 210, "所在地": "山梨県甲斐市龍地３３７５－１１", "緯度": 35.688398, "経度": 138.505284, "url": "https://www.iryou.teikyouseido.mhlw.go.jp/znk-web/juminkanja/S2430/initialize?prefCd=19&kikanCd=2190001021&kikanKbn=2", "url2": "http://hibikigaoka.webmedipr.jp/", "内容": "響が丘皮膚科クリニック【2:診療所】【診療科目:皮膚科】山梨県甲斐市龍地３３７５－１１" }, "geometry": { "type": "Point", "coordinates": [ 138.505284, 35.688398 ] } },
{ "type": "Feature", "properties": { "ID": 1922190001022, "正式名称": "もちづき整形外科リハビリクリニック", "機関区分": 2, "都道府県コード": 19, "市区町村コード": 208, "所在地": "山梨県南アルプス市在家塚６８－１", "緯度": 35.639153, "経度": 138.4704, "url": "https://www.iryou.teikyouseido.mhlw.go.jp/znk-web/juminkanja/S2430/initialize?prefCd=19&kikanCd=2190001022&kikanKbn=2", "url2": "http://mochizuki-seikei.com/", "内容": "もちづき整形外科リハビリクリニック【2:診療所】【診療科目:整形外科_リウマチ科_リハビリテーション科】山梨県南アルプス市在家塚６８－１" }, "geometry": { "type": "Point", "coordinates": [ 138.4704, 35.639153 ] } },
{ "type": "Feature", "properties": { "ID": 1922190001023, "正式名称": "黒沢内科", "機関区分": 2, "都道府県コード": 19, "市区町村コード": 211, "所在地": "山梨県笛吹市石和町市部７１６－５", "緯度": 35.65096, "経度": 138.637914, "url": "https://www.iryou.teikyouseido.mhlw.go.jp/znk-web/juminkanja/S2430/initialize?prefCd=19&kikanCd=2190001023&kikanKbn=2", "url2": "http://www.kurosawa-naika.com/", "内容": "黒沢内科【2:診療所】【診療科目:内科_消化器内科_小児科】山梨県笛吹市石和町市部７１６－５" }, "geometry": { "type": "Point", "coordinates": [ 138.637914, 35.65096 ] } },
{ "type": "Feature", "properties": { "ID": 1922190001025, "正式名称": "三井小児科医院", "機関区分": 2, "都道府県コード": 19, "市区町村コード": 210, "所在地": "山梨県甲斐市西八幡１３３８－１", "緯度": 35.642153, "経度": 138.512536, "url": "https://www.iryou.teikyouseido.mhlw.go.jp/znk-web/juminkanja/S2430/initialize?prefCd=19&kikanCd=2190001025&kikanKbn=2", "url2": null, "内容": "三井小児科医院【2:診療所】【診療科目:小児科】山梨県甲斐市西八幡１３３８－１" }, "geometry": { "type": "Point", "coordinates": [ 138.512536, 35.642153 ] } },
{ "type": "Feature", "properties": { "ID": 1922190001029, "正式名称": "塚原眼科医院", "機関区分": 2, "都道府県コード": 19, "市区町村コード": 201, "所在地": "山梨県甲府市大里町２３３１－３３", "緯度": 35.621184, "経度": 138.5592, "url": "https://www.iryou.teikyouseido.mhlw.go.jp/znk-web/juminkanja/S2430/initialize?prefCd=19&kikanCd=2190001029&kikanKbn=2", "url2": "http://www.tsukahara-ganka.com/", "内容": "塚原眼科医院【2:診療所】【診療科目:眼科】山梨県甲府市大里町２３３１－３３" }, "geometry": { "type": "Point", "coordinates": [ 138.5592, 35.621184 ] } },
{ "type": "Feature", "properties": { "ID": 1922190001030, "正式名称": "ことぶき整形外科", "機関区分": 2, "都道府県コード": 19, "市区町村コード": 201, "所在地": "山梨県甲府市寿町１４－２", "緯度": 35.659239, "経度": 138.559797, "url": "https://www.iryou.teikyouseido.mhlw.go.jp/znk-web/juminkanja/S2430/initialize?prefCd=19&kikanCd=2190001030&kikanKbn=2", "url2": "https://www.kotobuki-seikei.com/", "内容": "ことぶき整形外科【2:診療所】【診療科目:整形外科_リウマチ科_リハビリテーション科】山梨県甲府市寿町１４－２" }, "geometry": { "type": "Point", "coordinates": [ 138.559797, 35.659239 ] } },
{ "type": "Feature", "properties": { "ID": 1922190001031, "正式名称": "医療法人　まつざきクリニック", "機関区分": 2, "都道府県コード": 19, "市区町村コード": 208, "所在地": "山梨県南アルプス市下宮地６２４", "緯度": 35.604934, "経度": 138.469652, "url": "https://www.iryou.teikyouseido.mhlw.go.jp/znk-web/juminkanja/S2430/initialize?prefCd=19&kikanCd=2190001031&kikanKbn=2", "url2": "http://www.matsuzaki-ent.com/", "内容": "医療法人　まつざきクリニック【2:診療所】【診療科目:耳鼻いんこう科_アレルギー科】山梨県南アルプス市下宮地６２４" }, "geometry": { "type": "Point", "coordinates": [ 138.469652, 35.604934 ] } },
{ "type": "Feature", "properties": { "ID": 1922190001032, "正式名称": "社会医療法人青虎会　フジ河口湖クリニック", "機関区分": 2, "都道府県コード": 19, "市区町村コード": 430, "所在地": "山梨県南都留郡富士河口湖町船津６８８７", "緯度": 35.491313, "経度": 138.760744, "url": "https://www.iryou.teikyouseido.mhlw.go.jp/znk-web/juminkanja/S2430/initialize?prefCd=19&kikanCd=2190001032&kikanKbn=2", "url2": "http://www.fujikawaguchiko-clinic.jp", "内容": "社会医療法人青虎会　フジ河口湖クリニック【2:診療所】【診療科目:内科_消化器内科_婦人科】山梨県南都留郡富士河口湖町船津６８８７" }, "geometry": { "type": "Point", "coordinates": [ 138.760744, 35.491313 ] } },
{ "type": "Feature", "properties": { "ID": 1922190001033, "正式名称": "玉穂眼科クリニック", "機関区分": 2, "都道府県コード": 19, "市区町村コード": 214, "所在地": "山梨県中央市成島１４００－１", "緯度": 35.600686, "経度": 138.546507, "url": "https://www.iryou.teikyouseido.mhlw.go.jp/znk-web/juminkanja/S2430/initialize?prefCd=19&kikanCd=2190001033&kikanKbn=2", "url2": null, "内容": "玉穂眼科クリニック【2:診療所】【診療科目:眼科】山梨県中央市成島１４００－１" }, "geometry": { "type": "Point", "coordinates": [ 138.546507, 35.600686 ] } },
{ "type": "Feature", "properties": { "ID": 1922190001035, "正式名称": "松里診療所", "機関区分": 2, "都道府県コード": 19, "市区町村コード": 213, "所在地": "山梨県甲州市塩山三日市場１９８２－１", "緯度": 35.720121, "経度": 138.712209, "url": "https://www.iryou.teikyouseido.mhlw.go.jp/znk-web/juminkanja/S2430/initialize?prefCd=19&kikanCd=2190001035&kikanKbn=2", "url2": "http://website.infomity.net/c8980000021/", "内容": "松里診療所【2:診療所】【診療科目:内科_呼吸器内科】山梨県甲州市塩山三日市場１９８２－１" }, "geometry": { "type": "Point", "coordinates": [ 138.712209, 35.720121 ] } },
{ "type": "Feature", "properties": { "ID": 1922190001038, "正式名称": "佐野医院", "機関区分": 2, "都道府県コード": 19, "市区町村コード": 366, "所在地": "山梨県南巨摩郡南部町内船７２０２", "緯度": 35.278858, "経度": 138.465167, "url": "https://www.iryou.teikyouseido.mhlw.go.jp/znk-web/juminkanja/S2430/initialize?prefCd=19&kikanCd=2190001038&kikanKbn=2", "url2": null, "内容": "佐野医院【2:診療所】【診療科目:内科_消化器内科_外科】山梨県南巨摩郡南部町内船７２０２" }, "geometry": { "type": "Point", "coordinates": [ 138.465167, 35.278858 ] } },
{ "type": "Feature", "properties": { "ID": 1922190001039, "正式名称": "はなわ眼科", "機関区分": 2, "都道府県コード": 19, "市区町村コード": 208, "所在地": "山梨県南アルプス市在家塚６４１－２", "緯度": 35.639153, "経度": 138.4704, "url": "https://www.iryou.teikyouseido.mhlw.go.jp/znk-web/juminkanja/S2430/initialize?prefCd=19&kikanCd=2190001039&kikanKbn=2", "url2": "http://870gannka.com", "内容": "はなわ眼科【2:診療所】【診療科目:眼科】山梨県南アルプス市在家塚６４１－２" }, "geometry": { "type": "Point", "coordinates": [ 138.4704, 35.639153 ] } },
{ "type": "Feature", "properties": { "ID": 1922190001041, "正式名称": "医療法人原皮膚科医院", "機関区分": 2, "都道府県コード": 19, "市区町村コード": 211, "所在地": "山梨県笛吹市石和町駅前６－７", "緯度": 35.65596, "経度": 138.635747, "url": "https://www.iryou.teikyouseido.mhlw.go.jp/znk-web/juminkanja/S2430/initialize?prefCd=19&kikanCd=2190001041&kikanKbn=2", "url2": null, "内容": "医療法人原皮膚科医院【2:診療所】【診療科目:皮膚科】山梨県笛吹市石和町駅前６－７" }, "geometry": { "type": "Point", "coordinates": [ 138.635747, 35.65596 ] } },
{ "type": "Feature", "properties": { "ID": 1922190001042, "正式名称": "おかだ内科クリニック", "機関区分": 2, "都道府県コード": 19, "市区町村コード": 201, "所在地": "山梨県甲府市北口２－９－１２　ニシコー北口駅前ビル２Ｆ", "緯度": 35.668679, "経度": 138.569613, "url": "https://www.iryou.teikyouseido.mhlw.go.jp/znk-web/juminkanja/S2430/initialize?prefCd=19&kikanCd=2190001042&kikanKbn=2", "url2": "http://okadanaika.com/", "内容": "おかだ内科クリニック【2:診療所】【診療科目:内科】山梨県甲府市北口２－９－１２　ニシコー北口駅前ビル２Ｆ" }, "geometry": { "type": "Point", "coordinates": [ 138.569613, 35.668679 ] } },
{ "type": "Feature", "properties": { "ID": 1922190001044, "正式名称": "医療法人社団富士至誠会　さいとう眼科クリニック", "機関区分": 2, "都道府県コード": 19, "市区町村コード": 202, "所在地": "山梨県富士吉田市下吉田８－１８－２６", "緯度": 35.490813, "経度": 138.803823, "url": "https://www.iryou.teikyouseido.mhlw.go.jp/znk-web/juminkanja/S2430/initialize?prefCd=19&kikanCd=2190001044&kikanKbn=2", "url2": "http://www.saito-eye.com/", "内容": "医療法人社団富士至誠会　さいとう眼科クリニック【2:診療所】【診療科目:眼科】山梨県富士吉田市下吉田８－１８－２６" }, "geometry": { "type": "Point", "coordinates": [ 138.803823, 35.490813 ] } },
{ "type": "Feature", "properties": { "ID": 1922190001045, "正式名称": "ささき頭痛・脳神経クリニック", "機関区分": 2, "都道府県コード": 19, "市区町村コード": 202, "所在地": "山梨県富士吉田市ときわ台１－１－２３", "緯度": 35.488536, "経度": 138.788103, "url": "https://www.iryou.teikyouseido.mhlw.go.jp/znk-web/juminkanja/S2430/initialize?prefCd=19&kikanCd=2190001045&kikanKbn=2", "url2": "http://www.zutsu-yamanashi.com", "内容": "ささき頭痛・脳神経クリニック【2:診療所】【診療科目:脳神経外科_リハビリテーション科】山梨県富士吉田市ときわ台１－１－２３" }, "geometry": { "type": "Point", "coordinates": [ 138.788103, 35.488536 ] } },
{ "type": "Feature", "properties": { "ID": 1922190001047, "正式名称": "廣瀬醫院", "機関区分": 2, "都道府県コード": 19, "市区町村コード": 205, "所在地": "山梨県山梨市三ケ所１１４１", "緯度": 35.691651, "経度": 138.707128, "url": "https://www.iryou.teikyouseido.mhlw.go.jp/znk-web/juminkanja/S2430/initialize?prefCd=19&kikanCd=2190001047&kikanKbn=2", "url2": "http://www.myclinic.ne.jp/cl_hirose/", "内容": "廣瀬醫院【2:診療所】【診療科目:内科_外科】山梨県山梨市三ケ所１１４１" }, "geometry": { "type": "Point", "coordinates": [ 138.707128, 35.691651 ] } },
{ "type": "Feature", "properties": { "ID": 1922190001048, "正式名称": "徳行眼科クリニック", "機関区分": 2, "都道府県コード": 19, "市区町村コード": 201, "所在地": "山梨県甲府市徳行３－９－３２", "緯度": 35.650765, "経度": 138.541783, "url": "https://www.iryou.teikyouseido.mhlw.go.jp/znk-web/juminkanja/S2430/initialize?prefCd=19&kikanCd=2190001048&kikanKbn=2", "url2": null, "内容": "徳行眼科クリニック【2:診療所】【診療科目:眼科】山梨県甲府市徳行３－９－３２" }, "geometry": { "type": "Point", "coordinates": [ 138.541783, 35.650765 ] } },
{ "type": "Feature", "properties": { "ID": 1922190001049, "正式名称": "きたむらクリニック", "機関区分": 2, "都道府県コード": 19, "市区町村コード": 214, "所在地": "山梨県中央市若宮２３番地２", "緯度": 35.61159, "経度": 138.537133, "url": "https://www.iryou.teikyouseido.mhlw.go.jp/znk-web/juminkanja/S2430/initialize?prefCd=19&kikanCd=2190001049&kikanKbn=2", "url2": "https://www.kitamura-clinic.jp/", "内容": "きたむらクリニック【2:診療所】【診療科目:内科_消化器内科_皮膚科】山梨県中央市若宮２３番地２" }, "geometry": { "type": "Point", "coordinates": [ 138.537133, 35.61159 ] } },
{ "type": "Feature", "properties": { "ID": 1922190001050, "正式名称": "稚枝子おおつきクリニック", "機関区分": 2, "都道府県コード": 19, "市区町村コード": 206, "所在地": "山梨県大月市大月（１～３丁目）１－８－５", "緯度": 35.611276, "経度": 138.941168, "url": "https://www.iryou.teikyouseido.mhlw.go.jp/znk-web/juminkanja/S2430/initialize?prefCd=19&kikanCd=2190001050&kikanKbn=2", "url2": "http://chieko-clinic.com", "内容": "稚枝子おおつきクリニック【2:診療所】【診療科目:内科_婦人科】山梨県大月市大月（１～３丁目）１－８－５" }, "geometry": { "type": "Point", "coordinates": [ 138.941168, 35.611276 ] } },
{ "type": "Feature", "properties": { "ID": 1922190001051, "正式名称": "まつしたこどもクリニック", "機関区分": 2, "都道府県コード": 19, "市区町村コード": 384, "所在地": "山梨県中巨摩郡昭和町清水新居１２７８－３　スペースブロス２Ｆ", "緯度": 35.642849, "経度": 138.549421, "url": "https://www.iryou.teikyouseido.mhlw.go.jp/znk-web/juminkanja/S2430/initialize?prefCd=19&kikanCd=2190001051&kikanKbn=2", "url2": "http://www.kyokom-clinic.com", "内容": "まつしたこどもクリニック【2:診療所】【診療科目:小児科】山梨県中巨摩郡昭和町清水新居１２７８－３　スペースブロス２Ｆ" }, "geometry": { "type": "Point", "coordinates": [ 138.549421, 35.642849 ] } },
{ "type": "Feature", "properties": { "ID": 1922190001052, "正式名称": "医療法人　逍葉会　中村眼科", "機関区分": 2, "都道府県コード": 19, "市区町村コード": 384, "所在地": "山梨県中巨摩郡昭和町飯喰１５０５－１", "緯度": 35.627933, "経度": 138.535145, "url": "https://www.iryou.teikyouseido.mhlw.go.jp/znk-web/juminkanja/S2430/initialize?prefCd=19&kikanCd=2190001052&kikanKbn=2", "url2": "http://www.nakamura-eyeclinic.com", "内容": "医療法人　逍葉会　中村眼科【2:診療所】【診療科目:眼科】山梨県中巨摩郡昭和町飯喰１５０５－１" }, "geometry": { "type": "Point", "coordinates": [ 138.535145, 35.627933 ] } },
{ "type": "Feature", "properties": { "ID": 1922190001054, "正式名称": "ほそだクリニック", "機関区分": 2, "都道府県コード": 19, "市区町村コード": 201, "所在地": "山梨県甲府市長松寺町１－３", "緯度": 35.66929, "経度": 138.542171, "url": "https://www.iryou.teikyouseido.mhlw.go.jp/znk-web/juminkanja/S2430/initialize?prefCd=19&kikanCd=2190001054&kikanKbn=2", "url2": "http://www.hosoda-clinic.jp/", "内容": "ほそだクリニック【2:診療所】【診療科目:内科_消化器内科】山梨県甲府市長松寺町１－３" }, "geometry": { "type": "Point", "coordinates": [ 138.542171, 35.66929 ] } },
{ "type": "Feature", "properties": { "ID": 1922190001055, "正式名称": "上條内科クリニック", "機関区分": 2, "都道府県コード": 19, "市区町村コード": 212, "所在地": "山梨県上野原市大野１２８４", "緯度": 35.623277, "経度": 139.051825, "url": "https://www.iryou.teikyouseido.mhlw.go.jp/znk-web/juminkanja/S2430/initialize?prefCd=19&kikanCd=2190001055&kikanKbn=2", "url2": "https://dcco.jp/", "内容": "上條内科クリニック【2:診療所】【診療科目:内科】山梨県上野原市大野１２８４" }, "geometry": { "type": "Point", "coordinates": [ 139.051825, 35.623277 ] } },
{ "type": "Feature", "properties": { "ID": 1922190001056, "正式名称": "医療法人陽明会　初狩クリニック", "機関区分": 2, "都道府県コード": 19, "市区町村コード": 206, "所在地": "山梨県大月市初狩町中初狩１０８－１", "緯度": 35.597331, "経度": 138.880896, "url": "https://www.iryou.teikyouseido.mhlw.go.jp/znk-web/juminkanja/S2430/initialize?prefCd=19&kikanCd=2190001056&kikanKbn=2", "url2": "http://hatukari-clinic.jp/", "内容": "医療法人陽明会　初狩クリニック【2:診療所】【診療科目:内科_内分泌内科_呼吸器内科_循環器内科_心臓内科_消化器内科_整形外科_小児科_放射線科_臨床検査科】山梨県大月市初狩町中初狩１０８－１" }, "geometry": { "type": "Point", "coordinates": [ 138.880896, 35.597331 ] } },
{ "type": "Feature", "properties": { "ID": 1922190001058, "正式名称": "健友堂クリニック", "機関区分": 2, "都道府県コード": 19, "市区町村コード": 201, "所在地": "山梨県甲府市宮原町２１１－１", "緯度": 35.619323, "経度": 138.557533, "url": "https://www.iryou.teikyouseido.mhlw.go.jp/znk-web/juminkanja/S2430/initialize?prefCd=19&kikanCd=2190001058&kikanKbn=2", "url2": "http://www.kenyudo-clinic.com", "内容": "健友堂クリニック【2:診療所】【診療科目:漢方内科_ペインクリニック外科_麻酔科】山梨県甲府市宮原町２１１－１" }, "geometry": { "type": "Point", "coordinates": [ 138.557533, 35.619323 ] } },
{ "type": "Feature", "properties": { "ID": 1922190001059, "正式名称": "岩下内科医院", "機関区分": 2, "都道府県コード": 19, "市区町村コード": 207, "所在地": "山梨県韮崎市若宮１－２－５０", "緯度": 35.711618, "経度": 138.450037, "url": "https://www.iryou.teikyouseido.mhlw.go.jp/znk-web/juminkanja/S2430/initialize?prefCd=19&kikanCd=2190001059&kikanKbn=2", "url2": "http://iwashita-clinic.com/", "内容": "岩下内科医院【2:診療所】【診療科目:内科_消化器内科】山梨県韮崎市若宮１－２－５０" }, "geometry": { "type": "Point", "coordinates": [ 138.450037, 35.711618 ] } },
{ "type": "Feature", "properties": { "ID": 1922190001061, "正式名称": "塩山皮フ科", "機関区分": 2, "都道府県コード": 19, "市区町村コード": 213, "所在地": "山梨県甲州市塩山下塩後３３６－１", "緯度": 35.697318, "経度": 138.718405, "url": "https://www.iryou.teikyouseido.mhlw.go.jp/znk-web/juminkanja/S2430/initialize?prefCd=19&kikanCd=2190001061&kikanKbn=2", "url2": "http://www.enzanskin.net/", "内容": "塩山皮フ科【2:診療所】【診療科目:皮膚科_美容皮膚科】山梨県甲州市塩山下塩後３３６－１" }, "geometry": { "type": "Point", "coordinates": [ 138.718405, 35.697318 ] } },
{ "type": "Feature", "properties": { "ID": 1922190001062, "正式名称": "あさなぎクリニック", "機関区分": 2, "都道府県コード": 19, "市区町村コード": 201, "所在地": "山梨県甲府市蓬沢町１０９９－１", "緯度": 35.643571, "経度": 138.595529, "url": "https://www.iryou.teikyouseido.mhlw.go.jp/znk-web/juminkanja/S2430/initialize?prefCd=19&kikanCd=2190001062&kikanKbn=2", "url2": "http://www.asanagi.jp", "内容": "あさなぎクリニック【2:診療所】【診療科目:心療内科】山梨県甲府市蓬沢町１０９９－１" }, "geometry": { "type": "Point", "coordinates": [ 138.595529, 35.643571 ] } },
{ "type": "Feature", "properties": { "ID": 1922190001068, "正式名称": "いまい眼科", "機関区分": 2, "都道府県コード": 19, "市区町村コード": 211, "所在地": "山梨県笛吹市石和町井戸１７７－１", "緯度": 35.625213, "経度": 138.606112, "url": "https://www.iryou.teikyouseido.mhlw.go.jp/znk-web/juminkanja/S2430/initialize?prefCd=19&kikanCd=2190001068&kikanKbn=2", "url2": "http://www.imaiganka.jp", "内容": "いまい眼科【2:診療所】【診療科目:眼科】山梨県笛吹市石和町井戸１７７－１" }, "geometry": { "type": "Point", "coordinates": [ 138.606112, 35.625213 ] } },
{ "type": "Feature", "properties": { "ID": 1922190001069, "正式名称": "城本クリニック甲府院", "機関区分": 2, "都道府県コード": 19, "市区町村コード": 201, "所在地": "山梨県甲府市北口２丁目９番１２号　ニシコー北口駅前ビル２階", "緯度": 35.66879, "経度": 138.569697, "url": "https://www.iryou.teikyouseido.mhlw.go.jp/znk-web/juminkanja/S2430/initialize?prefCd=19&kikanCd=2190001069&kikanKbn=2", "url2": "http://107929.jp", "内容": "城本クリニック甲府院【2:診療所】【診療科目:形成外科_美容外科_美容皮膚科】山梨県甲府市北口２丁目９番１２号　ニシコー北口駅前ビル２階" }, "geometry": { "type": "Point", "coordinates": [ 138.569697, 35.66879 ] } },
{ "type": "Feature", "properties": { "ID": 1922190001071, "正式名称": "みわペイン痛みのクリニック", "機関区分": 2, "都道府県コード": 19, "市区町村コード": 213, "所在地": "山梨県甲州市塩山下塩後８９０－１", "緯度": 35.697318, "経度": 138.718405, "url": "https://www.iryou.teikyouseido.mhlw.go.jp/znk-web/juminkanja/S2430/initialize?prefCd=19&kikanCd=2190001071&kikanKbn=2", "url2": null, "内容": "みわペイン痛みのクリニック【2:診療所】【診療科目:内科_ペインクリニック内科_小児科_リハビリテーション科】山梨県甲州市塩山下塩後８９０－１" }, "geometry": { "type": "Point", "coordinates": [ 138.718405, 35.697318 ] } },
{ "type": "Feature", "properties": { "ID": 1922190001072, "正式名称": "みずこし耳鼻咽喉科クリニック", "機関区分": 2, "都道府県コード": 19, "市区町村コード": 201, "所在地": "山梨県甲府市和戸町６２１－１", "緯度": 35.652266, "経度": 138.609082, "url": "https://www.iryou.teikyouseido.mhlw.go.jp/znk-web/juminkanja/S2430/initialize?prefCd=19&kikanCd=2190001072&kikanKbn=2", "url2": "http://www.mizukoshi-ent.com", "内容": "みずこし耳鼻咽喉科クリニック【2:診療所】【診療科目:耳鼻いんこう科】山梨県甲府市和戸町６２１－１" }, "geometry": { "type": "Point", "coordinates": [ 138.609082, 35.652266 ] } },
{ "type": "Feature", "properties": { "ID": 1922190001073, "正式名称": "一般財団法人　京浜保健衛生協会　山梨診療所", "機関区分": 2, "都道府県コード": 19, "市区町村コード": 214, "所在地": "山梨県中央市乙黒３５４－１１", "緯度": 35.594326, "経度": 138.549368, "url": "https://www.iryou.teikyouseido.mhlw.go.jp/znk-web/juminkanja/S2430/initialize?prefCd=19&kikanCd=2190001073&kikanKbn=2", "url2": null, "内容": "一般財団法人　京浜保健衛生協会　山梨診療所【2:診療所】【診療科目:内科】山梨県中央市乙黒３５４－１１" }, "geometry": { "type": "Point", "coordinates": [ 138.549368, 35.594326 ] } },
{ "type": "Feature", "properties": { "ID": 1922190001074, "正式名称": "櫻林　腎・内科クリニック", "機関区分": 2, "都道府県コード": 19, "市区町村コード": 213, "所在地": "山梨県甲州市塩山下塩後３３６－８", "緯度": 35.697318, "経度": 138.718405, "url": "https://www.iryou.teikyouseido.mhlw.go.jp/znk-web/juminkanja/S2430/initialize?prefCd=19&kikanCd=2190001074&kikanKbn=2", "url2": "http://www.sakurabayashi.net", "内容": "櫻林　腎・内科クリニック【2:診療所】【診療科目:内科_糖尿病内科_循環器内科_腎臓内科_人工透析内科_漢方内科_リウマチ科】山梨県甲州市塩山下塩後３３６－８" }, "geometry": { "type": "Point", "coordinates": [ 138.718405, 35.697318 ] } },
{ "type": "Feature", "properties": { "ID": 1922190001082, "正式名称": "こもれびこどもクリニック", "機関区分": 2, "都道府県コード": 19, "市区町村コード": 208, "所在地": "山梨県南アルプス市在家塚６７－１", "緯度": 35.639153, "経度": 138.4704, "url": "https://www.iryou.teikyouseido.mhlw.go.jp/znk-web/juminkanja/S2430/initialize?prefCd=19&kikanCd=2190001082&kikanKbn=2", "url2": "http://komorebi-cc.jp/", "内容": "こもれびこどもクリニック【2:診療所】【診療科目:小児科】山梨県南アルプス市在家塚６７－１" }, "geometry": { "type": "Point", "coordinates": [ 138.4704, 35.639153 ] } },
{ "type": "Feature", "properties": { "ID": 1922190001085, "正式名称": "さいとう内科クリニック", "機関区分": 2, "都道府県コード": 19, "市区町村コード": 201, "所在地": "山梨県甲府市下石田２－１－１５", "緯度": 35.648015, "経度": 138.552893, "url": "https://www.iryou.teikyouseido.mhlw.go.jp/znk-web/juminkanja/S2430/initialize?prefCd=19&kikanCd=2190001085&kikanKbn=2", "url2": null, "内容": "さいとう内科クリニック【2:診療所】【診療科目:内科_糖尿病内科_内分泌内科_リウマチ科】山梨県甲府市下石田２－１－１５" }, "geometry": { "type": "Point", "coordinates": [ 138.552893, 35.648015 ] } },
{ "type": "Feature", "properties": { "ID": 1922190001087, "正式名称": "医療法人保坂会武田内科小児科医院", "機関区分": 2, "都道府県コード": 19, "市区町村コード": 201, "所在地": "山梨県甲府市屋形２－１－６", "緯度": 35.683928, "経度": 138.572473, "url": "https://www.iryou.teikyouseido.mhlw.go.jp/znk-web/juminkanja/S2430/initialize?prefCd=19&kikanCd=2190001087&kikanKbn=2", "url2": null, "内容": "医療法人保坂会武田内科小児科医院【2:診療所】【診療科目:内科_循環器内科_胃腸内科_小児科】山梨県甲府市屋形２－１－６" }, "geometry": { "type": "Point", "coordinates": [ 138.572473, 35.683928 ] } },
{ "type": "Feature", "properties": { "ID": 1922190001088, "正式名称": "医療法人　なかじま胃腸クリニック", "機関区分": 2, "都道府県コード": 19, "市区町村コード": 201, "所在地": "山梨県甲府市国母８－２８－３", "緯度": 35.640154, "経度": 138.555754, "url": "https://www.iryou.teikyouseido.mhlw.go.jp/znk-web/juminkanja/S2430/initialize?prefCd=19&kikanCd=2190001088&kikanKbn=2", "url2": "http://www.ichouka.com", "内容": "医療法人　なかじま胃腸クリニック【2:診療所】【診療科目:消化器内科_胃腸内科_外科_肛門外科】山梨県甲府市国母８－２８－３" }, "geometry": { "type": "Point", "coordinates": [ 138.555754, 35.640154 ] } },
{ "type": "Feature", "properties": { "ID": 1922190001089, "正式名称": "なかむら内科クリニック", "機関区分": 2, "都道府県コード": 19, "市区町村コード": 201, "所在地": "山梨県甲府市武田３－３－１１", "緯度": 35.675034, "経度": 138.572236, "url": "https://www.iryou.teikyouseido.mhlw.go.jp/znk-web/juminkanja/S2430/initialize?prefCd=19&kikanCd=2190001089&kikanKbn=2", "url2": "http://www.nakamuranaika-clinic.com", "内容": "なかむら内科クリニック【2:診療所】【診療科目:内科_消化器内科】山梨県甲府市武田３－３－１１" }, "geometry": { "type": "Point", "coordinates": [ 138.572236, 35.675034 ] } },
{ "type": "Feature", "properties": { "ID": 1922190001093, "正式名称": "小澤こころのクリニック", "機関区分": 2, "都道府県コード": 19, "市区町村コード": 213, "所在地": "山梨県甲州市塩山下塩後３５６－３", "緯度": 35.697318, "経度": 138.718405, "url": "https://www.iryou.teikyouseido.mhlw.go.jp/znk-web/juminkanja/S2430/initialize?prefCd=19&kikanCd=2190001093&kikanKbn=2", "url2": "http://ozawakokoro.jp", "内容": "小澤こころのクリニック【2:診療所】【診療科目:内科_精神科_心療内科】山梨県甲州市塩山下塩後３５６－３" }, "geometry": { "type": "Point", "coordinates": [ 138.718405, 35.697318 ] } },
{ "type": "Feature", "properties": { "ID": 1922190001096, "正式名称": "富士・東部口腔保健センター", "機関区分": 2, "都道府県コード": 19, "市区町村コード": 204, "所在地": "山梨県都留市つる五丁目１番５５号", "緯度": 35.560114, "経度": 138.908423, "url": "https://www.iryou.teikyouseido.mhlw.go.jp/znk-web/juminkanja/S2430/initialize?prefCd=19&kikanCd=2190001096&kikanKbn=2", "url2": "http://yda.jp", "内容": "富士・東部口腔保健センター【2:診療所】【診療科目:歯科】山梨県都留市つる五丁目１番５５号" }, "geometry": { "type": "Point", "coordinates": [ 138.908423, 35.560114 ] } },
{ "type": "Feature", "properties": { "ID": 1922190001097, "正式名称": "富士河口湖町立富士高原診療所", "機関区分": 2, "都道府県コード": 19, "市区町村コード": 430, "所在地": "山梨県南都留郡富士河口湖町富士ケ嶺１２１９番地１", "緯度": 35.422513, "経度": 138.62873, "url": "https://www.iryou.teikyouseido.mhlw.go.jp/znk-web/juminkanja/S2430/initialize?prefCd=19&kikanCd=2190001097&kikanKbn=2", "url2": null, "内容": "富士河口湖町立富士高原診療所【2:診療所】【診療科目:内科_小児科】山梨県南都留郡富士河口湖町富士ケ嶺１２１９番地１" }, "geometry": { "type": "Point", "coordinates": [ 138.62873, 35.422513 ] } },
{ "type": "Feature", "properties": { "ID": 1922190001099, "正式名称": "医療法人　桔梗会　竜王ペイン（痛み）クリニック", "機関区分": 2, "都道府県コード": 19, "市区町村コード": 210, "所在地": "山梨県甲斐市大下条１６００－５", "緯度": 35.674956, "経度": 138.524672, "url": "https://www.iryou.teikyouseido.mhlw.go.jp/znk-web/juminkanja/S2430/initialize?prefCd=19&kikanCd=2190001099&kikanKbn=2", "url2": "https://ryuo-pain.com/", "内容": "医療法人　桔梗会　竜王ペイン（痛み）クリニック【2:診療所】【診療科目:内科_外科_整形外科_リハビリテーション科_麻酔科】山梨県甲斐市大下条１６００－５" }, "geometry": { "type": "Point", "coordinates": [ 138.524672, 35.674956 ] } },
{ "type": "Feature", "properties": { "ID": 1922190001100, "正式名称": "医療法人　みどり会　矢ヶ崎皮フ科", "機関区分": 2, "都道府県コード": 19, "市区町村コード": 210, "所在地": "山梨県甲斐市西八幡１９４６－１", "緯度": 35.642153, "経度": 138.512536, "url": "https://www.iryou.teikyouseido.mhlw.go.jp/znk-web/juminkanja/S2430/initialize?prefCd=19&kikanCd=2190001100&kikanKbn=2", "url2": "http://www.yagasaki-hifu.com", "内容": "医療法人　みどり会　矢ヶ崎皮フ科【2:診療所】【診療科目:皮膚科】山梨県甲斐市西八幡１９４６－１" }, "geometry": { "type": "Point", "coordinates": [ 138.512536, 35.642153 ] } },
{ "type": "Feature", "properties": { "ID": 1922190001101, "正式名称": "かみや整形外科リウマチクリニック", "機関区分": 2, "都道府県コード": 19, "市区町村コード": 201, "所在地": "山梨県甲府市城東４－１７－５", "緯度": 35.658403, "経度": 138.582723, "url": "https://www.iryou.teikyouseido.mhlw.go.jp/znk-web/juminkanja/S2430/initialize?prefCd=19&kikanCd=2190001101&kikanKbn=2", "url2": "http://www.tetsu1173-seikei.jp/", "内容": "かみや整形外科リウマチクリニック【2:診療所】【診療科目:整形外科_リウマチ科_リハビリテーション科】山梨県甲府市城東４－１７－５" }, "geometry": { "type": "Point", "coordinates": [ 138.582723, 35.658403 ] } },
{ "type": "Feature", "properties": { "ID": 1922190001103, "正式名称": "医療法人　壽明会", "機関区分": 2, "都道府県コード": 19, "市区町村コード": 384, "所在地": "山梨県中巨摩郡昭和町西条３５１７", "緯度": 35.637293, "経度": 138.543283, "url": "https://www.iryou.teikyouseido.mhlw.go.jp/znk-web/juminkanja/S2430/initialize?prefCd=19&kikanCd=2190001103&kikanKbn=2", "url2": "http://www.kofu-keisei.com/", "内容": "医療法人　壽明会【2:診療所】【診療科目:形成外科_美容外科】山梨県中巨摩郡昭和町西条３５１７" }, "geometry": { "type": "Point", "coordinates": [ 138.543283, 35.637293 ] } },
{ "type": "Feature", "properties": { "ID": 1922190001106, "正式名称": "内科・呼吸器内科　保坂クリニック", "機関区分": 2, "都道府県コード": 19, "市区町村コード": 210, "所在地": "山梨県甲斐市竜王新町２２９８－６", "緯度": 35.673956, "経度": 138.513673, "url": "https://www.iryou.teikyouseido.mhlw.go.jp/znk-web/juminkanja/S2430/initialize?prefCd=19&kikanCd=2190001106&kikanKbn=2", "url2": "http://hosaka-c.net", "内容": "内科・呼吸器内科　保坂クリニック【2:診療所】【診療科目:内科_呼吸器内科】山梨県甲斐市竜王新町２２９８－６" }, "geometry": { "type": "Point", "coordinates": [ 138.513673, 35.673956 ] } },
{ "type": "Feature", "properties": { "ID": 1922190001107, "正式名称": "深澤内科クリニック", "機関区分": 2, "都道府県コード": 19, "市区町村コード": 201, "所在地": "山梨県甲府市国母５－１９－１８", "緯度": 35.640154, "経度": 138.555754, "url": "https://www.iryou.teikyouseido.mhlw.go.jp/znk-web/juminkanja/S2430/initialize?prefCd=19&kikanCd=2190001107&kikanKbn=2", "url2": null, "内容": "深澤内科クリニック【2:診療所】【診療科目:内科_消化器内科】山梨県甲府市国母５－１９－１８" }, "geometry": { "type": "Point", "coordinates": [ 138.555754, 35.640154 ] } },
{ "type": "Feature", "properties": { "ID": 1922190001108, "正式名称": "林野医院", "機関区分": 2, "都道府県コード": 19, "市区町村コード": 210, "所在地": "山梨県甲斐市西八幡２４３６", "緯度": 35.642153, "経度": 138.512536, "url": "https://www.iryou.teikyouseido.mhlw.go.jp/znk-web/juminkanja/S2430/initialize?prefCd=19&kikanCd=2190001108&kikanKbn=2", "url2": null, "内容": "林野医院【2:診療所】【診療科目:内科】山梨県甲斐市西八幡２４３６" }, "geometry": { "type": "Point", "coordinates": [ 138.512536, 35.642153 ] } },
{ "type": "Feature", "properties": { "ID": 1922190001109, "正式名称": "小澤耳鼻咽喉科アレルギー科クリニック", "機関区分": 2, "都道府県コード": 19, "市区町村コード": 201, "所在地": "山梨県甲府市朝日１－８－１３", "緯度": 35.671457, "経度": 138.565669, "url": "https://www.iryou.teikyouseido.mhlw.go.jp/znk-web/juminkanja/S2430/initialize?prefCd=19&kikanCd=2190001109&kikanKbn=2", "url2": "http://www.ozawa-clinic.com/", "内容": "小澤耳鼻咽喉科アレルギー科クリニック【2:診療所】【診療科目:耳鼻いんこう科_アレルギー科】山梨県甲府市朝日１－８－１３" }, "geometry": { "type": "Point", "coordinates": [ 138.565669, 35.671457 ] } },
{ "type": "Feature", "properties": { "ID": 1922190001111, "正式名称": "医療法人こうの会　こうの整形外科", "機関区分": 2, "都道府県コード": 19, "市区町村コード": 210, "所在地": "山梨県甲斐市西八幡２１９０－１", "緯度": 35.639127, "経度": 138.522229, "url": "https://www.iryou.teikyouseido.mhlw.go.jp/znk-web/juminkanja/S2430/initialize?prefCd=19&kikanCd=2190001111&kikanKbn=2", "url2": "https://kohnoseikei.com/", "内容": "医療法人こうの会　こうの整形外科【2:診療所】【診療科目:整形外科_リウマチ科_リハビリテーション科】山梨県甲斐市西八幡２１９０－１" }, "geometry": { "type": "Point", "coordinates": [ 138.522229, 35.639127 ] } },
{ "type": "Feature", "properties": { "ID": 1922190001113, "正式名称": "ひろクリニック", "機関区分": 2, "都道府県コード": 19, "市区町村コード": 201, "所在地": "山梨県甲府市中小河原１丁目９－１２", "緯度": 35.634628, "経度": 138.572809, "url": "https://www.iryou.teikyouseido.mhlw.go.jp/znk-web/juminkanja/S2430/initialize?prefCd=19&kikanCd=2190001113&kikanKbn=2", "url2": "http://nakakogawara-hiroclinic.com", "内容": "ひろクリニック【2:診療所】【診療科目:内科_消化器内科_胃腸内科_腫瘍内科_外科_消化器外科_乳腺外科_乳腺・内分泌外科_肛門外科_大腸・肛門外科】山梨県甲府市中小河原１丁目９－１２" }, "geometry": { "type": "Point", "coordinates": [ 138.572809, 35.634628 ] } },
{ "type": "Feature", "properties": { "ID": 1922190001114, "正式名称": "医療法人恵愛会", "機関区分": 2, "都道府県コード": 19, "市区町村コード": 209, "所在地": "山梨県北杜市長坂町大八田３８７４－１", "緯度": 35.83288, "経度": 138.382787, "url": "https://www.iryou.teikyouseido.mhlw.go.jp/znk-web/juminkanja/S2430/initialize?prefCd=19&kikanCd=2190001114&kikanKbn=2", "url2": "http://www.iizuka-cl.com/", "内容": "医療法人恵愛会【2:診療所】【診療科目:内科_消化器内科_外科_整形外科_小児科_アレルギー科_リウマチ科】山梨県北杜市長坂町大八田３８７４－１" }, "geometry": { "type": "Point", "coordinates": [ 138.382787, 35.83288 ] } },
{ "type": "Feature", "properties": { "ID": 1922190001115, "正式名称": "医療法人ごとう会　ごとう眼科", "機関区分": 2, "都道府県コード": 19, "市区町村コード": 210, "所在地": "山梨県甲斐市西八幡１９４２－１", "緯度": 35.642153, "経度": 138.512536, "url": "https://www.iryou.teikyouseido.mhlw.go.jp/znk-web/juminkanja/S2430/initialize?prefCd=19&kikanCd=2190001115&kikanKbn=2", "url2": "http://www.goto-ganka.com", "内容": "医療法人ごとう会　ごとう眼科【2:診療所】【診療科目:眼科】山梨県甲斐市西八幡１９４２－１" }, "geometry": { "type": "Point", "coordinates": [ 138.512536, 35.642153 ] } },
{ "type": "Feature", "properties": { "ID": 1922190001119, "正式名称": "ポラリス眼科", "機関区分": 2, "都道府県コード": 19, "市区町村コード": 210, "所在地": "山梨県甲斐市志田字柿木６４５－１　ラザウォーク甲斐双葉１階", "緯度": 35.688926, "経度": 138.484647, "url": "https://www.iryou.teikyouseido.mhlw.go.jp/znk-web/juminkanja/S2430/initialize?prefCd=19&kikanCd=2190001119&kikanKbn=2", "url2": "https://hosoda-ganka.navi-clinic.jp/", "内容": "ポラリス眼科【2:診療所】【診療科目:眼科】山梨県甲斐市志田字柿木６４５－１　ラザウォーク甲斐双葉１階" }, "geometry": { "type": "Point", "coordinates": [ 138.484647, 35.688926 ] } },
{ "type": "Feature", "properties": { "ID": 1922190001122, "正式名称": "ヒデキ歯科クリニック", "機関区分": 2, "都道府県コード": 19, "市区町村コード": 430, "所在地": "山梨県南都留郡富士河口湖町船津１５０１－４", "緯度": 35.486563, "経度": 138.759216, "url": "https://www.iryou.teikyouseido.mhlw.go.jp/znk-web/juminkanja/S2430/initialize?prefCd=19&kikanCd=2190001122&kikanKbn=2", "url2": "http://www.hideki-shika422.com", "内容": "ヒデキ歯科クリニック【2:診療所】【診療科目:歯科_歯科口腔外科_小児歯科】山梨県南都留郡富士河口湖町船津１５０１－４" }, "geometry": { "type": "Point", "coordinates": [ 138.759216, 35.486563 ] } },
{ "type": "Feature", "properties": { "ID": 1922190001125, "正式名称": "やました内科クリニック", "機関区分": 2, "都道府県コード": 19, "市区町村コード": 211, "所在地": "山梨県笛吹市石和町四日市場１６４３", "緯度": 35.641239, "経度": 138.632137, "url": "https://www.iryou.teikyouseido.mhlw.go.jp/znk-web/juminkanja/S2430/initialize?prefCd=19&kikanCd=2190001125&kikanKbn=2", "url2": "http://www.yamashita-nclinic.jp", "内容": "やました内科クリニック【2:診療所】【診療科目:内科_腎臓内科】山梨県笛吹市石和町四日市場１６４３" }, "geometry": { "type": "Point", "coordinates": [ 138.632137, 35.641239 ] } },
{ "type": "Feature", "properties": { "ID": 1922190001130, "正式名称": "三神医院", "機関区分": 2, "都道府県コード": 19, "市区町村コード": 201, "所在地": "山梨県甲府市大里町２１５１－１", "緯度": 35.621184, "経度": 138.5592, "url": "https://www.iryou.teikyouseido.mhlw.go.jp/znk-web/juminkanja/S2430/initialize?prefCd=19&kikanCd=2190001130&kikanKbn=2", "url2": null, "内容": "三神医院【2:診療所】【診療科目:内科_呼吸器内科_脳神経外科_整形外科】山梨県甲府市大里町２１５１－１" }, "geometry": { "type": "Point", "coordinates": [ 138.5592, 35.621184 ] } },
{ "type": "Feature", "properties": { "ID": 1922190001134, "正式名称": "いのうえ整形外科クリニック", "機関区分": 2, "都道府県コード": 19, "市区町村コード": 209, "所在地": "山梨県北杜市長坂町夏秋９４３－６", "緯度": 35.824105, "経度": 138.391926, "url": "https://www.iryou.teikyouseido.mhlw.go.jp/znk-web/juminkanja/S2430/initialize?prefCd=19&kikanCd=2190001134&kikanKbn=2", "url2": "http://www.inoue-orthop.com/", "内容": "いのうえ整形外科クリニック【2:診療所】【診療科目:整形外科_リウマチ科_リハビリテーション科】山梨県北杜市長坂町夏秋９４３－６" }, "geometry": { "type": "Point", "coordinates": [ 138.391926, 35.824105 ] } },
{ "type": "Feature", "properties": { "ID": 1922190001135, "正式名称": "医療法人　久晴会　甲斐リハビリテーションクリニック", "機関区分": 2, "都道府県コード": 19, "市区町村コード": 210, "所在地": "山梨県甲斐市西八幡３９９０", "緯度": 35.642153, "経度": 138.512536, "url": "https://www.iryou.teikyouseido.mhlw.go.jp/znk-web/juminkanja/S2430/initialize?prefCd=19&kikanCd=2190001135&kikanKbn=2", "url2": "http://kai-reha.jp/", "内容": "医療法人　久晴会　甲斐リハビリテーションクリニック【2:診療所】【診療科目:内科_糖尿病内科_脳神経内科_リハビリテーション科】山梨県甲斐市西八幡３９９０" }, "geometry": { "type": "Point", "coordinates": [ 138.512536, 35.642153 ] } },
{ "type": "Feature", "properties": { "ID": 1922190001136, "正式名称": "いとう眼科クリニック", "機関区分": 2, "都道府県コード": 19, "市区町村コード": 210, "所在地": "山梨県甲斐市大下条１６００－８", "緯度": 35.674956, "経度": 138.524672, "url": "https://www.iryou.teikyouseido.mhlw.go.jp/znk-web/juminkanja/S2430/initialize?prefCd=19&kikanCd=2190001136&kikanKbn=2", "url2": "http://www.ito-eye-clinic.org", "内容": "いとう眼科クリニック【2:診療所】【診療科目:眼科】山梨県甲斐市大下条１６００－８" }, "geometry": { "type": "Point", "coordinates": [ 138.524672, 35.674956 ] } },
{ "type": "Feature", "properties": { "ID": 1922190001137, "正式名称": "つゆきこどもクリニック", "機関区分": 2, "都道府県コード": 19, "市区町村コード": 202, "所在地": "山梨県富士吉田市下吉田８丁目１８－２９", "緯度": 35.490813, "経度": 138.803823, "url": "https://www.iryou.teikyouseido.mhlw.go.jp/znk-web/juminkanja/S2430/initialize?prefCd=19&kikanCd=2190001137&kikanKbn=2", "url2": "http://www.tsuyukids.jp/", "内容": "つゆきこどもクリニック【2:診療所】【診療科目:小児科】山梨県富士吉田市下吉田８丁目１８－２９" }, "geometry": { "type": "Point", "coordinates": [ 138.803823, 35.490813 ] } },
{ "type": "Feature", "properties": { "ID": 1922190001138, "正式名称": "地域密着型特別養護老人ホーム　ふる里ホーム　玉穂げんき村医務室", "機関区分": 2, "都道府県コード": 19, "市区町村コード": 214, "所在地": "山梨県中央市乙黒２３５－１", "緯度": 35.593576, "経度": 138.545924, "url": "https://www.iryou.teikyouseido.mhlw.go.jp/znk-web/juminkanja/S2430/initialize?prefCd=19&kikanCd=2190001138&kikanKbn=2", "url2": null, "内容": "地域密着型特別養護老人ホーム　ふる里ホーム　玉穂げんき村医務室【2:診療所】【診療科目:内科】山梨県中央市乙黒２３５－１" }, "geometry": { "type": "Point", "coordinates": [ 138.545924, 35.593576 ] } },
{ "type": "Feature", "properties": { "ID": 1922190001139, "正式名称": "医療法人柴垣医院　柴垣皮フ科医院", "機関区分": 2, "都道府県コード": 19, "市区町村コード": 201, "所在地": "山梨県甲府市砂田町１１５９－１０", "緯度": 35.654598, "経度": 138.592195, "url": "https://www.iryou.teikyouseido.mhlw.go.jp/znk-web/juminkanja/S2430/initialize?prefCd=19&kikanCd=2190001139&kikanKbn=2", "url2": "http://shibagaki.byoinnavi.jp/", "内容": "医療法人柴垣医院　柴垣皮フ科医院【2:診療所】【診療科目:小児皮膚科_皮膚科_アレルギー科】山梨県甲府市砂田町１１５９－１０" }, "geometry": { "type": "Point", "coordinates": [ 138.592195, 35.654598 ] } },
{ "type": "Feature", "properties": { "ID": 1922190001141, "正式名称": "たわら内科クリニック", "機関区分": 2, "都道府県コード": 19, "市区町村コード": 210, "所在地": "山梨県甲斐市西八幡１１９１", "緯度": 35.642153, "経度": 138.512536, "url": "https://www.iryou.teikyouseido.mhlw.go.jp/znk-web/juminkanja/S2430/initialize?prefCd=19&kikanCd=2190001141&kikanKbn=2", "url2": "http://www.kai-tawaranaika.com/", "内容": "たわら内科クリニック【2:診療所】【診療科目:内科_消化器内科】山梨県甲斐市西八幡１１９１" }, "geometry": { "type": "Point", "coordinates": [ 138.512536, 35.642153 ] } },
{ "type": "Feature", "properties": { "ID": 1922190001145, "正式名称": "医療法人　雙寿会　ことぶき診療所", "機関区分": 2, "都道府県コード": 19, "市区町村コード": 202, "所在地": "山梨県富士吉田市上暮地５－８－１６", "緯度": 35.515034, "経度": 138.831376, "url": "https://www.iryou.teikyouseido.mhlw.go.jp/znk-web/juminkanja/S2430/initialize?prefCd=19&kikanCd=2190001145&kikanKbn=2", "url2": "http://kotobuki.byoinnavi.jp/pc/guide.html", "内容": "医療法人　雙寿会　ことぶき診療所【2:診療所】【診療科目:内科_消化器内科_整形外科】山梨県富士吉田市上暮地５－８－１６" }, "geometry": { "type": "Point", "coordinates": [ 138.831376, 35.515034 ] } },
{ "type": "Feature", "properties": { "ID": 1922190001146, "正式名称": "スバル　ビューティー　ヘルス　クリニック", "機関区分": 2, "都道府県コード": 19, "市区町村コード": 204, "所在地": "山梨県都留市井倉６２８－３", "緯度": 35.572502, "経度": 138.931921, "url": "https://www.iryou.teikyouseido.mhlw.go.jp/znk-web/juminkanja/S2430/initialize?prefCd=19&kikanCd=2190001146&kikanKbn=2", "url2": null, "内容": "スバル　ビューティー　ヘルス　クリニック【2:診療所】【診療科目:内科_形成外科_皮膚科】山梨県都留市井倉６２８－３" }, "geometry": { "type": "Point", "coordinates": [ 138.931921, 35.572502 ] } },
{ "type": "Feature", "properties": { "ID": 1922190001147, "正式名称": "おざわ歯科", "機関区分": 2, "都道府県コード": 19, "市区町村コード": 202, "所在地": "山梨県富士吉田市旭５－１２－１３", "緯度": 35.497368, "経度": 138.790574, "url": "https://www.iryou.teikyouseido.mhlw.go.jp/znk-web/juminkanja/S2430/initialize?prefCd=19&kikanCd=2190001147&kikanKbn=2", "url2": null, "内容": "おざわ歯科【2:診療所】【診療科目:歯科_矯正歯科_歯科口腔外科_小児歯科】山梨県富士吉田市旭５－１２－１３" }, "geometry": { "type": "Point", "coordinates": [ 138.790574, 35.497368 ] } },
{ "type": "Feature", "properties": { "ID": 1922190001148, "正式名称": "長田在宅クリニック", "機関区分": 2, "都道府県コード": 19, "市区町村コード": 201, "所在地": "山梨県甲府市西下条町１３", "緯度": 35.605137, "経度": 138.568543, "url": "https://www.iryou.teikyouseido.mhlw.go.jp/znk-web/juminkanja/S2430/initialize?prefCd=19&kikanCd=2190001148&kikanKbn=2", "url2": "https://www.osadazaitaku.com", "内容": "長田在宅クリニック【2:診療所】【診療科目:内科_呼吸器内科_神経内科_外科】山梨県甲府市西下条町１３" }, "geometry": { "type": "Point", "coordinates": [ 138.568543, 35.605137 ] } },
{ "type": "Feature", "properties": { "ID": 1922190001152, "正式名称": "甲府昭和眼科診療所", "機関区分": 2, "都道府県コード": 19, "市区町村コード": 384, "所在地": "山梨県中巨摩郡昭和町西条１３－１", "緯度": 35.637293, "経度": 138.543283, "url": "https://www.iryou.teikyouseido.mhlw.go.jp/znk-web/juminkanja/S2430/initialize?prefCd=19&kikanCd=2190001152&kikanKbn=2", "url2": null, "内容": "甲府昭和眼科診療所【2:診療所】【診療科目:眼科】山梨県中巨摩郡昭和町西条１３－１" }, "geometry": { "type": "Point", "coordinates": [ 138.543283, 35.637293 ] } },
{ "type": "Feature", "properties": { "ID": 1922190001153, "正式名称": "ほたるの郷　翔和診療所", "機関区分": 2, "都道府県コード": 19, "市区町村コード": 384, "所在地": "山梨県中巨摩郡昭和町清水新居３２１", "緯度": 35.64582, "経度": 138.55031, "url": "https://www.iryou.teikyouseido.mhlw.go.jp/znk-web/juminkanja/S2430/initialize?prefCd=19&kikanCd=2190001153&kikanKbn=2", "url2": null, "内容": "ほたるの郷　翔和診療所【2:診療所】【診療科目:整形外科】山梨県中巨摩郡昭和町清水新居３２１" }, "geometry": { "type": "Point", "coordinates": [ 138.55031, 35.64582 ] } },
{ "type": "Feature", "properties": { "ID": 1922190001154, "正式名称": "アルプスこどもクリニック", "機関区分": 2, "都道府県コード": 19, "市区町村コード": 208, "所在地": "山梨県南アルプス市吉田８６４－１", "緯度": 35.626738, "経度": 138.477011, "url": "https://www.iryou.teikyouseido.mhlw.go.jp/znk-web/juminkanja/S2430/initialize?prefCd=19&kikanCd=2190001154&kikanKbn=2", "url2": "http://www.alps-kodomo.jp/", "内容": "アルプスこどもクリニック【2:診療所】【診療科目:小児科】山梨県南アルプス市吉田８６４－１" }, "geometry": { "type": "Point", "coordinates": [ 138.477011, 35.626738 ] } },
{ "type": "Feature", "properties": { "ID": 1922190001155, "正式名称": "山梨県立富士・東部小児リハビリテーション診療所", "機関区分": 2, "都道府県コード": 19, "市区町村コード": 430, "所在地": "山梨県南都留郡富士河口湖町船津６６６３－１", "緯度": 35.486563, "経度": 138.759216, "url": "https://www.iryou.teikyouseido.mhlw.go.jp/znk-web/juminkanja/S2430/initialize?prefCd=19&kikanCd=2190001155&kikanKbn=2", "url2": null, "内容": "山梨県立富士・東部小児リハビリテーション診療所【2:診療所】【診療科目:小児科】山梨県南都留郡富士河口湖町船津６６６３－１" }, "geometry": { "type": "Point", "coordinates": [ 138.759216, 35.486563 ] } },
{ "type": "Feature", "properties": { "ID": 1922190001157, "正式名称": "春日居皮フ・リウマチクリニック", "機関区分": 2, "都道府県コード": 19, "市区町村コード": 211, "所在地": "山梨県笛吹市春日居町別田１６４－１", "緯度": 35.676291, "経度": 138.659772, "url": "https://www.iryou.teikyouseido.mhlw.go.jp/znk-web/juminkanja/S2430/initialize?prefCd=19&kikanCd=2190001157&kikanKbn=2", "url2": "http://kasugai-hifuka.com", "内容": "春日居皮フ・リウマチクリニック【2:診療所】【診療科目:小児皮膚科_皮膚科_美容皮膚科_アレルギー科_リウマチ科】山梨県笛吹市春日居町別田１６４－１" }, "geometry": { "type": "Point", "coordinates": [ 138.659772, 35.676291 ] } },
{ "type": "Feature", "properties": { "ID": 1922190001160, "正式名称": "きよさと診療所", "機関区分": 2, "都道府県コード": 19, "市区町村コード": 209, "所在地": "山梨県北杜市高根町清里３５４５－２４４８", "緯度": 35.901569, "経度": 138.446112, "url": "https://www.iryou.teikyouseido.mhlw.go.jp/znk-web/juminkanja/S2430/initialize?prefCd=19&kikanCd=2190001160&kikanKbn=2", "url2": null, "内容": "きよさと診療所【2:診療所】【診療科目:内科】山梨県北杜市高根町清里３５４５－２４４８" }, "geometry": { "type": "Point", "coordinates": [ 138.446112, 35.901569 ] } },
{ "type": "Feature", "properties": { "ID": 1922190001161, "正式名称": "こばやしこどもクリニック", "機関区分": 2, "都道府県コード": 19, "市区町村コード": 214, "所在地": "山梨県中央市若宮４６－８", "緯度": 35.612824, "経度": 138.538646, "url": "https://www.iryou.teikyouseido.mhlw.go.jp/znk-web/juminkanja/S2430/initialize?prefCd=19&kikanCd=2190001161&kikanKbn=2", "url2": "http://www.kobayashikids.com/", "内容": "こばやしこどもクリニック【2:診療所】【診療科目:小児科】山梨県中央市若宮４６－８" }, "geometry": { "type": "Point", "coordinates": [ 138.538646, 35.612824 ] } },
{ "type": "Feature", "properties": { "ID": 1922190001162, "正式名称": "すぎたに眼科", "機関区分": 2, "都道府県コード": 19, "市区町村コード": 206, "所在地": "山梨県大月市御太刀１－１５－１５　オサダ電気ビル１Ｆ", "緯度": 35.61422, "経度": 138.945779, "url": "https://www.iryou.teikyouseido.mhlw.go.jp/znk-web/juminkanja/S2430/initialize?prefCd=19&kikanCd=2190001162&kikanKbn=2", "url2": null, "内容": "すぎたに眼科【2:診療所】【診療科目:眼科】山梨県大月市御太刀１－１５－１５　オサダ電気ビル１Ｆ" }, "geometry": { "type": "Point", "coordinates": [ 138.945779, 35.61422 ] } },
{ "type": "Feature", "properties": { "ID": 1922190001164, "正式名称": "白根なかざわクリニック", "機関区分": 2, "都道府県コード": 19, "市区町村コード": 208, "所在地": "山梨県南アルプス市在家塚５２－６", "緯度": 35.639153, "経度": 138.4704, "url": "https://www.iryou.teikyouseido.mhlw.go.jp/znk-web/juminkanja/S2430/initialize?prefCd=19&kikanCd=2190001164&kikanKbn=2", "url2": "https://shirane-nakazawa-clinic.net", "内容": "白根なかざわクリニック【2:診療所】【診療科目:内科_神経内科】山梨県南アルプス市在家塚５２－６" }, "geometry": { "type": "Point", "coordinates": [ 138.4704, 35.639153 ] } },
{ "type": "Feature", "properties": { "ID": 1922190001165, "正式名称": "こばやし腎泌尿器科", "機関区分": 2, "都道府県コード": 19, "市区町村コード": 210, "所在地": "山梨県甲斐市西八幡２１１０－１", "緯度": 35.642153, "経度": 138.512536, "url": "https://www.iryou.teikyouseido.mhlw.go.jp/znk-web/juminkanja/S2430/initialize?prefCd=19&kikanCd=2190001165&kikanKbn=2", "url2": null, "内容": "こばやし腎泌尿器科【2:診療所】【診療科目:泌尿器科】山梨県甲斐市西八幡２１１０－１" }, "geometry": { "type": "Point", "coordinates": [ 138.512536, 35.642153 ] } },
{ "type": "Feature", "properties": { "ID": 1922190001166, "正式名称": "あんどう皮フ科クリニック", "機関区分": 2, "都道府県コード": 19, "市区町村コード": 208, "所在地": "山梨県南アルプス市上今諏訪１３１５－２２", "緯度": 35.635238, "経度": 138.493731, "url": "https://www.iryou.teikyouseido.mhlw.go.jp/znk-web/juminkanja/S2430/initialize?prefCd=19&kikanCd=2190001166&kikanKbn=2", "url2": "http://ando-hifu.com", "内容": "あんどう皮フ科クリニック【2:診療所】【診療科目:皮膚科_アレルギー科】山梨県南アルプス市上今諏訪１３１５－２２" }, "geometry": { "type": "Point", "coordinates": [ 138.493731, 35.635238 ] } },
{ "type": "Feature", "properties": { "ID": 1922190001168, "正式名称": "医療法人社団　慶心会　ふじさん腎臓内科クリニック", "機関区分": 2, "都道府県コード": 19, "市区町村コード": 202, "所在地": "山梨県富士吉田市新西原二丁目３２番８号", "緯度": 35.482314, "経度": 138.786187, "url": "https://www.iryou.teikyouseido.mhlw.go.jp/znk-web/juminkanja/S2430/initialize?prefCd=19&kikanCd=2190001168&kikanKbn=2", "url2": "https://www.keishinkai.or.jp/fujisan/", "内容": "医療法人社団　慶心会　ふじさん腎臓内科クリニック【2:診療所】【診療科目:腎臓内科_人工透析内科】山梨県富士吉田市新西原二丁目３２番８号" }, "geometry": { "type": "Point", "coordinates": [ 138.786187, 35.482314 ] } },
{ "type": "Feature", "properties": { "ID": 1922190001169, "正式名称": "アルガ医院", "機関区分": 2, "都道府県コード": 19, "市区町村コード": 201, "所在地": "山梨県甲府市湯村３－１２－１６", "緯度": 35.678873, "経度": 138.549059, "url": "https://www.iryou.teikyouseido.mhlw.go.jp/znk-web/juminkanja/S2430/initialize?prefCd=19&kikanCd=2190001169&kikanKbn=2", "url2": null, "内容": "アルガ医院【2:診療所】【診療科目:漢方内科】山梨県甲府市湯村３－１２－１６" }, "geometry": { "type": "Point", "coordinates": [ 138.549059, 35.678873 ] } },
{ "type": "Feature", "properties": { "ID": 1922190001170, "正式名称": "さいとうこどもクリニック", "機関区分": 2, "都道府県コード": 19, "市区町村コード": 210, "所在地": "山梨県甲斐市龍地３１９６－１", "緯度": 35.688398, "経度": 138.505284, "url": "https://www.iryou.teikyouseido.mhlw.go.jp/znk-web/juminkanja/S2430/initialize?prefCd=19&kikanCd=2190001170&kikanKbn=2", "url2": "http://www.saito-keiichi.jp", "内容": "さいとうこどもクリニック【2:診療所】【診療科目:小児科_アレルギー科】山梨県甲斐市龍地３１９６－１" }, "geometry": { "type": "Point", "coordinates": [ 138.505284, 35.688398 ] } },
{ "type": "Feature", "properties": { "ID": 1922190001171, "正式名称": "土田クリニック　腎・泌尿器科", "機関区分": 2, "都道府県コード": 19, "市区町村コード": 384, "所在地": "山梨県中巨摩郡昭和町河東中島１５９０－３", "緯度": 35.623184, "経度": 138.532396, "url": "https://www.iryou.teikyouseido.mhlw.go.jp/znk-web/juminkanja/S2430/initialize?prefCd=19&kikanCd=2190001171&kikanKbn=2", "url2": "http://tsuchida-cl.jp/", "内容": "土田クリニック　腎・泌尿器科【2:診療所】【診療科目:腎臓内科_泌尿器科】山梨県中巨摩郡昭和町河東中島１５９０－３" }, "geometry": { "type": "Point", "coordinates": [ 138.532396, 35.623184 ] } },
{ "type": "Feature", "properties": { "ID": 1922190001172, "正式名称": "医療法人磐長会このはな産婦人科", "機関区分": 2, "都道府県コード": 19, "市区町村コード": 210, "所在地": "山梨県甲斐市西八幡１９５０－１", "緯度": 35.642153, "経度": 138.512536, "url": "https://www.iryou.teikyouseido.mhlw.go.jp/znk-web/juminkanja/S2430/initialize?prefCd=19&kikanCd=2190001172&kikanKbn=2", "url2": "http://www.konohana-obgy.com", "内容": "医療法人磐長会このはな産婦人科【2:診療所】【診療科目:産婦人科】山梨県甲斐市西八幡１９５０－１" }, "geometry": { "type": "Point", "coordinates": [ 138.512536, 35.642153 ] } },
{ "type": "Feature", "properties": { "ID": 1922190001173, "正式名称": "竜王みついクリニック", "機関区分": 2, "都道府県コード": 19, "市区町村コード": 210, "所在地": "山梨県甲斐市大下条１６０６－１", "緯度": 35.674956, "経度": 138.524672, "url": "https://www.iryou.teikyouseido.mhlw.go.jp/znk-web/juminkanja/S2430/initialize?prefCd=19&kikanCd=2190001173&kikanKbn=2", "url2": "https://www.ryuomitsuiclinic.com", "内容": "竜王みついクリニック【2:診療所】【診療科目:内科_消化器内科_外科_小児科】山梨県甲斐市大下条１６０６－１" }, "geometry": { "type": "Point", "coordinates": [ 138.524672, 35.674956 ] } },
{ "type": "Feature", "properties": { "ID": 1922190001174, "正式名称": "樂天堂内科整形外科", "機関区分": 2, "都道府県コード": 19, "市区町村コード": 201, "所在地": "山梨県甲府市朝気１丁目１－２９", "緯度": 35.652376, "経度": 138.58389, "url": "https://www.iryou.teikyouseido.mhlw.go.jp/znk-web/juminkanja/S2430/initialize?prefCd=19&kikanCd=2190001174&kikanKbn=2", "url2": "http://www.rakutendo.jp", "内容": "樂天堂内科整形外科【2:診療所】【診療科目:内科_整形外科_リハビリテーション科】山梨県甲府市朝気１丁目１－２９" }, "geometry": { "type": "Point", "coordinates": [ 138.58389, 35.652376 ] } },
{ "type": "Feature", "properties": { "ID": 1922190001175, "正式名称": "木下整形外科クリニック", "機関区分": 2, "都道府県コード": 19, "市区町村コード": 210, "所在地": "山梨県甲斐市玉川２１０－１", "緯度": 35.634238, "経度": 138.523313, "url": "https://www.iryou.teikyouseido.mhlw.go.jp/znk-web/juminkanja/S2430/initialize?prefCd=19&kikanCd=2190001175&kikanKbn=2", "url2": "http://kinoshita-seikei.jp/", "内容": "木下整形外科クリニック【2:診療所】【診療科目:整形外科_リハビリテーション科】山梨県甲斐市玉川２１０－１" }, "geometry": { "type": "Point", "coordinates": [ 138.523313, 35.634238 ] } },
{ "type": "Feature", "properties": { "ID": 1922190001176, "正式名称": "甲府向町こころのクリニック", "機関区分": 2, "都道府県コード": 19, "市区町村コード": 201, "所在地": "山梨県甲府市向町２６７－１", "緯度": 35.646628, "経度": 138.618166, "url": "https://www.iryou.teikyouseido.mhlw.go.jp/znk-web/juminkanja/S2430/initialize?prefCd=19&kikanCd=2190001176&kikanKbn=2", "url2": "http://www.mukomachi-kokoro.com", "内容": "甲府向町こころのクリニック【2:診療所】【診療科目:精神科_心療内科】山梨県甲府市向町２６７－１" }, "geometry": { "type": "Point", "coordinates": [ 138.618166, 35.646628 ] } },
{ "type": "Feature", "properties": { "ID": 1922190001177, "正式名称": "いまいペインクリニック", "機関区分": 2, "都道府県コード": 19, "市区町村コード": 201, "所在地": "山梨県甲府市向町２６０－１", "緯度": 35.647399, "経度": 138.61074, "url": "https://www.iryou.teikyouseido.mhlw.go.jp/znk-web/juminkanja/S2430/initialize?prefCd=19&kikanCd=2190001177&kikanKbn=2", "url2": "https://www.imai-pain.com", "内容": "いまいペインクリニック【2:診療所】【診療科目:内科_ペインクリニック内科_皮膚科_麻酔科】山梨県甲府市向町２６０－１" }, "geometry": { "type": "Point", "coordinates": [ 138.61074, 35.647399 ] } },
{ "type": "Feature", "properties": { "ID": 1922190001178, "正式名称": "くろだ小児科・耳鼻科", "機関区分": 2, "都道府県コード": 19, "市区町村コード": 210, "所在地": "山梨県甲斐市西八幡１９３９－１", "緯度": 35.642153, "経度": 138.512536, "url": "https://www.iryou.teikyouseido.mhlw.go.jp/znk-web/juminkanja/S2430/initialize?prefCd=19&kikanCd=2190001178&kikanKbn=2", "url2": null, "内容": "くろだ小児科・耳鼻科【2:診療所】【診療科目:小児科_耳鼻いんこう科】山梨県甲斐市西八幡１９３９－１" }, "geometry": { "type": "Point", "coordinates": [ 138.512536, 35.642153 ] } },
{ "type": "Feature", "properties": { "ID": 1922190001179, "正式名称": "医療法人社団篠原会　山梨ＰＥＴ画像診断クリニック", "機関区分": 2, "都道府県コード": 19, "市区町村コード": 214, "所在地": "山梨県中央市下河東３０４６－２", "緯度": 35.597908, "経度": 138.541729, "url": "https://www.iryou.teikyouseido.mhlw.go.jp/znk-web/juminkanja/S2430/initialize?prefCd=19&kikanCd=2190001179&kikanKbn=2", "url2": "http://ypic.jp", "内容": "医療法人社団篠原会　山梨ＰＥＴ画像診断クリニック【2:診療所】【診療科目:放射線科】山梨県中央市下河東３０４６－２" }, "geometry": { "type": "Point", "coordinates": [ 138.541729, 35.597908 ] } },
{ "type": "Feature", "properties": { "ID": 1922190001180, "正式名称": "森の診療所", "機関区分": 2, "都道府県コード": 19, "市区町村コード": 209, "所在地": "山梨県北杜市大泉町西井出８２４０－３６９", "緯度": 35.868239, "経度": 138.401978, "url": "https://www.iryou.teikyouseido.mhlw.go.jp/znk-web/juminkanja/S2430/initialize?prefCd=19&kikanCd=2190001180&kikanKbn=2", "url2": "http://www.mori-srj.com/", "内容": "森の診療所【2:診療所】【診療科目:内科_糖尿病内科_内分泌内科_整形外科_病理診断科】山梨県北杜市大泉町西井出８２４０－３６９" }, "geometry": { "type": "Point", "coordinates": [ 138.401978, 35.868239 ] } },
{ "type": "Feature", "properties": { "ID": 1922190001181, "正式名称": "クリニックまつおか", "機関区分": 2, "都道府県コード": 19, "市区町村コード": 211, "所在地": "山梨県笛吹市石和町八田４９０－２４", "緯度": 35.65617, "経度": 138.642353, "url": "https://www.iryou.teikyouseido.mhlw.go.jp/znk-web/juminkanja/S2430/initialize?prefCd=19&kikanCd=2190001181&kikanKbn=2", "url2": "https://clinicmatsuoka.com", "内容": "クリニックまつおか【2:診療所】【診療科目:児童精神科_精神科_心療内科】山梨県笛吹市石和町八田４９０－２４" }, "geometry": { "type": "Point", "coordinates": [ 138.642353, 35.65617 ] } },
{ "type": "Feature", "properties": { "ID": 1922190001182, "正式名称": "石山耳鼻咽喉科クリニック", "機関区分": 2, "都道府県コード": 19, "市区町村コード": 201, "所在地": "山梨県甲府市向町２６７－１", "緯度": 35.646628, "経度": 138.618166, "url": "https://www.iryou.teikyouseido.mhlw.go.jp/znk-web/juminkanja/S2430/initialize?prefCd=19&kikanCd=2190001182&kikanKbn=2", "url2": "http://www.ishiyama-entc.com", "内容": "石山耳鼻咽喉科クリニック【2:診療所】【診療科目:耳鼻いんこう科】山梨県甲府市向町２６７－１" }, "geometry": { "type": "Point", "coordinates": [ 138.618166, 35.646628 ] } },
{ "type": "Feature", "properties": { "ID": 1922190001183, "正式名称": "山梨市立産婦人科医院", "機関区分": 2, "都道府県コード": 19, "市区町村コード": 205, "所在地": "山梨県山梨市上神内川１７２", "緯度": 35.688485, "経度": 138.685658, "url": "https://www.iryou.teikyouseido.mhlw.go.jp/znk-web/juminkanja/S2430/initialize?prefCd=19&kikanCd=2190001183&kikanKbn=2", "url2": "http://shinonomekai.jp/", "内容": "山梨市立産婦人科医院【2:診療所】【診療科目:産科_婦人科】山梨県山梨市上神内川１７２" }, "geometry": { "type": "Point", "coordinates": [ 138.685658, 35.688485 ] } },
{ "type": "Feature", "properties": { "ID": 1922190001185, "正式名称": "いやま整形外科クリニック", "機関区分": 2, "都道府県コード": 19, "市区町村コード": 208, "所在地": "山梨県南アルプス市古市場１７５－１", "緯度": 35.591789, "経度": 138.47078, "url": "https://www.iryou.teikyouseido.mhlw.go.jp/znk-web/juminkanja/S2430/initialize?prefCd=19&kikanCd=2190001185&kikanKbn=2", "url2": "https://www.iyama-seikei.com", "内容": "いやま整形外科クリニック【2:診療所】【診療科目:整形外科_リウマチ科_リハビリテーション科】山梨県南アルプス市古市場１７５－１" }, "geometry": { "type": "Point", "coordinates": [ 138.47078, 35.591789 ] } },
{ "type": "Feature", "properties": { "ID": 1922190001186, "正式名称": "東花輪駅前小俣内科クリニック", "機関区分": 2, "都道府県コード": 19, "市区町村コード": 214, "所在地": "山梨県中央市東花輪６６９－２", "緯度": 35.589076, "経度": 138.528926, "url": "https://www.iryou.teikyouseido.mhlw.go.jp/znk-web/juminkanja/S2430/initialize?prefCd=19&kikanCd=2190001186&kikanKbn=2", "url2": "https://omata-naika.com/", "内容": "東花輪駅前小俣内科クリニック【2:診療所】【診療科目:内科】山梨県中央市東花輪６６９－２" }, "geometry": { "type": "Point", "coordinates": [ 138.528926, 35.589076 ] } },
{ "type": "Feature", "properties": { "ID": 1922190001187, "正式名称": "いけだ糖尿病・甲状腺クリニック", "機関区分": 2, "都道府県コード": 19, "市区町村コード": 210, "所在地": "山梨県甲斐市中下条９３９－２", "緯度": 35.679733, "経度": 138.528337, "url": "https://www.iryou.teikyouseido.mhlw.go.jp/znk-web/juminkanja/S2430/initialize?prefCd=19&kikanCd=2190001187&kikanKbn=2", "url2": "http://www.ikeda-dm-clinic.jp", "内容": "いけだ糖尿病・甲状腺クリニック【2:診療所】【診療科目:糖尿病内科_代謝内科_内分泌内科】山梨県甲斐市中下条９３９－２" }, "geometry": { "type": "Point", "coordinates": [ 138.528337, 35.679733 ] } },
{ "type": "Feature", "properties": { "ID": 1922190001188, "正式名称": "なるさわクリニック", "機関区分": 2, "都道府県コード": 19, "市区町村コード": 429, "所在地": "山梨県南都留郡鳴沢村２１２６－１", "緯度": 35.572198, "経度": 139.023801, "url": "https://www.iryou.teikyouseido.mhlw.go.jp/znk-web/juminkanja/S2430/initialize?prefCd=19&kikanCd=2190001188&kikanKbn=2", "url2": "http://narusawa-clinic.com/", "内容": "なるさわクリニック【2:診療所】【診療科目:内科_呼吸器内科_外科_呼吸器外科_皮膚科_アレルギー科】山梨県南都留郡鳴沢村２１２６－１" }, "geometry": { "type": "Point", "coordinates": [ 139.023801, 35.572198 ] } },
{ "type": "Feature", "properties": { "ID": 1922190001189, "正式名称": "医療法人燦玖会かわぐち湖ファミリークリニック", "機関区分": 2, "都道府県コード": 19, "市区町村コード": 430, "所在地": "山梨県南都留郡富士河口湖町小立４１１５－１", "緯度": 35.490757, "経度": 138.745551, "url": "https://www.iryou.teikyouseido.mhlw.go.jp/znk-web/juminkanja/S2430/initialize?prefCd=19&kikanCd=2190001189&kikanKbn=2", "url2": "https://kawaguchiko-familyclinic.com", "内容": "医療法人燦玖会かわぐち湖ファミリークリニック【2:診療所】【診療科目:内科_循環器内科_漢方内科_小児科】山梨県南都留郡富士河口湖町小立４１１５－１" }, "geometry": { "type": "Point", "coordinates": [ 138.745551, 35.490757 ] } },
{ "type": "Feature", "properties": { "ID": 1922190001190, "正式名称": "ふじかわ泌尿器クリニック", "機関区分": 2, "都道府県コード": 19, "市区町村コード": 368, "所在地": "山梨県南巨摩郡富士川町青柳町１７４７－１", "緯度": 35.558384, "経度": 138.467126, "url": "https://www.iryou.teikyouseido.mhlw.go.jp/znk-web/juminkanja/S2430/initialize?prefCd=19&kikanCd=2190001190&kikanKbn=2", "url2": "http://fujikawa-uro.jp/", "内容": "ふじかわ泌尿器クリニック【2:診療所】【診療科目:泌尿器科】山梨県南巨摩郡富士川町青柳町１７４７－１" }, "geometry": { "type": "Point", "coordinates": [ 138.467126, 35.558384 ] } },
{ "type": "Feature", "properties": { "ID": 1922190001191, "正式名称": "医療法人啓徹会　市川メディカルクリニック", "機関区分": 2, "都道府県コード": 19, "市区町村コード": 346, "所在地": "山梨県西八代郡市川三郷町高田５１８番地１", "緯度": 35.562884, "経度": 138.487291, "url": "https://www.iryou.teikyouseido.mhlw.go.jp/znk-web/juminkanja/S2430/initialize?prefCd=19&kikanCd=2190001191&kikanKbn=2", "url2": "http://www.ichikawa-med.jp/", "内容": "医療法人啓徹会　市川メディカルクリニック【2:診療所】【診療科目:内科_糖尿病内科_消化器内科_外科】山梨県西八代郡市川三郷町高田５１８番地１" }, "geometry": { "type": "Point", "coordinates": [ 138.487291, 35.562884 ] } },
{ "type": "Feature", "properties": { "ID": 1922190001193, "正式名称": "ふくとみ小児科", "機関区分": 2, "都道府県コード": 19, "市区町村コード": 214, "所在地": "山梨県中央市布施１", "緯度": 35.614184, "経度": 138.524453, "url": "https://www.iryou.teikyouseido.mhlw.go.jp/znk-web/juminkanja/S2430/initialize?prefCd=19&kikanCd=2190001193&kikanKbn=2", "url2": "https://fukutomi-shounika.com/", "内容": "ふくとみ小児科【2:診療所】【診療科目:小児科_アレルギー科】山梨県中央市布施１" }, "geometry": { "type": "Point", "coordinates": [ 138.524453, 35.614184 ] } },
{ "type": "Feature", "properties": { "ID": 1922190001194, "正式名称": "医療法人桜花会あすか在宅クリニック", "機関区分": 2, "都道府県コード": 19, "市区町村コード": 210, "所在地": "山梨県甲斐市境２１８０―１", "緯度": 35.691508, "経度": 138.521082, "url": "https://www.iryou.teikyouseido.mhlw.go.jp/znk-web/juminkanja/S2430/initialize?prefCd=19&kikanCd=2190001194&kikanKbn=2", "url2": "http://www.asuka-zaitaku.net", "内容": "医療法人桜花会あすか在宅クリニック【2:診療所】【診療科目:内科_老年内科_小児科_皮膚科】山梨県甲斐市境２１８０―１" }, "geometry": { "type": "Point", "coordinates": [ 138.521082, 35.691508 ] } },
{ "type": "Feature", "properties": { "ID": 1922190001198, "正式名称": "中山クリニック", "機関区分": 2, "都道府県コード": 19, "市区町村コード": 205, "所在地": "山梨県山梨市七日市場８４９－１", "緯度": 35.700512, "経度": 138.697308, "url": "https://www.iryou.teikyouseido.mhlw.go.jp/znk-web/juminkanja/S2430/initialize?prefCd=19&kikanCd=2190001198&kikanKbn=2", "url2": "https://yamanashi-nakayama-clinic.com/", "内容": "中山クリニック【2:診療所】【診療科目:内科_循環器内科_血管外科】山梨県山梨市七日市場８４９－１" }, "geometry": { "type": "Point", "coordinates": [ 138.697308, 35.700512 ] } },
{ "type": "Feature", "properties": { "ID": 1922190001201, "正式名称": "竜王ファミリークリニック", "機関区分": 2, "都道府県コード": 19, "市区町村コード": 210, "所在地": "山梨県甲斐市富竹新田１７５７－１", "緯度": 35.659208, "経度": 138.525812, "url": "https://www.iryou.teikyouseido.mhlw.go.jp/znk-web/juminkanja/S2430/initialize?prefCd=19&kikanCd=2190001201&kikanKbn=2", "url2": "https://www.yruoh-family-clinic,com", "内容": "竜王ファミリークリニック【2:診療所】【診療科目:内科_外科_小児科_皮膚科_精神科】山梨県甲斐市富竹新田１７５７－１" }, "geometry": { "type": "Point", "coordinates": [ 138.525812, 35.659208 ] } },
{ "type": "Feature", "properties": { "ID": 1922190001202, "正式名称": "こまいこどもクリニック", "機関区分": 2, "都道府県コード": 19, "市区町村コード": 207, "所在地": "山梨県韮崎市中田町中條１６４２－４", "緯度": 35.74478, "経度": 138.433815, "url": "https://www.iryou.teikyouseido.mhlw.go.jp/znk-web/juminkanja/S2430/initialize?prefCd=19&kikanCd=2190001202&kikanKbn=2", "url2": "http://www.komai-kodomo.com", "内容": "こまいこどもクリニック【2:診療所】【診療科目:小児科】山梨県韮崎市中田町中條１６４２－４" }, "geometry": { "type": "Point", "coordinates": [ 138.433815, 35.74478 ] } },
{ "type": "Feature", "properties": { "ID": 1922190001203, "正式名称": "富士吉田泌尿器科クリニック", "機関区分": 2, "都道府県コード": 19, "市区町村コード": 202, "所在地": "山梨県富士吉田市下吉田１－２２－１２", "緯度": 35.490813, "経度": 138.803823, "url": "https://www.iryou.teikyouseido.mhlw.go.jp/znk-web/juminkanja/S2430/initialize?prefCd=19&kikanCd=2190001203&kikanKbn=2", "url2": "https://www.fujiyoshida-hinyoukika.com", "内容": "富士吉田泌尿器科クリニック【2:診療所】【診療科目:泌尿器科】山梨県富士吉田市下吉田１－２２－１２" }, "geometry": { "type": "Point", "coordinates": [ 138.803823, 35.490813 ] } },
{ "type": "Feature", "properties": { "ID": 1922190001204, "正式名称": "介護老人保健施設　玉穂ケアセンター　施設長室", "機関区分": 2, "都道府県コード": 19, "市区町村コード": 214, "所在地": "山梨県中央市乙黒２４７－１", "緯度": 35.593576, "経度": 138.545924, "url": "https://www.iryou.teikyouseido.mhlw.go.jp/znk-web/juminkanja/S2430/initialize?prefCd=19&kikanCd=2190001204&kikanKbn=2", "url2": null, "内容": "介護老人保健施設　玉穂ケアセンター　施設長室【2:診療所】【診療科目:内科_泌尿器科】山梨県中央市乙黒２４７－１" }, "geometry": { "type": "Point", "coordinates": [ 138.545924, 35.593576 ] } },
{ "type": "Feature", "properties": { "ID": 1922190001205, "正式名称": "こせ耳鼻咽喉科クリニック", "機関区分": 2, "都道府県コード": 19, "市区町村コード": 201, "所在地": "山梨県甲府市小瀬町１１４１－１", "緯度": 35.628156, "経度": 138.581363, "url": "https://www.iryou.teikyouseido.mhlw.go.jp/znk-web/juminkanja/S2430/initialize?prefCd=19&kikanCd=2190001205&kikanKbn=2", "url2": "https://www.kose-ent-clinic.com/", "内容": "こせ耳鼻咽喉科クリニック【2:診療所】【診療科目:耳鼻いんこう科】山梨県甲府市小瀬町１１４１－１" }, "geometry": { "type": "Point", "coordinates": [ 138.581363, 35.628156 ] } },
{ "type": "Feature", "properties": { "ID": 1922190001206, "正式名称": "こどもの森クリニック　小児科・アレルギー科", "機関区分": 2, "都道府県コード": 19, "市区町村コード": 201, "所在地": "山梨県甲府市富竹１－３－１０　１－３－１０，ｔｏｍｉｔａｋｅ，ｋｏｆｕ－ｓｈｉ", "緯度": 35.656791, "経度": 138.542976, "url": "https://www.iryou.teikyouseido.mhlw.go.jp/znk-web/juminkanja/S2430/initialize?prefCd=19&kikanCd=2190001206&kikanKbn=2", "url2": null, "内容": "こどもの森クリニック　小児科・アレルギー科【2:診療所】【診療科目:小児科_アレルギー科】山梨県甲府市富竹１－３－１０　１－３－１０，ｔｏｍｉｔａｋｅ，ｋｏｆｕ－ｓｈｉ" }, "geometry": { "type": "Point", "coordinates": [ 138.542976, 35.656791 ] } },
{ "type": "Feature", "properties": { "ID": 1922190001208, "正式名称": "昭和南耳鼻咽喉科クリニック", "機関区分": 2, "都道府県コード": 19, "市区町村コード": 384, "所在地": "山梨県中巨摩郡昭和町河東中島１５８３－１６", "緯度": 35.623184, "経度": 138.532396, "url": "https://www.iryou.teikyouseido.mhlw.go.jp/znk-web/juminkanja/S2430/initialize?prefCd=19&kikanCd=2190001208&kikanKbn=2", "url2": "http://www.showaminami-clinic.com", "内容": "昭和南耳鼻咽喉科クリニック【2:診療所】【診療科目:耳鼻いんこう科_アレルギー科】山梨県中巨摩郡昭和町河東中島１５８３－１６" }, "geometry": { "type": "Point", "coordinates": [ 138.532396, 35.623184 ] } },
{ "type": "Feature", "properties": { "ID": 1922190001210, "正式名称": "甲府昭和みみ・はな・のどクリニック", "機関区分": 2, "都道府県コード": 19, "市区町村コード": 201, "所在地": "山梨県甲府市国母７－４－１２", "緯度": 35.640154, "経度": 138.555754, "url": "https://www.iryou.teikyouseido.mhlw.go.jp/znk-web/juminkanja/S2430/initialize?prefCd=19&kikanCd=2190001210&kikanKbn=2", "url2": "http://www.ks-ent.jp", "内容": "甲府昭和みみ・はな・のどクリニック【2:診療所】【診療科目:頭頸部外科_小児耳鼻いんこう科_耳鼻いんこう科】山梨県甲府市国母７－４－１２" }, "geometry": { "type": "Point", "coordinates": [ 138.555754, 35.640154 ] } },
{ "type": "Feature", "properties": { "ID": 1922190001211, "正式名称": "韮崎おはな産婦人科", "機関区分": 2, "都道府県コード": 19, "市区町村コード": 207, "所在地": "山梨県韮崎市富士見１ー３ー９", "緯度": 35.708257, "経度": 138.45612, "url": "https://www.iryou.teikyouseido.mhlw.go.jp/znk-web/juminkanja/S2430/initialize?prefCd=19&kikanCd=2190001211&kikanKbn=2", "url2": "https://nirasakiohana.com/", "内容": "韮崎おはな産婦人科【2:診療所】【診療科目:産婦人科_産科_婦人科】山梨県韮崎市富士見１ー３ー９" }, "geometry": { "type": "Point", "coordinates": [ 138.45612, 35.708257 ] } },
{ "type": "Feature", "properties": { "ID": 1922190001212, "正式名称": "大城眼科", "機関区分": 2, "都道府県コード": 19, "市区町村コード": 201, "所在地": "山梨県甲府市塩部４丁目１４番１４号", "緯度": 35.67304, "経度": 138.557558, "url": "https://www.iryou.teikyouseido.mhlw.go.jp/znk-web/juminkanja/S2430/initialize?prefCd=19&kikanCd=2190001212&kikanKbn=2", "url2": "https://www.oshiro-eye-clinic.com", "内容": "大城眼科【2:診療所】【診療科目:眼科】山梨県甲府市塩部４丁目１４番１４号" }, "geometry": { "type": "Point", "coordinates": [ 138.557558, 35.67304 ] } },
{ "type": "Feature", "properties": { "ID": 1922190001213, "正式名称": "こいし糖尿病内科クリニック", "機関区分": 2, "都道府県コード": 19, "市区町村コード": 201, "所在地": "山梨県甲府市和戸町６８０", "緯度": 35.655127, "経度": 138.61847, "url": "https://www.iryou.teikyouseido.mhlw.go.jp/znk-web/juminkanja/S2430/initialize?prefCd=19&kikanCd=2190001213&kikanKbn=2", "url2": "http://yamanashi-dm.com", "内容": "こいし糖尿病内科クリニック【2:診療所】【診療科目:内科_糖尿病内科】山梨県甲府市和戸町６８０" }, "geometry": { "type": "Point", "coordinates": [ 138.61847, 35.655127 ] } },
{ "type": "Feature", "properties": { "ID": 1922190001214, "正式名称": "下小河原皮膚科クリニック", "機関区分": 2, "都道府県コード": 19, "市区町村コード": 201, "所在地": "山梨県甲府市下小河原町２４８－１　グレイスリー下小河原Ｇ", "緯度": 35.631905, "経度": 138.579641, "url": "https://www.iryou.teikyouseido.mhlw.go.jp/znk-web/juminkanja/S2430/initialize?prefCd=19&kikanCd=2190001214&kikanKbn=2", "url2": "https://shimoko-hifuka.com/", "内容": "下小河原皮膚科クリニック【2:診療所】【診療科目:皮膚科】山梨県甲府市下小河原町２４８－１　グレイスリー下小河原Ｇ" }, "geometry": { "type": "Point", "coordinates": [ 138.579641, 35.631905 ] } },
{ "type": "Feature", "properties": { "ID": 1922190001215, "正式名称": "子どもの心の相談室「クリニック・テラ」", "機関区分": 2, "都道府県コード": 19, "市区町村コード": 201, "所在地": "山梨県甲府市伊勢３－８－８", "緯度": 35.644988, "経度": 138.567892, "url": "https://www.iryou.teikyouseido.mhlw.go.jp/znk-web/juminkanja/S2430/initialize?prefCd=19&kikanCd=2190001215&kikanKbn=2", "url2": "http://y-risyou.ed.jp/publics/index/33/", "内容": "子どもの心の相談室「クリニック・テラ」【2:診療所】【診療科目:小児科_児童精神科】山梨県甲府市伊勢３－８－８" }, "geometry": { "type": "Point", "coordinates": [ 138.567892, 35.644988 ] } },
{ "type": "Feature", "properties": { "ID": 1922190001216, "正式名称": "たての眼科", "機関区分": 2, "都道府県コード": 19, "市区町村コード": 201, "所在地": "山梨県甲府市和戸町６２２－１", "緯度": 35.655127, "経度": 138.61847, "url": "https://www.iryou.teikyouseido.mhlw.go.jp/znk-web/juminkanja/S2430/initialize?prefCd=19&kikanCd=2190001216&kikanKbn=2", "url2": "https://www.tatenoeyeclinic.com", "内容": "たての眼科【2:診療所】【診療科目:眼科】山梨県甲府市和戸町６２２－１" }, "geometry": { "type": "Point", "coordinates": [ 138.61847, 35.655127 ] } },
{ "type": "Feature", "properties": { "ID": 1922190001217, "正式名称": "おおくにクリニック", "機関区分": 2, "都道府県コード": 19, "市区町村コード": 201, "所在地": "山梨県甲府市大里町５１２５番地", "緯度": 35.625379, "経度": 138.554811, "url": "https://www.iryou.teikyouseido.mhlw.go.jp/znk-web/juminkanja/S2430/initialize?prefCd=19&kikanCd=2190001217&kikanKbn=2", "url2": "http://sasamotokai.net/", "内容": "おおくにクリニック【2:診療所】【診療科目:内科_呼吸器内科_外科_消化器外科_乳腺外科】山梨県甲府市大里町５１２５番地" }, "geometry": { "type": "Point", "coordinates": [ 138.554811, 35.625379 ] } },
{ "type": "Feature", "properties": { "ID": 1922190001218, "正式名称": "いのうえ泌尿器科クリニック", "機関区分": 2, "都道府県コード": 19, "市区町村コード": 211, "所在地": "山梨県笛吹市石和町四日市場１７９３", "緯度": 35.641239, "経度": 138.632137, "url": "https://www.iryou.teikyouseido.mhlw.go.jp/znk-web/juminkanja/S2430/initialize?prefCd=19&kikanCd=2190001218&kikanKbn=2", "url2": "https://www.inoue-hinyoukika.com/", "内容": "いのうえ泌尿器科クリニック【2:診療所】【診療科目:泌尿器科】山梨県笛吹市石和町四日市場１７９３" }, "geometry": { "type": "Point", "coordinates": [ 138.632137, 35.641239 ] } },
{ "type": "Feature", "properties": { "ID": 1922190001219, "正式名称": "はなわクリニック", "機関区分": 2, "都道府県コード": 19, "市区町村コード": 368, "所在地": "山梨県南巨摩郡富士川町青柳町１７４９－１", "緯度": 35.558384, "経度": 138.467126, "url": "https://www.iryou.teikyouseido.mhlw.go.jp/znk-web/juminkanja/S2430/initialize?prefCd=19&kikanCd=2190001219&kikanKbn=2", "url2": "https://hanawa-cl.jp/", "内容": "はなわクリニック【2:診療所】【診療科目:内科_消化器内科_内視鏡内科】山梨県南巨摩郡富士川町青柳町１７４９－１" }, "geometry": { "type": "Point", "coordinates": [ 138.467126, 35.558384 ] } },
{ "type": "Feature", "properties": { "ID": 1922190001220, "正式名称": "医療法人めぐみ会さの皮フ科クリニック", "機関区分": 2, "都道府県コード": 19, "市区町村コード": 384, "所在地": "山梨県中巨摩郡昭和町上河東１３１３－１", "緯度": 35.613796, "経度": 138.53284, "url": "https://www.iryou.teikyouseido.mhlw.go.jp/znk-web/juminkanja/S2430/initialize?prefCd=19&kikanCd=2190001220&kikanKbn=2", "url2": "https://www.sano-hifu.com", "内容": "医療法人めぐみ会さの皮フ科クリニック【2:診療所】【診療科目:皮膚科_アレルギー科】山梨県中巨摩郡昭和町上河東１３１３－１" }, "geometry": { "type": "Point", "coordinates": [ 138.53284, 35.613796 ] } },
{ "type": "Feature", "properties": { "ID": 1922190001221, "正式名称": "さとう整形外科", "機関区分": 2, "都道府県コード": 19, "市区町村コード": 384, "所在地": "山梨県中巨摩郡昭和町西条４１２９", "緯度": 35.637758, "経度": 138.543924, "url": "https://www.iryou.teikyouseido.mhlw.go.jp/znk-web/juminkanja/S2430/initialize?prefCd=19&kikanCd=2190001221&kikanKbn=2", "url2": "https://www.310-seikei-clinic.com/", "内容": "さとう整形外科【2:診療所】【診療科目:整形外科_リハビリテーション科】山梨県中巨摩郡昭和町西条４１２９" }, "geometry": { "type": "Point", "coordinates": [ 138.543924, 35.637758 ] } },
{ "type": "Feature", "properties": { "ID": 1922190001222, "正式名称": "ハートクリニックゆたか", "機関区分": 2, "都道府県コード": 19, "市区町村コード": 208, "所在地": "山梨県南アルプス市十五所６３３－６", "緯度": 35.621017, "経度": 138.47454, "url": "https://www.iryou.teikyouseido.mhlw.go.jp/znk-web/juminkanja/S2430/initialize?prefCd=19&kikanCd=2190001222&kikanKbn=2", "url2": "https://heartclinic-yutaka.com/", "内容": "ハートクリニックゆたか【2:診療所】【診療科目:内科_循環器内科】山梨県南アルプス市十五所６３３－６" }, "geometry": { "type": "Point", "coordinates": [ 138.47454, 35.621017 ] } },
{ "type": "Feature", "properties": { "ID": 1922190001225, "正式名称": "東京ノーストクリニック", "機関区分": 2, "都道府県コード": 19, "市区町村コード": 201, "所在地": "山梨県甲府市丸の内１－２－９　丸の内駅前ビル６Ｆ", "緯度": 35.662902, "経度": 138.566891, "url": "https://www.iryou.teikyouseido.mhlw.go.jp/znk-web/juminkanja/S2430/initialize?prefCd=19&kikanCd=2190001225&kikanKbn=2", "url2": null, "内容": "東京ノーストクリニック【2:診療所】【診療科目:形成外科_泌尿器科】山梨県甲府市丸の内１－２－９　丸の内駅前ビル６Ｆ" }, "geometry": { "type": "Point", "coordinates": [ 138.566891, 35.662902 ] } },
{ "type": "Feature", "properties": { "ID": 1922190001226, "正式名称": "医療法人貴和　よこやま泌尿器在宅クリニック", "機関区分": 2, "都道府県コード": 19, "市区町村コード": 201, "所在地": "山梨県甲府市千塚１－５－２４", "緯度": 35.682344, "経度": 138.540225, "url": "https://www.iryou.teikyouseido.mhlw.go.jp/znk-web/juminkanja/S2430/initialize?prefCd=19&kikanCd=2190001226&kikanKbn=2", "url2": "https;//yokoyama-uro-clinic.com/", "内容": "医療法人貴和　よこやま泌尿器在宅クリニック【2:診療所】【診療科目:泌尿器科】山梨県甲府市千塚１－５－２４" }, "geometry": { "type": "Point", "coordinates": [ 138.540225, 35.682344 ] } },
{ "type": "Feature", "properties": { "ID": 1922190001228, "正式名称": "医療法人建義会　相川整形外科クリニック", "機関区分": 2, "都道府県コード": 19, "市区町村コード": 384, "所在地": "山梨県中巨摩郡昭和町河東中島１５９２－５", "緯度": 35.620243, "経度": 138.531082, "url": "https://www.iryou.teikyouseido.mhlw.go.jp/znk-web/juminkanja/S2430/initialize?prefCd=19&kikanCd=2190001228&kikanKbn=2", "url2": "https://www.ao-clinic.net/", "内容": "医療法人建義会　相川整形外科クリニック【2:診療所】【診療科目:整形外科_リハビリテーション科】山梨県中巨摩郡昭和町河東中島１５９２－５" }, "geometry": { "type": "Point", "coordinates": [ 138.531082, 35.620243 ] } },
{ "type": "Feature", "properties": { "ID": 1922190001229, "正式名称": "いわもと内科おなかクリニック", "機関区分": 2, "都道府県コード": 19, "市区町村コード": 201, "所在地": "山梨県甲府市向町２０２　グリーンタウン甲府東", "緯度": 35.646628, "経度": 138.618166, "url": "https://www.iryou.teikyouseido.mhlw.go.jp/znk-web/juminkanja/S2430/initialize?prefCd=19&kikanCd=2190001229&kikanKbn=2", "url2": "https://iwamoto-onaka.com/", "内容": "いわもと内科おなかクリニック【2:診療所】【診療科目:内科_消化器内科_胃腸内科】山梨県甲府市向町２０２　グリーンタウン甲府東" }, "geometry": { "type": "Point", "coordinates": [ 138.618166, 35.646628 ] } },
{ "type": "Feature", "properties": { "ID": 192219000123, "正式名称": "塩山あかおクリニック", "機関区分": 2, "都道府県コード": 19, "市区町村コード": 213, "所在地": "山梨県甲州市塩山赤尾字坂下２９４－１", "緯度": 35.703053, "経度": 138.73837, "url": "https://www.iryou.teikyouseido.mhlw.go.jp/znk-web/juminkanja/S2430/initialize?prefCd=19&kikanCd=219000123&kikanKbn=2", "url2": null, "内容": "塩山あかおクリニック【2:診療所】【診療科目:内科_消化器内科_内視鏡内科_外科_肛門外科_小児外科】山梨県甲州市塩山赤尾字坂下２９４－１" }, "geometry": { "type": "Point", "coordinates": [ 138.73837, 35.703053 ] } },
{ "type": "Feature", "properties": { "ID": 1922190001231, "正式名称": "武井歯科医院", "機関区分": 2, "都道府県コード": 19, "市区町村コード": 201, "所在地": "山梨県甲府市中央５－２－１０", "緯度": 35.659986, "経度": 138.573974, "url": "https://www.iryou.teikyouseido.mhlw.go.jp/znk-web/juminkanja/S2430/initialize?prefCd=19&kikanCd=2190001231&kikanKbn=2", "url2": "http://www.takei-dental.com", "内容": "武井歯科医院【2:診療所】【診療科目:歯科_矯正歯科_歯科口腔外科_小児歯科_小児矯正歯科】山梨県甲府市中央５－２－１０" }, "geometry": { "type": "Point", "coordinates": [ 138.573974, 35.659986 ] } },
{ "type": "Feature", "properties": { "ID": 1922190001232, "正式名称": "医療法人社団アルプス腎クリニック", "機関区分": 2, "都道府県コード": 19, "市区町村コード": 208, "所在地": "山梨県南アルプス市上今諏訪７３２－２", "緯度": 35.635238, "経度": 138.493731, "url": "https://www.iryou.teikyouseido.mhlw.go.jp/znk-web/juminkanja/S2430/initialize?prefCd=19&kikanCd=2190001232&kikanKbn=2", "url2": "https://alps-clinic.jp/", "内容": "医療法人社団アルプス腎クリニック【2:診療所】【診療科目:腎臓内科_人工透析内科_泌尿器科】山梨県南アルプス市上今諏訪７３２－２" }, "geometry": { "type": "Point", "coordinates": [ 138.493731, 35.635238 ] } },
{ "type": "Feature", "properties": { "ID": 1922190001233, "正式名称": "たから内科心臓クリニック", "機関区分": 2, "都道府県コード": 19, "市区町村コード": 201, "所在地": "山梨県甲府市宝２－２５－１１", "緯度": 35.66293, "経度": 138.561474, "url": "https://www.iryou.teikyouseido.mhlw.go.jp/znk-web/juminkanja/S2430/initialize?prefCd=19&kikanCd=2190001233&kikanKbn=2", "url2": "http://takaranaika.com", "内容": "たから内科心臓クリニック【2:診療所】【診療科目:内科_循環器内科】山梨県甲府市宝２－２５－１１" }, "geometry": { "type": "Point", "coordinates": [ 138.561474, 35.66293 ] } },
{ "type": "Feature", "properties": { "ID": 1922190001234, "正式名称": "腎・泌尿器科　かやぬまクリニック", "機関区分": 2, "都道府県コード": 19, "市区町村コード": 205, "所在地": "山梨県山梨市大野２００２－１", "緯度": 35.671709, "経度": 138.67902, "url": "https://www.iryou.teikyouseido.mhlw.go.jp/znk-web/juminkanja/S2430/initialize?prefCd=19&kikanCd=2190001234&kikanKbn=2", "url2": "https://www.kayanumaclinic.com", "内容": "腎・泌尿器科　かやぬまクリニック【2:診療所】【診療科目:泌尿器科】山梨県山梨市大野２００２－１" }, "geometry": { "type": "Point", "coordinates": [ 138.67902, 35.671709 ] } },
{ "type": "Feature", "properties": { "ID": 1922190001235, "正式名称": "すたま　耳・鼻・のど・皮ふ　クリニック", "機関区分": 2, "都道府県コード": 19, "市区町村コード": 209, "所在地": "山梨県北杜市須玉町若神子２２６５－１", "緯度": 35.790775, "経度": 138.424675, "url": "https://www.iryou.teikyouseido.mhlw.go.jp/znk-web/juminkanja/S2430/initialize?prefCd=19&kikanCd=2190001235&kikanKbn=2", "url2": "https://sutama-clinic.com/", "内容": "すたま　耳・鼻・のど・皮ふ　クリニック【2:診療所】【診療科目:頭頸部外科_小児耳鼻いんこう科_小児皮膚科_耳鼻いんこう科_頭頸部・耳鼻いんこう科_耳鼻咽喉科_皮膚科_美容皮膚科_アレルギー科】山梨県北杜市須玉町若神子２２６５－１" }, "geometry": { "type": "Point", "coordinates": [ 138.424675, 35.790775 ] } },
{ "type": "Feature", "properties": { "ID": 1922190001236, "正式名称": "はなわ内科クリニック", "機関区分": 2, "都道府県コード": 19, "市区町村コード": 201, "所在地": "山梨県甲府市千塚１－９－２５　ウェルサイド山の手内　はなわ内科クリニック", "緯度": 35.680123, "経度": 138.545698, "url": "https://www.iryou.teikyouseido.mhlw.go.jp/znk-web/juminkanja/S2430/initialize?prefCd=19&kikanCd=2190001236&kikanKbn=2", "url2": "https://www.hanawaclinic20210701.jp/", "内容": "はなわ内科クリニック【2:診療所】【診療科目:内科_循環器内科】山梨県甲府市千塚１－９－２５　ウェルサイド山の手内　はなわ内科クリニック" }, "geometry": { "type": "Point", "coordinates": [ 138.545698, 35.680123 ] } },
{ "type": "Feature", "properties": { "ID": 1922190001237, "正式名称": "医療法人　さおり皮ふ科クリニック", "機関区分": 2, "都道府県コード": 19, "市区町村コード": 207, "所在地": "山梨県韮崎市若宮２丁目９－４７", "緯度": 35.714339, "経度": 138.450565, "url": "https://www.iryou.teikyouseido.mhlw.go.jp/znk-web/juminkanja/S2430/initialize?prefCd=19&kikanCd=2190001237&kikanKbn=2", "url2": null, "内容": "医療法人　さおり皮ふ科クリニック【2:診療所】【診療科目:小児皮膚科_皮膚科_美容皮膚科_アレルギー科】山梨県韮崎市若宮２丁目９－４７" }, "geometry": { "type": "Point", "coordinates": [ 138.450565, 35.714339 ] } },
{ "type": "Feature", "properties": { "ID": 1922190001242, "正式名称": "医療法人　啓徹会　昭和メディカルクリニック", "機関区分": 2, "都道府県コード": 19, "市区町村コード": 384, "所在地": "山梨県中巨摩郡昭和町飯喰４０４－２　昭和メディカルクリニック", "緯度": 35.622267, "経度": 138.523757, "url": "https://www.iryou.teikyouseido.mhlw.go.jp/znk-web/juminkanja/S2430/initialize?prefCd=19&kikanCd=2190001242&kikanKbn=2", "url2": "https://shouwa-med.jp", "内容": "医療法人　啓徹会　昭和メディカルクリニック【2:診療所】【診療科目:内科_消化器内科_外科】山梨県中巨摩郡昭和町飯喰４０４－２　昭和メディカルクリニック" }, "geometry": { "type": "Point", "coordinates": [ 138.523757, 35.622267 ] } },
{ "type": "Feature", "properties": { "ID": 1922190001244, "正式名称": "トータルサポートクリニック韮崎", "機関区分": 2, "都道府県コード": 19, "市区町村コード": 207, "所在地": "山梨県韮崎市若宮若宮２丁目９－２５", "緯度": 35.714812, "経度": 138.45248, "url": "https://www.iryou.teikyouseido.mhlw.go.jp/znk-web/juminkanja/S2430/initialize?prefCd=19&kikanCd=2190001244&kikanKbn=2", "url2": null, "内容": "トータルサポートクリニック韮崎【2:診療所】【診療科目:内科_精神科_歯科】山梨県韮崎市若宮若宮２丁目９－２５" }, "geometry": { "type": "Point", "coordinates": [ 138.45248, 35.714812 ] } },
{ "type": "Feature", "properties": { "ID": 1922190001245, "正式名称": "南アルプスクリニック", "機関区分": 2, "都道府県コード": 19, "市区町村コード": 208, "所在地": "山梨県南アルプス市川上１２９－１", "緯度": 35.594269, "経度": 138.460375, "url": "https://www.iryou.teikyouseido.mhlw.go.jp/znk-web/juminkanja/S2430/initialize?prefCd=19&kikanCd=2190001245&kikanKbn=2", "url2": null, "内容": "南アルプスクリニック【2:診療所】【診療科目:形成外科_皮膚科】山梨県南アルプス市川上１２９－１" }, "geometry": { "type": "Point", "coordinates": [ 138.460375, 35.594269 ] } },
{ "type": "Feature", "properties": { "ID": 1922190001246, "正式名称": "加賀谷医院", "機関区分": 2, "都道府県コード": 19, "市区町村コード": 202, "所在地": "山梨県富士吉田市上吉田東４－１５－３４", "緯度": 35.474038, "経度": 138.802019, "url": "https://www.iryou.teikyouseido.mhlw.go.jp/znk-web/juminkanja/S2430/initialize?prefCd=19&kikanCd=2190001246&kikanKbn=2", "url2": "https://kagayaclinic.com", "内容": "加賀谷医院【2:診療所】【診療科目:女性内科_小児科_産婦人科】山梨県富士吉田市上吉田東４－１５－３４" }, "geometry": { "type": "Point", "coordinates": [ 138.802019, 35.474038 ] } },
{ "type": "Feature", "properties": { "ID": 1922190001248, "正式名称": "こせ泌尿器科クリニック", "機関区分": 2, "都道府県コード": 19, "市区町村コード": 201, "所在地": "山梨県甲府市小瀬町１１４４－１", "緯度": 35.62584, "経度": 138.589729, "url": "https://www.iryou.teikyouseido.mhlw.go.jp/znk-web/juminkanja/S2430/initialize?prefCd=19&kikanCd=2190001248&kikanKbn=2", "url2": "https://www.kose-urology-clinic.com", "内容": "こせ泌尿器科クリニック【2:診療所】【診療科目:泌尿器科】山梨県甲府市小瀬町１１４４－１" }, "geometry": { "type": "Point", "coordinates": [ 138.589729, 35.62584 ] } },
{ "type": "Feature", "properties": { "ID": 1922190001250, "正式名称": "山中湖村立平野診療所", "機関区分": 2, "都道府県コード": 19, "市区町村コード": 425, "所在地": "山梨県南都留郡山中湖村平野１４１番地の１", "緯度": 35.427418, "経度": 138.903429, "url": "https://www.iryou.teikyouseido.mhlw.go.jp/znk-web/juminkanja/S2430/initialize?prefCd=19&kikanCd=2190001250&kikanKbn=2", "url2": null, "内容": "山中湖村立平野診療所【2:診療所】【診療科目:内科_呼吸器内科_外科_消化器外科_小児科_小児外科_アレルギー科】山梨県南都留郡山中湖村平野１４１番地の１" }, "geometry": { "type": "Point", "coordinates": [ 138.903429, 35.427418 ] } },
{ "type": "Feature", "properties": { "ID": 1922190001255, "正式名称": "かまやクリニック", "機関区分": 2, "都道府県コード": 19, "市区町村コード": 202, "所在地": "山梨県富士吉田市上吉田東５－５－２", "緯度": 35.474038, "経度": 138.802019, "url": "https://www.iryou.teikyouseido.mhlw.go.jp/znk-web/juminkanja/S2430/initialize?prefCd=19&kikanCd=2190001255&kikanKbn=2", "url2": "https://kamaya-clinic.jp/", "内容": "かまやクリニック【2:診療所】【診療科目:内科_消化器内科】山梨県富士吉田市上吉田東５－５－２" }, "geometry": { "type": "Point", "coordinates": [ 138.802019, 35.474038 ] } },
{ "type": "Feature", "properties": { "ID": 1922190001256, "正式名称": "でぐち皮ふ科", "機関区分": 2, "都道府県コード": 19, "市区町村コード": 211, "所在地": "山梨県笛吹市石和町広瀬１５１５－１", "緯度": 35.640711, "経度": 138.625415, "url": "https://www.iryou.teikyouseido.mhlw.go.jp/znk-web/juminkanja/S2430/initialize?prefCd=19&kikanCd=2190001256&kikanKbn=2", "url2": null, "内容": "でぐち皮ふ科【2:診療所】【診療科目:皮膚科_美容皮膚科_アレルギー科】山梨県笛吹市石和町広瀬１５１５－１" }, "geometry": { "type": "Point", "coordinates": [ 138.625415, 35.640711 ] } },
{ "type": "Feature", "properties": { "ID": 1922190001259, "正式名称": "大野眼科", "機関区分": 2, "都道府県コード": 19, "市区町村コード": 212, "所在地": "山梨県上野原市新田１５４７", "緯度": 35.619333, "経度": 139.119736, "url": "https://www.iryou.teikyouseido.mhlw.go.jp/znk-web/juminkanja/S2430/initialize?prefCd=19&kikanCd=2190001259&kikanKbn=2", "url2": "https://www.ohno-eyeclinic.com/", "内容": "大野眼科【2:診療所】【診療科目:眼科】山梨県上野原市新田１５４７" }, "geometry": { "type": "Point", "coordinates": [ 139.119736, 35.619333 ] } },
{ "type": "Feature", "properties": { "ID": 1922190001263, "正式名称": "河口湖　みみ・はな・のどクリニック", "機関区分": 2, "都道府県コード": 19, "市区町村コード": 430, "所在地": "山梨県南都留郡富士河口湖町小立３３２６番８", "緯度": 35.490507, "経度": 138.744495, "url": "https://www.iryou.teikyouseido.mhlw.go.jp/znk-web/juminkanja/S2430/initialize?prefCd=19&kikanCd=2190001263&kikanKbn=2", "url2": null, "内容": "河口湖　みみ・はな・のどクリニック【2:診療所】【診療科目:頭頸部外科_小児耳鼻いんこう科_耳鼻いんこう科_アレルギー科】山梨県南都留郡富士河口湖町小立３３２６番８" }, "geometry": { "type": "Point", "coordinates": [ 138.744495, 35.490507 ] } },
{ "type": "Feature", "properties": { "ID": 1922190001265, "正式名称": "笛吹中央病院附属おひさま在宅クリニック", "機関区分": 2, "都道府県コード": 19, "市区町村コード": 211, "所在地": "山梨県笛吹市石和町四日市場２２０５番地４", "緯度": 35.642139, "経度": 138.636084, "url": "https://www.iryou.teikyouseido.mhlw.go.jp/znk-web/juminkanja/S2430/initialize?prefCd=19&kikanCd=2190001265&kikanKbn=2", "url2": "https://www.ohisama-zaitakushien.jp/homeclinic.html", "内容": "笛吹中央病院附属おひさま在宅クリニック【2:診療所】【診療科目:内科】山梨県笛吹市石和町四日市場２２０５番地４" }, "geometry": { "type": "Point", "coordinates": [ 138.636084, 35.642139 ] } },
{ "type": "Feature", "properties": { "ID": 1922190001271, "正式名称": "たなか脳神経クリニック", "機関区分": 2, "都道府県コード": 19, "市区町村コード": 209, "所在地": "山梨県北杜市長坂町大八田３８３８－１", "緯度": 35.836254, "経度": 138.381891, "url": "https://www.iryou.teikyouseido.mhlw.go.jp/znk-web/juminkanja/S2430/initialize?prefCd=19&kikanCd=2190001271&kikanKbn=2", "url2": null, "内容": "たなか脳神経クリニック【2:診療所】【診療科目:脳神経内科_脳神経外科】山梨県北杜市長坂町大八田３８３８－１" }, "geometry": { "type": "Point", "coordinates": [ 138.381891, 35.836254 ] } },
{ "type": "Feature", "properties": { "ID": 1922190001276, "正式名称": "大田屋いまい泌尿器クリニック", "機関区分": 2, "都道府県コード": 19, "市区町村コード": 202, "所在地": "山梨県富士吉田市上吉田５－９－１４", "緯度": 35.475944, "経度": 138.797078, "url": "https://www.iryou.teikyouseido.mhlw.go.jp/znk-web/juminkanja/S2430/initialize?prefCd=19&kikanCd=2190001276&kikanKbn=2", "url2": "https://imai-urology-clinic.com/", "内容": "大田屋いまい泌尿器クリニック【2:診療所】【診療科目:泌尿器科】山梨県富士吉田市上吉田５－９－１４" }, "geometry": { "type": "Point", "coordinates": [ 138.797078, 35.475944 ] } },
{ "type": "Feature", "properties": { "ID": 1922190001277, "正式名称": "ふじさん耳鼻科クリニック", "機関区分": 2, "都道府県コード": 19, "市区町村コード": 202, "所在地": "山梨県富士吉田市下吉田東２－２－１４", "緯度": 35.490764, "経度": 138.8145, "url": "https://www.iryou.teikyouseido.mhlw.go.jp/znk-web/juminkanja/S2430/initialize?prefCd=19&kikanCd=2190001277&kikanKbn=2", "url2": "https://fujisan-ent-clinic.jp", "内容": "ふじさん耳鼻科クリニック【2:診療所】【診療科目:小児耳鼻いんこう科_耳鼻いんこう科】山梨県富士吉田市下吉田東２－２－１４" }, "geometry": { "type": "Point", "coordinates": [ 138.8145, 35.490764 ] } },
{ "type": "Feature", "properties": { "ID": 1922195000003, "正式名称": "耳鼻咽喉科こはるびクリニック", "機関区分": 2, "都道府県コード": 19, "市区町村コード": 201, "所在地": "山梨県甲府市大里町４２６３－１", "緯度": 35.618492, "経度": 138.561794, "url": "https://www.iryou.teikyouseido.mhlw.go.jp/znk-web/juminkanja/S2430/initialize?prefCd=19&kikanCd=2195000003&kikanKbn=2", "url2": "https://www.koharubi-clinic.com/", "内容": "耳鼻咽喉科こはるびクリニック【2:診療所】【診療科目:小児耳鼻いんこう科_耳鼻いんこう科_アレルギー科】山梨県甲府市大里町４２６３－１" }, "geometry": { "type": "Point", "coordinates": [ 138.561794, 35.618492 ] } },
{ "type": "Feature", "properties": { "ID": 1922195000006, "正式名称": "かわせみ耳鼻咽喉科", "機関区分": 2, "都道府県コード": 19, "市区町村コード": 201, "所在地": "山梨県甲府市横根町６０－１", "緯度": 35.657104, "経度": 138.607258, "url": "https://www.iryou.teikyouseido.mhlw.go.jp/znk-web/juminkanja/S2430/initialize?prefCd=19&kikanCd=2195000006&kikanKbn=2", "url2": null, "内容": "かわせみ耳鼻咽喉科【2:診療所】【診療科目:小児耳鼻いんこう科_耳鼻いんこう科_アレルギー科】山梨県甲府市横根町６０－１" }, "geometry": { "type": "Point", "coordinates": [ 138.607258, 35.657104 ] } },
{ "type": "Feature", "properties": { "ID": 1922195000009, "正式名称": "かしのき内科", "機関区分": 2, "都道府県コード": 19, "市区町村コード": 201, "所在地": "山梨県甲府市横根町６０－１", "緯度": 35.657133, "経度": 138.598078, "url": "https://www.iryou.teikyouseido.mhlw.go.jp/znk-web/juminkanja/S2430/initialize?prefCd=19&kikanCd=2195000009&kikanKbn=2", "url2": null, "内容": "かしのき内科【2:診療所】【診療科目:内科_糖尿病・代謝内科_漢方内科】山梨県甲府市横根町６０－１" }, "geometry": { "type": "Point", "coordinates": [ 138.598078, 35.657133 ] } },
{ "type": "Feature", "properties": { "ID": 192219500001, "正式名称": "湘南美容クリニック甲府院", "機関区分": 2, "都道府県コード": 19, "市区町村コード": 201, "所在地": "山梨県甲府市丸の内一丁目１番８号　セレオ甲府５階", "緯度": 35.666883, "経度": 138.568909, "url": "https://www.iryou.teikyouseido.mhlw.go.jp/znk-web/juminkanja/S2430/initialize?prefCd=19&kikanCd=219500001&kikanKbn=2", "url2": "https://www.s-b-c.net/clinic/branch/kofu/", "内容": "湘南美容クリニック甲府院【2:診療所】【診療科目:美容外科_美容皮膚科】山梨県甲府市丸の内一丁目１番８号　セレオ甲府５階" }, "geometry": { "type": "Point", "coordinates": [ 138.568909, 35.666883 ] } },
{ "type": "Feature", "properties": { "ID": 1922195000012, "正式名称": "小瀬　ゆい在宅クリニック", "機関区分": 2, "都道府県コード": 19, "市区町村コード": 201, "所在地": "山梨県甲府市下小河原町２５－１", "緯度": 35.630388, "経度": 138.579685, "url": "https://www.iryou.teikyouseido.mhlw.go.jp/znk-web/juminkanja/S2430/initialize?prefCd=19&kikanCd=2195000012&kikanKbn=2", "url2": "https://kose-clinic.com/", "内容": "小瀬　ゆい在宅クリニック【2:診療所】【診療科目:内科】山梨県甲府市下小河原町２５－１" }, "geometry": { "type": "Point", "coordinates": [ 138.579685, 35.630388 ] } },
{ "type": "Feature", "properties": { "ID": 1922195000017, "正式名称": "さとみレディースクリニック", "機関区分": 2, "都道府県コード": 19, "市区町村コード": 201, "所在地": "山梨県甲府市上町３９４－１", "緯度": 35.626242, "経度": 138.59272, "url": "https://www.iryou.teikyouseido.mhlw.go.jp/znk-web/juminkanja/S2430/initialize?prefCd=19&kikanCd=2195000017&kikanKbn=2", "url2": "https://www.satomi-lc.com/", "内容": "さとみレディースクリニック【2:診療所】【診療科目:婦人科】山梨県甲府市上町３９４－１" }, "geometry": { "type": "Point", "coordinates": [ 138.59272, 35.626242 ] } },
{ "type": "Feature", "properties": { "ID": 1922195000018, "正式名称": "ひまわりキッズクリニック", "機関区分": 2, "都道府県コード": 19, "市区町村コード": 201, "所在地": "山梨県甲府市上阿原町４９０−１", "緯度": 35.645941, "経度": 138.603776, "url": "https://www.iryou.teikyouseido.mhlw.go.jp/znk-web/juminkanja/S2430/initialize?prefCd=19&kikanCd=2195000018&kikanKbn=2", "url2": "https://www.himawarikids.com", "内容": "ひまわりキッズクリニック【2:診療所】【診療科目:小児科_アレルギー科】山梨県甲府市上阿原町４９０−１" }, "geometry": { "type": "Point", "coordinates": [ 138.603776, 35.645941 ] } },
{ "type": "Feature", "properties": { "ID": 1922195000020, "正式名称": "岡島糖尿病・内分泌・代謝内科クリニック", "機関区分": 2, "都道府県コード": 19, "市区町村コード": 201, "所在地": "山梨県甲府市上阿原町４９０－１", "緯度": 35.645658, "経度": 138.603848, "url": "https://www.iryou.teikyouseido.mhlw.go.jp/znk-web/juminkanja/S2430/initialize?prefCd=19&kikanCd=2195000020&kikanKbn=2", "url2": "https://www.okajima-dem-clinic.com/", "内容": "岡島糖尿病・内分泌・代謝内科クリニック【2:診療所】【診療科目:内科_糖尿病内科_代謝内科_内分泌内科_脂質代謝内科】山梨県甲府市上阿原町４９０－１" }, "geometry": { "type": "Point", "coordinates": [ 138.603848, 35.645658 ] } },
{ "type": "Feature", "properties": { "ID": 1922195000022, "正式名称": "たかやま整形外科", "機関区分": 2, "都道府県コード": 19, "市区町村コード": 201, "所在地": "山梨県甲府市横根町６０―４", "緯度": 35.656725, "経度": 138.607724, "url": "https://www.iryou.teikyouseido.mhlw.go.jp/znk-web/juminkanja/S2430/initialize?prefCd=19&kikanCd=2195000022&kikanKbn=2", "url2": null, "内容": "たかやま整形外科【2:診療所】【診療科目:整形外科_リウマチ科_リハビリテーション科】山梨県甲府市横根町６０―４" }, "geometry": { "type": "Point", "coordinates": [ 138.607724, 35.656725 ] } },
{ "type": "Feature", "properties": { "ID": 1922195000024, "正式名称": "山梨在宅リハビリクリニック", "機関区分": 2, "都道府県コード": 19, "市区町村コード": 201, "所在地": "山梨県甲府市羽黒町１２８７番３号", "緯度": 35.691844, "経度": 138.548392, "url": "https://www.iryou.teikyouseido.mhlw.go.jp/znk-web/juminkanja/S2430/initialize?prefCd=19&kikanCd=2195000024&kikanKbn=2", "url2": "https://kabukuri-cl.com", "内容": "山梨在宅リハビリクリニック【2:診療所】【診療科目:内科_リハビリテーション科】山梨県甲府市羽黒町１２８７番３号" }, "geometry": { "type": "Point", "coordinates": [ 138.548392, 35.691844 ] } },
{ "type": "Feature", "properties": { "ID": 1922196000002, "正式名称": "印華診療所", "機関区分": 2, "都道府県コード": 19, "市区町村コード": 204, "所在地": "山梨県都留市夏狩３８８６－１", "緯度": 35.538, "経度": 138.875789, "url": "https://www.iryou.teikyouseido.mhlw.go.jp/znk-web/juminkanja/S2430/initialize?prefCd=19&kikanCd=2196000002&kikanKbn=2", "url2": null, "内容": "印華診療所【2:診療所】【診療科目:漢方内科_皮膚科】山梨県都留市夏狩３８８６－１" }, "geometry": { "type": "Point", "coordinates": [ 138.875789, 35.538 ] } },
{ "type": "Feature", "properties": { "ID": 1922196000003, "正式名称": "湖光クリニック", "機関区分": 2, "都道府県コード": 19, "市区町村コード": 430, "所在地": "山梨県南都留郡富士河口湖町小立２７２０－１", "緯度": 35.49888, "経度": 138.751259, "url": "https://www.iryou.teikyouseido.mhlw.go.jp/znk-web/juminkanja/S2430/initialize?prefCd=19&kikanCd=2196000003&kikanKbn=2", "url2": null, "内容": "湖光クリニック【2:診療所】【診療科目:内科_循環器内科】山梨県南都留郡富士河口湖町小立２７２０－１" }, "geometry": { "type": "Point", "coordinates": [ 138.751259, 35.49888 ] } },
{ "type": "Feature", "properties": { "ID": 1922196000004, "正式名称": "山梨東ホームクリニック", "機関区分": 2, "都道府県コード": 19, "市区町村コード": 212, "所在地": "山梨県上野原市八ツ沢５９６－５光ハイツＢ３号", "緯度": 35.622439, "経度": 139.1003, "url": "https://www.iryou.teikyouseido.mhlw.go.jp/znk-web/juminkanja/S2430/initialize?prefCd=19&kikanCd=2196000004&kikanKbn=2", "url2": "https://y-homeclinic.com/", "内容": "山梨東ホームクリニック【2:診療所】【診療科目:内科_皮膚科】山梨県上野原市八ツ沢５９６－５光ハイツＢ３号" }, "geometry": { "type": "Point", "coordinates": [ 139.1003, 35.622439 ] } },
{ "type": "Feature", "properties": { "ID": 1922196000005, "正式名称": "ふるいちこどもクリニック", "機関区分": 2, "都道府県コード": 19, "市区町村コード": 202, "所在地": "山梨県富士吉田市中曽根４丁目９－６", "緯度": 35.478597, "経度": 138.808831, "url": "https://www.iryou.teikyouseido.mhlw.go.jp/znk-web/juminkanja/S2430/initialize?prefCd=19&kikanCd=2196000005&kikanKbn=2", "url2": "furuichi-kodomo-clinic.com", "内容": "ふるいちこどもクリニック【2:診療所】【診療科目:小児科】山梨県富士吉田市中曽根４丁目９－６" }, "geometry": { "type": "Point", "coordinates": [ 138.808831, 35.478597 ] } },
{ "type": "Feature", "properties": { "ID": 1922196000006, "正式名称": "ひなた小児科クリニック", "機関区分": 2, "都道府県コード": 19, "市区町村コード": 430, "所在地": "山梨県南都留郡富士河口湖町船津３１６２", "緯度": 35.492944, "経度": 138.763829, "url": "https://www.iryou.teikyouseido.mhlw.go.jp/znk-web/juminkanja/S2430/initialize?prefCd=19&kikanCd=2196000006&kikanKbn=2", "url2": "https://hinata-shonika-clinic.com", "内容": "ひなた小児科クリニック【2:診療所】【診療科目:小児科】山梨県南都留郡富士河口湖町船津３１６２" }, "geometry": { "type": "Point", "coordinates": [ 138.763829, 35.492944 ] } },
{ "type": "Feature", "properties": { "ID": 1922196000007, "正式名称": "富士山麓アイクリニック", "機関区分": 2, "都道府県コード": 19, "市区町村コード": 202, "所在地": "山梨県富士吉田市上吉田５－５－１６－１", "緯度": 35.477944, "経度": 138.796527, "url": "https://www.iryou.teikyouseido.mhlw.go.jp/znk-web/juminkanja/S2430/initialize?prefCd=19&kikanCd=2196000007&kikanKbn=2", "url2": "https://2436-eyeclinic.com/", "内容": "富士山麓アイクリニック【2:診療所】【診療科目:眼科】山梨県富士吉田市上吉田５－５－１６－１" }, "geometry": { "type": "Point", "coordinates": [ 138.796527, 35.477944 ] } },
{ "type": "Feature", "properties": { "ID": 1922196000008, "正式名称": "こだち訪問内科クリニック", "機関区分": 2, "都道府県コード": 19, "市区町村コード": 430, "所在地": "山梨県南都留郡富士河口湖町小立５２４３－１", "緯度": 35.483708, "経度": 138.747736, "url": "https://www.iryou.teikyouseido.mhlw.go.jp/znk-web/juminkanja/S2430/initialize?prefCd=19&kikanCd=2196000008&kikanKbn=2", "url2": "https://kodachi-homon.com", "内容": "こだち訪問内科クリニック【2:診療所】【診療科目:内科_循環器内科】山梨県南都留郡富士河口湖町小立５２４３－１" }, "geometry": { "type": "Point", "coordinates": [ 138.747736, 35.483708 ] } },
{ "type": "Feature", "properties": { "ID": 1922196000009, "正式名称": "はらクリニック", "機関区分": 2, "都道府県コード": 19, "市区町村コード": 430, "所在地": "山梨県南都留郡富士河口湖町船津７５４８－１", "緯度": 35.495116, "経度": 138.763715, "url": "https://www.iryou.teikyouseido.mhlw.go.jp/znk-web/juminkanja/S2430/initialize?prefCd=19&kikanCd=2196000009&kikanKbn=2", "url2": null, "内容": "はらクリニック【2:診療所】【診療科目:内科_消化器内科_外科_肛門外科】山梨県南都留郡富士河口湖町船津７５４８－１" }, "geometry": { "type": "Point", "coordinates": [ 138.763715, 35.495116 ] } },
{ "type": "Feature", "properties": { "ID": 1922198000001, "正式名称": "あさり脳神経クリニック", "機関区分": 2, "都道府県コード": 19, "市区町村コード": 213, "所在地": "山梨県甲州市塩山上塩後２７１－３", "緯度": 35.701922, "経度": 138.721278, "url": "https://www.iryou.teikyouseido.mhlw.go.jp/znk-web/juminkanja/S2430/initialize?prefCd=19&kikanCd=2198000001&kikanKbn=2", "url2": "https://www.asari-clinic.net", "内容": "あさり脳神経クリニック【2:診療所】【診療科目:脳神経外科】山梨県甲州市塩山上塩後２７１－３" }, "geometry": { "type": "Point", "coordinates": [ 138.721278, 35.701922 ] } },
{ "type": "Feature", "properties": { "ID": 1922199000001, "正式名称": "医療法人社団潮友会（巡回診療㈱リガク山梨工場", "機関区分": 2, "都道府県コード": 19, "市区町村コード": 209, "所在地": "山梨県北杜市須玉町若神子４４９５－８株式会社リガク　山梨工場", "緯度": 35.7887034, "経度": 138.41487, "url": "https://www.iryou.teikyouseido.mhlw.go.jp/znk-web/juminkanja/S2430/initialize?prefCd=19&kikanCd=2199000001&kikanKbn=2", "url2": null, "内容": "医療法人社団潮友会（巡回診療㈱リガク山梨工場【2:診療所】【診療科目:従業員の健康診断】山梨県北杜市須玉町若神子４４９５－８株式会社リガク　山梨工場" }, "geometry": { "type": "Point", "coordinates": [ 138.41487, 35.7887034 ] } },
{ "type": "Feature", "properties": { "ID": 1922199000003, "正式名称": "かりべ内科クリニック", "機関区分": 2, "都道府県コード": 19, "市区町村コード": 384, "所在地": "山梨県中巨摩郡昭和町河東中島１５９２－１", "緯度": 35.623237, "経度": 138.533417, "url": "https://www.iryou.teikyouseido.mhlw.go.jp/znk-web/juminkanja/S2430/initialize?prefCd=19&kikanCd=2199000003&kikanKbn=2", "url2": null, "内容": "かりべ内科クリニック【2:診療所】【診療科目:内科_糖尿病内科_脳神経内科_消化器内科】山梨県中巨摩郡昭和町河東中島１５９２－１" }, "geometry": { "type": "Point", "coordinates": [ 138.533417, 35.623237 ] } },
{ "type": "Feature", "properties": { "ID": 1922199000004, "正式名称": "医療法人社団仁勇会　　あいのた内科消化器科クリニック", "機関区分": 2, "都道府県コード": 19, "市区町村コード": 384, "所在地": "山梨県中巨摩郡昭和町西条１４８１－２", "緯度": 35.632492, "経度": 138.5362, "url": "https://www.iryou.teikyouseido.mhlw.go.jp/znk-web/juminkanja/S2430/initialize?prefCd=19&kikanCd=2199000004&kikanKbn=2", "url2": null, "内容": "医療法人社団仁勇会　　あいのた内科消化器科クリニック【2:診療所】【診療科目:内科_消化器内科_小児科_放射線科】山梨県中巨摩郡昭和町西条１４８１－２" }, "geometry": { "type": "Point", "coordinates": [ 138.5362, 35.632492 ] } },
{ "type": "Feature", "properties": { "ID": 1922199000005, "正式名称": "医療法人啓徹会　西条メディカルクリニック", "機関区分": 2, "都道府県コード": 19, "市区町村コード": 384, "所在地": "山梨県中巨摩郡昭和町西条５００３－２", "緯度": 35.637356, "経度": 138.544378, "url": "https://www.iryou.teikyouseido.mhlw.go.jp/znk-web/juminkanja/S2430/initialize?prefCd=19&kikanCd=2199000005&kikanKbn=2", "url2": "https://shouwa-med.jp/", "内容": "医療法人啓徹会　西条メディカルクリニック【2:診療所】【診療科目:内科_消化器内科_胃腸内科_肝臓内科】山梨県中巨摩郡昭和町西条５００３－２" }, "geometry": { "type": "Point", "coordinates": [ 138.544378, 35.637356 ] } },
{ "type": "Feature", "properties": { "ID": 1922199000006, "正式名称": "しまむら内科消化器クリニック", "機関区分": 2, "都道府県コード": 19, "市区町村コード": 210, "所在地": "山梨県甲斐市大下条９１７－１", "緯度": 35.676347, "経度": 138.52158, "url": "https://www.iryou.teikyouseido.mhlw.go.jp/znk-web/juminkanja/S2430/initialize?prefCd=19&kikanCd=2199000006&kikanKbn=2", "url2": "https://shimamura-clinic.com/", "内容": "しまむら内科消化器クリニック【2:診療所】【診療科目:内科_消化器内科_胃腸内科_肝臓内科_内視鏡内科】山梨県甲斐市大下条９１７－１" }, "geometry": { "type": "Point", "coordinates": [ 138.52158, 35.676347 ] } },
{ "type": "Feature", "properties": { "ID": 1922199000008, "正式名称": "あさのペインクリニック", "機関区分": 2, "都道府県コード": 19, "市区町村コード": 384, "所在地": "山梨県中巨摩郡昭和町河東中島１５９３－４", "緯度": 35.623237, "経度": 138.533417, "url": "https://www.iryou.teikyouseido.mhlw.go.jp/znk-web/juminkanja/S2430/initialize?prefCd=19&kikanCd=2199000008&kikanKbn=2", "url2": null, "内容": "あさのペインクリニック【2:診療所】【診療科目:漢方内科_ペインクリニック内科_麻酔科】山梨県中巨摩郡昭和町河東中島１５９３－４" }, "geometry": { "type": "Point", "coordinates": [ 138.533417, 35.623237 ] } },
{ "type": "Feature", "properties": { "ID": 1922199000009, "正式名称": "医療法人杉松会　北の杜眼科", "機関区分": 2, "都道府県コード": 19, "市区町村コード": 209, "所在地": "山梨県北杜市長坂町大八田３８６０－１", "緯度": 35.836254, "経度": 138.381891, "url": "https://www.iryou.teikyouseido.mhlw.go.jp/znk-web/juminkanja/S2430/initialize?prefCd=19&kikanCd=2199000009&kikanKbn=2", "url2": null, "内容": "医療法人杉松会　北の杜眼科【2:診療所】【診療科目:眼科】山梨県北杜市長坂町大八田３８６０－１" }, "geometry": { "type": "Point", "coordinates": [ 138.381891, 35.836254 ] } },
{ "type": "Feature", "properties": { "ID": 1922199000011, "正式名称": "わかみや内科消化器外科クリニック", "機関区分": 2, "都道府県コード": 19, "市区町村コード": 207, "所在地": "山梨県韮崎市若宮１丁目６番４１号", "緯度": 35.716455, "経度": 138.447859, "url": "https://www.iryou.teikyouseido.mhlw.go.jp/znk-web/juminkanja/S2430/initialize?prefCd=19&kikanCd=2199000011&kikanKbn=2", "url2": "https://nwakamiya.jp", "内容": "わかみや内科消化器外科クリニック【2:診療所】【診療科目:内科_消化器内科_消化器外科_肛門外科】山梨県韮崎市若宮１丁目６番４１号" }, "geometry": { "type": "Point", "coordinates": [ 138.447859, 35.716455 ] } },
{ "type": "Feature", "properties": { "ID": 1922199000012, "正式名称": "おおくぼ谷戸診療所", "機関区分": 2, "都道府県コード": 19, "市区町村コード": 209, "所在地": "山梨県北杜市大泉町谷戸１９９６－１", "緯度": 35.860893, "経度": 138.380686, "url": "https://www.iryou.teikyouseido.mhlw.go.jp/znk-web/juminkanja/S2430/initialize?prefCd=19&kikanCd=2199000012&kikanKbn=2", "url2": "https://www.ohkuboyato-clinic.com", "内容": "おおくぼ谷戸診療所【2:診療所】【診療科目:内科】山梨県北杜市大泉町谷戸１９９６－１" }, "geometry": { "type": "Point", "coordinates": [ 138.380686, 35.860893 ] } },
{ "type": "Feature", "properties": { "ID": 1922199000013, "正式名称": "しんどう内科・消化器内科クリニック", "機関区分": 2, "都道府県コード": 19, "市区町村コード": 384, "所在地": "山梨県中巨摩郡昭和町飯喰１５４４－１", "緯度": 35.622233, "経度": 138.521819, "url": "https://www.iryou.teikyouseido.mhlw.go.jp/znk-web/juminkanja/S2430/initialize?prefCd=19&kikanCd=2199000013&kikanKbn=2", "url2": "https://shindo-clinic-yamanashi.com", "内容": "しんどう内科・消化器内科クリニック【2:診療所】【診療科目:内科_消化器内科】山梨県中巨摩郡昭和町飯喰１５４４－１" }, "geometry": { "type": "Point", "coordinates": [ 138.521819, 35.622233 ] } },
{ "type": "Feature", "properties": { "ID": 1922199000014, "正式名称": "登美の丘クリニック", "機関区分": 2, "都道府県コード": 19, "市区町村コード": 210, "所在地": "山梨県甲斐市龍地６６６０", "緯度": 35.688086, "経度": 138.504236, "url": "https://www.iryou.teikyouseido.mhlw.go.jp/znk-web/juminkanja/S2430/initialize?prefCd=19&kikanCd=2199000014&kikanKbn=2", "url2": null, "内容": "登美の丘クリニック【2:診療所】【診療科目:内科_胃腸内科_外科_消化器外科_肛門外科_皮膚科】山梨県甲斐市龍地６６６０" }, "geometry": { "type": "Point", "coordinates": [ 138.504236, 35.688086 ] } }
]
}
