{
  "type": "FeatureCollection",
  "features": [
    {
      "type": "Feature",
      "geometry": {
        "type": "Point",
        "coordinates": [
          138.9545773,
          35.4789264
        ]
      },
      "properties": {
        "内容": "バス停: 長又 (富士急バス)",
        "name": "長又",
        "operator": "富士急バス",
        "ref": "",
        "url": "",
        "url2": ""
      }
    },
    {
      "type": "Feature",
      "geometry": {
        "type": "Point",
        "coordinates": [
          138.2710773,
          35.6969801
        ]
      },
      "properties": {
        "内容": "バス停: 広河原",
        "name": "広河原",
        "operator": "事業者不明",
        "ref": "",
        "url": "",
        "url2": ""
      }
    },
    {
      "type": "Feature",
      "geometry": {
        "type": "Point",
        "coordinates": [
          138.7589131,
          35.5050691
        ]
      },
      "properties": {
        "内容": "バス停: 大木 (4)",
        "name": "大木 (4)",
        "operator": "事業者不明",
        "ref": "",
        "url": "",
        "url2": ""
      }
    },
    {
      "type": "Feature",
      "geometry": {
        "type": "Point",
        "coordinates": [
          138.7590619,
          35.5050121
        ]
      },
      "properties": {
        "内容": "バス停: 名称不明バス停",
        "name": "名称不明バス停",
        "operator": "事業者不明",
        "ref": "",
        "url": "",
        "url2": ""
      }
    },
    {
      "type": "Feature",
      "geometry": {
        "type": "Point",
        "coordinates": [
          138.7686416,
          35.4985288
        ]
      },
      "properties": {
        "内容": "バス停: 河口湖駅",
        "name": "河口湖駅",
        "operator": "事業者不明",
        "ref": "",
        "url": "",
        "url2": ""
      }
    },
    {
      "type": "Feature",
      "geometry": {
        "type": "Point",
        "coordinates": [
          138.4226022,
          35.9374226
        ]
      },
      "properties": {
        "内容": "バス停: 名称不明バス停",
        "name": "名称不明バス停",
        "operator": "事業者不明",
        "ref": "",
        "url": "",
        "url2": ""
      }
    },
    {
      "type": "Feature",
      "geometry": {
        "type": "Point",
        "coordinates": [
          138.3169496,
          35.8635909
        ]
      },
      "properties": {
        "内容": "バス停: 小淵沢駅",
        "name": "小淵沢駅",
        "operator": "事業者不明",
        "ref": "",
        "url": "",
        "url2": ""
      }
    },
    {
      "type": "Feature",
      "geometry": {
        "type": "Point",
        "coordinates": [
          138.9037042,
          35.4262349
        ]
      },
      "properties": {
        "内容": "バス停: 山中湖 平野 (富士急山梨バス;京王バス東)",
        "name": "山中湖 平野",
        "operator": "富士急山梨バス;京王バス東",
        "ref": "162",
        "url": "",
        "url2": ""
      }
    },
    {
      "type": "Feature",
      "geometry": {
        "type": "Point",
        "coordinates": [
          139.009581,
          35.6249305
        ]
      },
      "properties": {
        "内容": "バス停: 扇山梨ノ木平 (富士急山梨バス)",
        "name": "扇山梨ノ木平",
        "operator": "富士急山梨バス",
        "ref": "",
        "url": "",
        "url2": ""
      }
    },
    {
      "type": "Feature",
      "geometry": {
        "type": "Point",
        "coordinates": [
          138.9040586,
          35.4224121
        ]
      },
      "properties": {
        "内容": "バス停: 名称不明バス停",
        "name": "名称不明バス停",
        "operator": "事業者不明",
        "ref": "",
        "url": "",
        "url2": ""
      }
    },
    {
      "type": "Feature",
      "geometry": {
        "type": "Point",
        "coordinates": [
          138.9039408,
          35.4224361
        ]
      },
      "properties": {
        "内容": "バス停: 名称不明バス停",
        "name": "名称不明バス停",
        "operator": "事業者不明",
        "ref": "",
        "url": "",
        "url2": ""
      }
    },
    {
      "type": "Feature",
      "geometry": {
        "type": "Point",
        "coordinates": [
          138.9049917,
          35.4307691
        ]
      },
      "properties": {
        "内容": "バス停: 石割山ハイキングコース入口",
        "name": "石割山ハイキングコース入口",
        "operator": "事業者不明",
        "ref": "",
        "url": "",
        "url2": ""
      }
    },
    {
      "type": "Feature",
      "geometry": {
        "type": "Point",
        "coordinates": [
          138.6822419,
          35.5032911
        ]
      },
      "properties": {
        "内容": "バス停: 名称不明バス停",
        "name": "名称不明バス停",
        "operator": "事業者不明",
        "ref": "",
        "url": "",
        "url2": ""
      }
    },
    {
      "type": "Feature",
      "geometry": {
        "type": "Point",
        "coordinates": [
          138.6827317,
          35.5034143
        ]
      },
      "properties": {
        "内容": "バス停: 名称不明バス停",
        "name": "名称不明バス停",
        "operator": "事業者不明",
        "ref": "",
        "url": "",
        "url2": ""
      }
    },
    {
      "type": "Feature",
      "geometry": {
        "type": "Point",
        "coordinates": [
          138.6998811,
          35.5051332
        ]
      },
      "properties": {
        "内容": "バス停: 名称不明バス停",
        "name": "名称不明バス停",
        "operator": "事業者不明",
        "ref": "",
        "url": "",
        "url2": ""
      }
    },
    {
      "type": "Feature",
      "geometry": {
        "type": "Point",
        "coordinates": [
          138.693591,
          35.5054638
        ]
      },
      "properties": {
        "内容": "バス停: 名称不明バス停",
        "name": "名称不明バス停",
        "operator": "事業者不明",
        "ref": "",
        "url": "",
        "url2": ""
      }
    },
    {
      "type": "Feature",
      "geometry": {
        "type": "Point",
        "coordinates": [
          138.6973242,
          35.5057319
        ]
      },
      "properties": {
        "内容": "バス停: 名称不明バス停",
        "name": "名称不明バス停",
        "operator": "事業者不明",
        "ref": "",
        "url": "",
        "url2": ""
      }
    },
    {
      "type": "Feature",
      "geometry": {
        "type": "Point",
        "coordinates": [
          138.6956422,
          35.5058182
        ]
      },
      "properties": {
        "内容": "バス停: 森下キャンプ場 (Morishita Campground)",
        "name": "森下キャンプ場 (Morishita Campground)",
        "operator": "事業者不明",
        "ref": "",
        "url": "",
        "url2": ""
      }
    },
    {
      "type": "Feature",
      "geometry": {
        "type": "Point",
        "coordinates": [
          138.6594434,
          35.4791192
        ]
      },
      "properties": {
        "内容": "バス停: 富岳風穴",
        "name": "富岳風穴",
        "operator": "事業者不明",
        "ref": "51",
        "url": "",
        "url2": ""
      }
    },
    {
      "type": "Feature",
      "geometry": {
        "type": "Point",
        "coordinates": [
          138.6586732,
          35.479718
        ]
      },
      "properties": {
        "内容": "バス停: 風穴",
        "name": "風穴",
        "operator": "事業者不明",
        "ref": "",
        "url": "",
        "url2": ""
      }
    },
    {
      "type": "Feature",
      "geometry": {
        "type": "Point",
        "coordinates": [
          138.6587011,
          35.4797508
        ]
      },
      "properties": {
        "内容": "バス停: 富岳風穴",
        "name": "富岳風穴",
        "operator": "事業者不明",
        "ref": "",
        "url": "",
        "url2": ""
      }
    },
    {
      "type": "Feature",
      "geometry": {
        "type": "Point",
        "coordinates": [
          138.8715885,
          35.4271185
        ]
      },
      "properties": {
        "内容": "バス停: 長池親水公園前 (富士急)",
        "name": "長池親水公園前",
        "operator": "富士急",
        "ref": "",
        "url": "",
        "url2": ""
      }
    },
    {
      "type": "Feature",
      "geometry": {
        "type": "Point",
        "coordinates": [
          138.7251129,
          35.4878466
        ]
      },
      "properties": {
        "内容": "バス停: 大和田農協 (富士急)",
        "name": "大和田農協",
        "operator": "富士急",
        "ref": "",
        "url": "",
        "url2": ""
      }
    },
    {
      "type": "Feature",
      "geometry": {
        "type": "Point",
        "coordinates": [
          138.7217599,
          35.486385
        ]
      },
      "properties": {
        "内容": "バス停: 湯村 (富士急)",
        "name": "湯村",
        "operator": "富士急",
        "ref": "",
        "url": "",
        "url2": ""
      }
    },
    {
      "type": "Feature",
      "geometry": {
        "type": "Point",
        "coordinates": [
          138.7245411,
          35.7903466
        ]
      },
      "properties": {
        "内容": "バス停: 乾徳山登山口(Kentokusan Ent.)",
        "name": "乾徳山登山口(Kentokusan Ent.)",
        "operator": "事業者不明",
        "ref": "",
        "url": "",
        "url2": ""
      }
    },
    {
      "type": "Feature",
      "geometry": {
        "type": "Point",
        "coordinates": [
          138.7245879,
          35.7907028
        ]
      },
      "properties": {
        "内容": "バス停: 乾徳山登山口(Kentokusan Ent.)",
        "name": "乾徳山登山口(Kentokusan Ent.)",
        "operator": "事業者不明",
        "ref": "",
        "url": "",
        "url2": ""
      }
    },
    {
      "type": "Feature",
      "geometry": {
        "type": "Point",
        "coordinates": [
          138.6716403,
          35.4942148
        ]
      },
      "properties": {
        "内容": "バス停: 西湖コウモリ穴 (西湖周遊レトロバス)",
        "name": "西湖コウモリ穴",
        "operator": "西湖周遊レトロバス",
        "ref": "",
        "url": "",
        "url2": ""
      }
    },
    {
      "type": "Feature",
      "geometry": {
        "type": "Point",
        "coordinates": [
          138.798812,
          35.483178
        ]
      },
      "properties": {
        "内容": "バス停: 金鳥居",
        "name": "金鳥居",
        "operator": "事業者不明",
        "ref": "111",
        "url": "",
        "url2": ""
      }
    },
    {
      "type": "Feature",
      "geometry": {
        "type": "Point",
        "coordinates": [
          138.79875,
          35.483117
        ]
      },
      "properties": {
        "内容": "バス停: 金鳥居",
        "name": "金鳥居",
        "operator": "事業者不明",
        "ref": "111",
        "url": "",
        "url2": ""
      }
    },
    {
      "type": "Feature",
      "geometry": {
        "type": "Point",
        "coordinates": [
          138.781094,
          35.4900015
        ]
      },
      "properties": {
        "内容": "バス停: 富士急ハイランド前 (富士急バス;ジェイアールバス関東;京浜急行バス;フジエクスプレス;相鉄バス;富士急湘南バス;東急トランセ;京成バス;西武観光バス;関越交通;ジェイアール東海バス;富士急平和観光;名鉄バス;近鉄バス;京王バス;富士急モビリティ)",
        "name": "富士急ハイランド前",
        "operator": "富士急バス;ジェイアールバス関東;京浜急行バス;フジエクスプレス;相鉄バス;富士急湘南バス;東急トランセ;京成バス;西武観光バス;関越交通;ジェイアール東海バス;富士急平和観光;名鉄バス;近鉄バス;京王バス;富士急モビリティ",
        "ref": "105",
        "url": "",
        "url2": ""
      }
    },
    {
      "type": "Feature",
      "geometry": {
        "type": "Point",
        "coordinates": [
          138.8639987,
          35.394536
        ]
      },
      "properties": {
        "内容": "バス停: 籠坂峠 (富士急バス)",
        "name": "籠坂峠",
        "operator": "富士急バス",
        "ref": "",
        "url": "",
        "url2": ""
      }
    },
    {
      "type": "Feature",
      "geometry": {
        "type": "Point",
        "coordinates": [
          138.8643243,
          35.3947262
        ]
      },
      "properties": {
        "内容": "バス停: 籠坂峠 (富士急バス)",
        "name": "籠坂峠",
        "operator": "富士急バス",
        "ref": "",
        "url": "",
        "url2": ""
      }
    },
    {
      "type": "Feature",
      "geometry": {
        "type": "Point",
        "coordinates": [
          138.8733998,
          35.4015503
        ]
      },
      "properties": {
        "内容": "バス停: 富士急別荘地管理事務所前 (富士急バス)",
        "name": "富士急別荘地管理事務所前",
        "operator": "富士急バス",
        "ref": "",
        "url": "",
        "url2": ""
      }
    },
    {
      "type": "Feature",
      "geometry": {
        "type": "Point",
        "coordinates": [
          138.8755351,
          35.4035935
        ]
      },
      "properties": {
        "内容": "バス停: 経済クラブ (富士急バス)",
        "name": "経済クラブ",
        "operator": "富士急バス",
        "ref": "",
        "url": "",
        "url2": ""
      }
    },
    {
      "type": "Feature",
      "geometry": {
        "type": "Point",
        "coordinates": [
          138.8754697,
          35.403621
        ]
      },
      "properties": {
        "内容": "バス停: 経済クラブ (富士急バス)",
        "name": "経済クラブ",
        "operator": "富士急バス",
        "ref": "",
        "url": "",
        "url2": ""
      }
    },
    {
      "type": "Feature",
      "geometry": {
        "type": "Point",
        "coordinates": [
          138.876026,
          35.4046506
        ]
      },
      "properties": {
        "内容": "バス停: 富士見通り (富士急バス)",
        "name": "富士見通り",
        "operator": "富士急バス",
        "ref": "",
        "url": "",
        "url2": ""
      }
    },
    {
      "type": "Feature",
      "geometry": {
        "type": "Point",
        "coordinates": [
          138.8759364,
          35.4069016
        ]
      },
      "properties": {
        "内容": "バス停: 山中湖旭日丘 (富士急バス;富士急行;京王バス)",
        "name": "山中湖旭日丘",
        "operator": "富士急バス;富士急行;京王バス",
        "ref": "150",
        "url": "",
        "url2": "Q11511789"
      }
    },
    {
      "type": "Feature",
      "geometry": {
        "type": "Point",
        "coordinates": [
          138.8814392,
          35.4079883
        ]
      },
      "properties": {
        "内容": "バス停: 京王リップル山中湖前",
        "name": "京王リップル山中湖前",
        "operator": "事業者不明",
        "ref": "",
        "url": "",
        "url2": ""
      }
    },
    {
      "type": "Feature",
      "geometry": {
        "type": "Point",
        "coordinates": [
          138.8810506,
          35.407981
        ]
      },
      "properties": {
        "内容": "バス停: 京王リップル山中湖前",
        "name": "京王リップル山中湖前",
        "operator": "事業者不明",
        "ref": "",
        "url": "",
        "url2": ""
      }
    },
    {
      "type": "Feature",
      "geometry": {
        "type": "Point",
        "coordinates": [
          138.885452,
          35.40913
        ]
      },
      "properties": {
        "内容": "バス停: クリスマスの森入口",
        "name": "クリスマスの森入口",
        "operator": "事業者不明",
        "ref": "",
        "url": "",
        "url2": ""
      }
    },
    {
      "type": "Feature",
      "geometry": {
        "type": "Point",
        "coordinates": [
          138.885378,
          35.409223
        ]
      },
      "properties": {
        "内容": "バス停: クリスマスの森入口",
        "name": "クリスマスの森入口",
        "operator": "事業者不明",
        "ref": "",
        "url": "",
        "url2": ""
      }
    },
    {
      "type": "Feature",
      "geometry": {
        "type": "Point",
        "coordinates": [
          138.889575,
          35.411861
        ]
      },
      "properties": {
        "内容": "バス停: 小田急フォレストコテージ前",
        "name": "小田急フォレストコテージ前",
        "operator": "事業者不明",
        "ref": "",
        "url": "",
        "url2": ""
      }
    },
    {
      "type": "Feature",
      "geometry": {
        "type": "Point",
        "coordinates": [
          138.889985,
          35.411976
        ]
      },
      "properties": {
        "内容": "バス停: 小田急フォレストコテージ前",
        "name": "小田急フォレストコテージ前",
        "operator": "事業者不明",
        "ref": "",
        "url": "",
        "url2": ""
      }
    },
    {
      "type": "Feature",
      "geometry": {
        "type": "Point",
        "coordinates": [
          138.892121,
          35.413157
        ]
      },
      "properties": {
        "内容": "バス停: 湖山荘前",
        "name": "湖山荘前",
        "operator": "事業者不明",
        "ref": "",
        "url": "",
        "url2": ""
      }
    },
    {
      "type": "Feature",
      "geometry": {
        "type": "Point",
        "coordinates": [
          138.8952275,
          35.4143397
        ]
      },
      "properties": {
        "内容": "バス停: 名称不明バス停",
        "name": "名称不明バス停",
        "operator": "事業者不明",
        "ref": "",
        "url": "",
        "url2": ""
      }
    },
    {
      "type": "Feature",
      "geometry": {
        "type": "Point",
        "coordinates": [
          138.8951939,
          35.4144003
        ]
      },
      "properties": {
        "内容": "バス停: 撫岳荘前",
        "name": "撫岳荘前",
        "operator": "事業者不明",
        "ref": "",
        "url": "",
        "url2": ""
      }
    },
    {
      "type": "Feature",
      "geometry": {
        "type": "Point",
        "coordinates": [
          138.8992308,
          35.4156404
        ]
      },
      "properties": {
        "内容": "バス停: 名称不明バス停",
        "name": "名称不明バス停",
        "operator": "事業者不明",
        "ref": "",
        "url": "",
        "url2": ""
      }
    },
    {
      "type": "Feature",
      "geometry": {
        "type": "Point",
        "coordinates": [
          138.903269,
          35.4176092
        ]
      },
      "properties": {
        "内容": "バス停: 名称不明バス停",
        "name": "名称不明バス停",
        "operator": "事業者不明",
        "ref": "",
        "url": "",
        "url2": ""
      }
    },
    {
      "type": "Feature",
      "geometry": {
        "type": "Point",
        "coordinates": [
          138.571382,
          35.628567
        ]
      },
      "properties": {
        "内容": "バス停: 名称不明バス停",
        "name": "名称不明バス停",
        "operator": "事業者不明",
        "ref": "",
        "url": "",
        "url2": ""
      }
    },
    {
      "type": "Feature",
      "geometry": {
        "type": "Point",
        "coordinates": [
          138.4250072,
          35.3766967
        ]
      },
      "properties": {
        "内容": "バス停: 身延山",
        "name": "身延山",
        "operator": "事業者不明",
        "ref": "",
        "url": "",
        "url2": ""
      }
    },
    {
      "type": "Feature",
      "geometry": {
        "type": "Point",
        "coordinates": [
          138.3453328,
          35.635543
        ]
      },
      "properties": {
        "内容": "バス停: 夜叉神峠登山口",
        "name": "夜叉神峠登山口",
        "operator": "事業者不明",
        "ref": "",
        "url": "",
        "url2": ""
      }
    },
    {
      "type": "Feature",
      "geometry": {
        "type": "Point",
        "coordinates": [
          138.701363,
          35.480095
        ]
      },
      "properties": {
        "内容": "バス停: 鳴沢",
        "name": "鳴沢",
        "operator": "事業者不明",
        "ref": "",
        "url": "",
        "url2": ""
      }
    },
    {
      "type": "Feature",
      "geometry": {
        "type": "Point",
        "coordinates": [
          138.696434,
          35.479601
        ]
      },
      "properties": {
        "内容": "バス停: 樹型溶岩前",
        "name": "樹型溶岩前",
        "operator": "事業者不明",
        "ref": "",
        "url": "",
        "url2": ""
      }
    },
    {
      "type": "Feature",
      "geometry": {
        "type": "Point",
        "coordinates": [
          138.675486,
          35.478495
        ]
      },
      "properties": {
        "内容": "バス停: 紅葉台入口",
        "name": "紅葉台入口",
        "operator": "事業者不明",
        "ref": "",
        "url": "",
        "url2": ""
      }
    },
    {
      "type": "Feature",
      "geometry": {
        "type": "Point",
        "coordinates": [
          138.688808,
          35.477684
        ]
      },
      "properties": {
        "内容": "バス停: 富士緑の休暇村前",
        "name": "富士緑の休暇村前",
        "operator": "事業者不明",
        "ref": "",
        "url": "",
        "url2": ""
      }
    },
    {
      "type": "Feature",
      "geometry": {
        "type": "Point",
        "coordinates": [
          138.727707,
          35.489889
        ]
      },
      "properties": {
        "内容": "バス停: 大田和",
        "name": "大田和",
        "operator": "事業者不明",
        "ref": "",
        "url": "",
        "url2": ""
      }
    },
    {
      "type": "Feature",
      "geometry": {
        "type": "Point",
        "coordinates": [
          138.739394,
          35.504562
        ]
      },
      "properties": {
        "内容": "バス停: 勝山",
        "name": "勝山",
        "operator": "事業者不明",
        "ref": "",
        "url": "",
        "url2": ""
      }
    },
    {
      "type": "Feature",
      "geometry": {
        "type": "Point",
        "coordinates": [
          138.74859,
          35.506743
        ]
      },
      "properties": {
        "内容": "バス停: 木立",
        "name": "木立",
        "operator": "事業者不明",
        "ref": "",
        "url": "",
        "url2": ""
      }
    },
    {
      "type": "Feature",
      "geometry": {
        "type": "Point",
        "coordinates": [
          138.751359,
          35.506365
        ]
      },
      "properties": {
        "内容": "バス停: 木立入口",
        "name": "木立入口",
        "operator": "事業者不明",
        "ref": "",
        "url": "",
        "url2": ""
      }
    },
    {
      "type": "Feature",
      "geometry": {
        "type": "Point",
        "coordinates": [
          138.771331,
          35.5196
        ]
      },
      "properties": {
        "内容": "バス停: 河口湖美術館 (14)",
        "name": "河口湖美術館 (14)",
        "operator": "事業者不明",
        "ref": "",
        "url": "",
        "url2": ""
      }
    },
    {
      "type": "Feature",
      "geometry": {
        "type": "Point",
        "coordinates": [
          138.74539,
          35.523286
        ]
      },
      "properties": {
        "内容": "バス停: 河口湖自然生活館 (20)",
        "name": "河口湖自然生活館 (20)",
        "operator": "事業者不明",
        "ref": "",
        "url": "",
        "url2": ""
      }
    },
    {
      "type": "Feature",
      "geometry": {
        "type": "Point",
        "coordinates": [
          138.74958,
          35.523893
        ]
      },
      "properties": {
        "内容": "バス停: 北浜荘前 (19)",
        "name": "北浜荘前 (19)",
        "operator": "事業者不明",
        "ref": "",
        "url": "",
        "url2": ""
      }
    },
    {
      "type": "Feature",
      "geometry": {
        "type": "Point",
        "coordinates": [
          138.753276,
          35.722629
        ]
      },
      "properties": {
        "内容": "バス停: 粟生野橋",
        "name": "粟生野橋",
        "operator": "事業者不明",
        "ref": "",
        "url": "",
        "url2": ""
      }
    },
    {
      "type": "Feature",
      "geometry": {
        "type": "Point",
        "coordinates": [
          138.792468,
          35.733077
        ]
      },
      "properties": {
        "内容": "バス停: 番屋",
        "name": "番屋",
        "operator": "事業者不明",
        "ref": "",
        "url": "",
        "url2": ""
      }
    },
    {
      "type": "Feature",
      "geometry": {
        "type": "Point",
        "coordinates": [
          138.802116,
          35.73849
        ]
      },
      "properties": {
        "内容": "バス停: 大菩薩峠登山口",
        "name": "大菩薩峠登山口",
        "operator": "事業者不明",
        "ref": "",
        "url": "",
        "url2": ""
      }
    },
    {
      "type": "Feature",
      "geometry": {
        "type": "Point",
        "coordinates": [
          138.9844424,
          35.7797675
        ]
      },
      "properties": {
        "内容": "バス停: 鴨沢 (Kamosawa)",
        "name": "鴨沢 (Kamosawa)",
        "operator": "事業者不明",
        "ref": "",
        "url": "",
        "url2": ""
      }
    },
    {
      "type": "Feature",
      "geometry": {
        "type": "Point",
        "coordinates": [
          138.9843112,
          35.7797668
        ]
      },
      "properties": {
        "内容": "バス停: 鴨沢 (Kamosawa)",
        "name": "鴨沢 (Kamosawa)",
        "operator": "事業者不明",
        "ref": "",
        "url": "",
        "url2": ""
      }
    },
    {
      "type": "Feature",
      "geometry": {
        "type": "Point",
        "coordinates": [
          138.5694029,
          35.6681148
        ]
      },
      "properties": {
        "内容": "バス停: 甲府駅北口",
        "name": "甲府駅北口",
        "operator": "事業者不明",
        "ref": "",
        "url": "",
        "url2": ""
      }
    },
    {
      "type": "Feature",
      "geometry": {
        "type": "Point",
        "coordinates": [
          138.5695356,
          35.6680758
        ]
      },
      "properties": {
        "内容": "バス停: 甲府駅北口",
        "name": "甲府駅北口",
        "operator": "事業者不明",
        "ref": "",
        "url": "",
        "url2": ""
      }
    },
    {
      "type": "Feature",
      "geometry": {
        "type": "Point",
        "coordinates": [
          138.5696275,
          35.6679534
        ]
      },
      "properties": {
        "内容": "バス停: 甲府駅北口",
        "name": "甲府駅北口",
        "operator": "事業者不明",
        "ref": "",
        "url": "",
        "url2": ""
      }
    },
    {
      "type": "Feature",
      "geometry": {
        "type": "Point",
        "coordinates": [
          138.5695669,
          35.6677839
        ]
      },
      "properties": {
        "内容": "バス停: 甲府駅北口",
        "name": "甲府駅北口",
        "operator": "事業者不明",
        "ref": "",
        "url": "",
        "url2": ""
      }
    },
    {
      "type": "Feature",
      "geometry": {
        "type": "Point",
        "coordinates": [
          138.5681474,
          35.666532
        ]
      },
      "properties": {
        "内容": "バス停: 甲府駅バスターミナル1番乗り場",
        "name": "甲府駅バスターミナル1番乗り場",
        "operator": "事業者不明",
        "ref": "",
        "url": "",
        "url2": ""
      }
    },
    {
      "type": "Feature",
      "geometry": {
        "type": "Point",
        "coordinates": [
          138.5681173,
          35.6666828
        ]
      },
      "properties": {
        "内容": "バス停: 甲府駅バスターミナル2番乗り場",
        "name": "甲府駅バスターミナル2番乗り場",
        "operator": "事業者不明",
        "ref": "",
        "url": "",
        "url2": ""
      }
    },
    {
      "type": "Feature",
      "geometry": {
        "type": "Point",
        "coordinates": [
          138.5687484,
          35.6665535
        ]
      },
      "properties": {
        "内容": "バス停: 甲府駅バスターミナル4番乗り場",
        "name": "甲府駅バスターミナル4番乗り場",
        "operator": "事業者不明",
        "ref": "",
        "url": "",
        "url2": ""
      }
    },
    {
      "type": "Feature",
      "geometry": {
        "type": "Point",
        "coordinates": [
          138.5684226,
          35.6668011
        ]
      },
      "properties": {
        "内容": "バス停: 甲府駅バスターミナル3番乗り場",
        "name": "甲府駅バスターミナル3番乗り場",
        "operator": "事業者不明",
        "ref": "",
        "url": "",
        "url2": ""
      }
    },
    {
      "type": "Feature",
      "geometry": {
        "type": "Point",
        "coordinates": [
          138.5685811,
          35.6664221
        ]
      },
      "properties": {
        "内容": "バス停: 甲府駅バスターミナル5番乗り場",
        "name": "甲府駅バスターミナル5番乗り場",
        "operator": "事業者不明",
        "ref": "",
        "url": "",
        "url2": ""
      }
    },
    {
      "type": "Feature",
      "geometry": {
        "type": "Point",
        "coordinates": [
          138.5684303,
          35.6663913
        ]
      },
      "properties": {
        "内容": "バス停: 甲府駅バスターミナル6番乗り場",
        "name": "甲府駅バスターミナル6番乗り場",
        "operator": "事業者不明",
        "ref": "",
        "url": "",
        "url2": ""
      }
    },
    {
      "type": "Feature",
      "geometry": {
        "type": "Point",
        "coordinates": [
          138.5765315,
          35.6857518
        ]
      },
      "properties": {
        "内容": "バス停: 武田神社 (山梨交通)",
        "name": "武田神社",
        "operator": "山梨交通",
        "ref": "",
        "url": "",
        "url2": ""
      }
    },
    {
      "type": "Feature",
      "geometry": {
        "type": "Point",
        "coordinates": [
          138.5766039,
          35.6858031
        ]
      },
      "properties": {
        "内容": "バス停: 武田神社 (山梨交通)",
        "name": "武田神社",
        "operator": "山梨交通",
        "ref": "",
        "url": "",
        "url2": ""
      }
    },
    {
      "type": "Feature",
      "geometry": {
        "type": "Point",
        "coordinates": [
          138.4975616,
          35.6368883
        ]
      },
      "properties": {
        "内容": "バス停: 上今諏訪 (山梨交通;京王バス;しずてつジャストライン)",
        "name": "上今諏訪",
        "operator": "山梨交通;京王バス;しずてつジャストライン",
        "ref": "",
        "url": "",
        "url2": ""
      }
    },
    {
      "type": "Feature",
      "geometry": {
        "type": "Point",
        "coordinates": [
          138.4977152,
          35.6371109
        ]
      },
      "properties": {
        "内容": "バス停: 上今諏訪 (山梨交通;京王バス;しずてつジャストライン)",
        "name": "上今諏訪",
        "operator": "山梨交通;京王バス;しずてつジャストライン",
        "ref": "",
        "url": "",
        "url2": ""
      }
    },
    {
      "type": "Feature",
      "geometry": {
        "type": "Point",
        "coordinates": [
          138.744825,
          35.510242
        ]
      },
      "properties": {
        "内容": "バス停: 名称不明バス停",
        "name": "名称不明バス停",
        "operator": "事業者不明",
        "ref": "",
        "url": "",
        "url2": ""
      }
    },
    {
      "type": "Feature",
      "geometry": {
        "type": "Point",
        "coordinates": [
          138.739356,
          35.509311
        ]
      },
      "properties": {
        "内容": "バス停: 名称不明バス停",
        "name": "名称不明バス停",
        "operator": "事業者不明",
        "ref": "",
        "url": "",
        "url2": ""
      }
    },
    {
      "type": "Feature",
      "geometry": {
        "type": "Point",
        "coordinates": [
          138.734124,
          35.504659
        ]
      },
      "properties": {
        "内容": "バス停: 道の駅かつやま",
        "name": "道の駅かつやま",
        "operator": "事業者不明",
        "ref": "",
        "url": "",
        "url2": ""
      }
    },
    {
      "type": "Feature",
      "geometry": {
        "type": "Point",
        "coordinates": [
          138.734009,
          35.504705
        ]
      },
      "properties": {
        "内容": "バス停: 道の駅かつやま",
        "name": "道の駅かつやま",
        "operator": "事業者不明",
        "ref": "",
        "url": "",
        "url2": ""
      }
    },
    {
      "type": "Feature",
      "geometry": {
        "type": "Point",
        "coordinates": [
          138.726225,
          35.50148
        ]
      },
      "properties": {
        "内容": "バス停: 天神下",
        "name": "天神下",
        "operator": "事業者不明",
        "ref": "",
        "url": "",
        "url2": ""
      }
    },
    {
      "type": "Feature",
      "geometry": {
        "type": "Point",
        "coordinates": [
          138.726156,
          35.501607
        ]
      },
      "properties": {
        "内容": "バス停: 天神下",
        "name": "天神下",
        "operator": "事業者不明",
        "ref": "",
        "url": "",
        "url2": ""
      }
    },
    {
      "type": "Feature",
      "geometry": {
        "type": "Point",
        "coordinates": [
          138.720253,
          35.502974
        ]
      },
      "properties": {
        "内容": "バス停: 平浜",
        "name": "平浜",
        "operator": "事業者不明",
        "ref": "",
        "url": "",
        "url2": ""
      }
    },
    {
      "type": "Feature",
      "geometry": {
        "type": "Point",
        "coordinates": [
          138.715143,
          35.505374
        ]
      },
      "properties": {
        "内容": "バス停: 長浜入口",
        "name": "長浜入口",
        "operator": "事業者不明",
        "ref": "",
        "url": "",
        "url2": ""
      }
    },
    {
      "type": "Feature",
      "geometry": {
        "type": "Point",
        "coordinates": [
          138.741619,
          35.521608
        ]
      },
      "properties": {
        "内容": "バス停: 名称不明バス停",
        "name": "名称不明バス停",
        "operator": "事業者不明",
        "ref": "",
        "url": "",
        "url2": ""
      }
    },
    {
      "type": "Feature",
      "geometry": {
        "type": "Point",
        "coordinates": [
          138.7471567,
          35.5242332
        ]
      },
      "properties": {
        "内容": "バス停: 学校前 (313)",
        "name": "学校前 (313)",
        "operator": "事業者不明",
        "ref": "",
        "url": "",
        "url2": ""
      }
    },
    {
      "type": "Feature",
      "geometry": {
        "type": "Point",
        "coordinates": [
          138.7543557,
          35.522702
        ]
      },
      "properties": {
        "内容": "バス停: 名称不明バス停",
        "name": "名称不明バス停",
        "operator": "事業者不明",
        "ref": "",
        "url": "",
        "url2": ""
      }
    },
    {
      "type": "Feature",
      "geometry": {
        "type": "Point",
        "coordinates": [
          138.7541729,
          35.5225704
        ]
      },
      "properties": {
        "内容": "バス停: 名称不明バス停",
        "name": "名称不明バス停",
        "operator": "事業者不明",
        "ref": "",
        "url": "",
        "url2": ""
      }
    },
    {
      "type": "Feature",
      "geometry": {
        "type": "Point",
        "coordinates": [
          138.760158,
          35.5255414
        ]
      },
      "properties": {
        "内容": "バス停: 名称不明バス停",
        "name": "名称不明バス停",
        "operator": "事業者不明",
        "ref": "",
        "url": "",
        "url2": ""
      }
    },
    {
      "type": "Feature",
      "geometry": {
        "type": "Point",
        "coordinates": [
          138.765553,
          35.524572
        ]
      },
      "properties": {
        "内容": "バス停: 名称不明バス停",
        "name": "名称不明バス停",
        "operator": "事業者不明",
        "ref": "",
        "url": "",
        "url2": ""
      }
    },
    {
      "type": "Feature",
      "geometry": {
        "type": "Point",
        "coordinates": [
          138.700374,
          35.480072
        ]
      },
      "properties": {
        "内容": "バス停: 鳴沢",
        "name": "鳴沢",
        "operator": "事業者不明",
        "ref": "",
        "url": "",
        "url2": ""
      }
    },
    {
      "type": "Feature",
      "geometry": {
        "type": "Point",
        "coordinates": [
          138.965517,
          35.6619906
        ]
      },
      "properties": {
        "内容": "バス停: 杉平入口",
        "name": "杉平入口",
        "operator": "事業者不明",
        "ref": "",
        "url": "",
        "url2": ""
      }
    },
    {
      "type": "Feature",
      "geometry": {
        "type": "Point",
        "coordinates": [
          138.795215,
          35.4839555
        ]
      },
      "properties": {
        "内容": "バス停: 富士山駅 (富士急バス;富士急山梨ハイヤー)",
        "name": "富士山駅",
        "operator": "富士急バス;富士急山梨ハイヤー",
        "ref": "110",
        "url": "",
        "url2": ""
      }
    },
    {
      "type": "Feature",
      "geometry": {
        "type": "Point",
        "coordinates": [
          138.7950995,
          35.4839719
        ]
      },
      "properties": {
        "内容": "バス停: 富士山駅 (富士急バス)",
        "name": "富士山駅",
        "operator": "富士急バス",
        "ref": "110",
        "url": "",
        "url2": ""
      }
    },
    {
      "type": "Feature",
      "geometry": {
        "type": "Point",
        "coordinates": [
          138.7953037,
          35.4838378
        ]
      },
      "properties": {
        "内容": "バス停: 富士山駅 (富士急バス)",
        "name": "富士山駅",
        "operator": "富士急バス",
        "ref": "110",
        "url": "",
        "url2": ""
      }
    },
    {
      "type": "Feature",
      "geometry": {
        "type": "Point",
        "coordinates": [
          138.795439,
          35.483828
        ]
      },
      "properties": {
        "内容": "バス停: 富士山駅 (富士急バス;京浜急行バス;西武観光バス;名鉄バス;近鉄バス;京王バス東;京王バス南)",
        "name": "富士山駅",
        "operator": "富士急バス;京浜急行バス;西武観光バス;名鉄バス;近鉄バス;京王バス東;京王バス南",
        "ref": "110",
        "url": "",
        "url2": ""
      }
    },
    {
      "type": "Feature",
      "geometry": {
        "type": "Point",
        "coordinates": [
          138.7951893,
          35.4838601
        ]
      },
      "properties": {
        "内容": "バス停: 富士山駅 (富士急バス;富士急モビリティ)",
        "name": "富士山駅",
        "operator": "富士急バス;富士急モビリティ",
        "ref": "110",
        "url": "",
        "url2": ""
      }
    },
    {
      "type": "Feature",
      "geometry": {
        "type": "Point",
        "coordinates": [
          138.7950822,
          35.4838754
        ]
      },
      "properties": {
        "内容": "バス停: 富士山駅 (富士急バス;富士急モビリティ)",
        "name": "富士山駅",
        "operator": "富士急バス;富士急モビリティ",
        "ref": "110",
        "url": "",
        "url2": ""
      }
    },
    {
      "type": "Feature",
      "geometry": {
        "type": "Point",
        "coordinates": [
          138.7959709,
          35.4804912
        ]
      },
      "properties": {
        "内容": "バス停: 名称不明バス停",
        "name": "名称不明バス停",
        "operator": "事業者不明",
        "ref": "",
        "url": "",
        "url2": ""
      }
    },
    {
      "type": "Feature",
      "geometry": {
        "type": "Point",
        "coordinates": [
          138.793875,
          35.477925
        ]
      },
      "properties": {
        "内容": "バス停: コミュニティセンター入口",
        "name": "コミュニティセンター入口",
        "operator": "事業者不明",
        "ref": "",
        "url": "",
        "url2": ""
      }
    },
    {
      "type": "Feature",
      "geometry": {
        "type": "Point",
        "coordinates": [
          138.792556,
          35.475817
        ]
      },
      "properties": {
        "内容": "バス停: 横町",
        "name": "横町",
        "operator": "事業者不明",
        "ref": "",
        "url": "",
        "url2": ""
      }
    },
    {
      "type": "Feature",
      "geometry": {
        "type": "Point",
        "coordinates": [
          138.7927519,
          35.4745499
        ]
      },
      "properties": {
        "内容": "バス停: 横町",
        "name": "横町",
        "operator": "事業者不明",
        "ref": "",
        "url": "",
        "url2": ""
      }
    },
    {
      "type": "Feature",
      "geometry": {
        "type": "Point",
        "coordinates": [
          138.794647,
          35.473461
        ]
      },
      "properties": {
        "内容": "バス停: 浅間神社前",
        "name": "浅間神社前",
        "operator": "事業者不明",
        "ref": "",
        "url": "",
        "url2": ""
      }
    },
    {
      "type": "Feature",
      "geometry": {
        "type": "Point",
        "coordinates": [
          138.793268,
          35.471847
        ]
      },
      "properties": {
        "内容": "バス停: 北口本宮冨士浅間神社",
        "name": "北口本宮冨士浅間神社",
        "operator": "事業者不明",
        "ref": "",
        "url": "",
        "url2": ""
      }
    },
    {
      "type": "Feature",
      "geometry": {
        "type": "Point",
        "coordinates": [
          138.7697391,
          35.487854
        ]
      },
      "properties": {
        "内容": "バス停: 富士河口湖高校",
        "name": "富士河口湖高校",
        "operator": "事業者不明",
        "ref": "",
        "url": "",
        "url2": ""
      }
    },
    {
      "type": "Feature",
      "geometry": {
        "type": "Point",
        "coordinates": [
          138.9431407,
          35.6129878
        ]
      },
      "properties": {
        "内容": "バス停: 大月駅",
        "name": "大月駅",
        "operator": "事業者不明",
        "ref": "",
        "url": "",
        "url2": ""
      }
    },
    {
      "type": "Feature",
      "geometry": {
        "type": "Point",
        "coordinates": [
          138.9426477,
          35.6128076
        ]
      },
      "properties": {
        "内容": "バス停: 大月駅",
        "name": "大月駅",
        "operator": "事業者不明",
        "ref": "",
        "url": "",
        "url2": ""
      }
    },
    {
      "type": "Feature",
      "geometry": {
        "type": "Point",
        "coordinates": [
          138.935792,
          35.579548
        ]
      },
      "properties": {
        "内容": "バス停: 落合",
        "name": "落合",
        "operator": "事業者不明",
        "ref": "",
        "url": "",
        "url2": ""
      }
    },
    {
      "type": "Feature",
      "geometry": {
        "type": "Point",
        "coordinates": [
          138.925734,
          35.571606
        ]
      },
      "properties": {
        "内容": "バス停: 保育園前",
        "name": "保育園前",
        "operator": "事業者不明",
        "ref": "",
        "url": "",
        "url2": ""
      }
    },
    {
      "type": "Feature",
      "geometry": {
        "type": "Point",
        "coordinates": [
          138.907854,
          35.556792
        ]
      },
      "properties": {
        "内容": "バス停: 都留市駅",
        "name": "都留市駅",
        "operator": "事業者不明",
        "ref": "",
        "url": "",
        "url2": ""
      }
    },
    {
      "type": "Feature",
      "geometry": {
        "type": "Point",
        "coordinates": [
          138.8937536,
          35.5420538
        ]
      },
      "properties": {
        "内容": "バス停: 大学入口 (富士急バス)",
        "name": "大学入口",
        "operator": "富士急バス",
        "ref": "",
        "url": "",
        "url2": ""
      }
    },
    {
      "type": "Feature",
      "geometry": {
        "type": "Point",
        "coordinates": [
          138.880144,
          35.538748
        ]
      },
      "properties": {
        "内容": "バス停: サンフーズ前",
        "name": "サンフーズ前",
        "operator": "事業者不明",
        "ref": "",
        "url": "",
        "url2": ""
      }
    },
    {
      "type": "Feature",
      "geometry": {
        "type": "Point",
        "coordinates": [
          138.827859,
          35.509428
        ]
      },
      "properties": {
        "内容": "バス停: 富士小学校前",
        "name": "富士小学校前",
        "operator": "事業者不明",
        "ref": "",
        "url": "",
        "url2": ""
      }
    },
    {
      "type": "Feature",
      "geometry": {
        "type": "Point",
        "coordinates": [
          138.816576,
          35.496498
        ]
      },
      "properties": {
        "内容": "バス停: 愛染通り入口",
        "name": "愛染通り入口",
        "operator": "事業者不明",
        "ref": "",
        "url": "",
        "url2": ""
      }
    },
    {
      "type": "Feature",
      "geometry": {
        "type": "Point",
        "coordinates": [
          138.814516,
          35.491924
        ]
      },
      "properties": {
        "内容": "バス停: 原",
        "name": "原",
        "operator": "事業者不明",
        "ref": "",
        "url": "",
        "url2": ""
      }
    },
    {
      "type": "Feature",
      "geometry": {
        "type": "Point",
        "coordinates": [
          138.8068258,
          35.4717293
        ]
      },
      "properties": {
        "内容": "バス停: 城山入口",
        "name": "城山入口",
        "operator": "事業者不明",
        "ref": "114",
        "url": "",
        "url2": ""
      }
    },
    {
      "type": "Feature",
      "geometry": {
        "type": "Point",
        "coordinates": [
          138.804069,
          35.461795
        ]
      },
      "properties": {
        "内容": "バス停: セメ草",
        "name": "セメ草",
        "operator": "事業者不明",
        "ref": "",
        "url": "",
        "url2": ""
      }
    },
    {
      "type": "Feature",
      "geometry": {
        "type": "Point",
        "coordinates": [
          138.8052842,
          35.4571617
        ]
      },
      "properties": {
        "内容": "バス停: サンパークふじ前",
        "name": "サンパークふじ前",
        "operator": "事業者不明",
        "ref": "119",
        "url": "",
        "url2": ""
      }
    },
    {
      "type": "Feature",
      "geometry": {
        "type": "Point",
        "coordinates": [
          138.82071,
          35.447452
        ]
      },
      "properties": {
        "内容": "バス停: 自衛隊駐屯地入口",
        "name": "自衛隊駐屯地入口",
        "operator": "事業者不明",
        "ref": "",
        "url": "",
        "url2": ""
      }
    },
    {
      "type": "Feature",
      "geometry": {
        "type": "Point",
        "coordinates": [
          138.826093,
          35.44464
        ]
      },
      "properties": {
        "内容": "バス停: 中道入口",
        "name": "中道入口",
        "operator": "事業者不明",
        "ref": "",
        "url": "",
        "url2": ""
      }
    },
    {
      "type": "Feature",
      "geometry": {
        "type": "Point",
        "coordinates": [
          138.829659,
          35.442938
        ]
      },
      "properties": {
        "内容": "バス停: 名称不明バス停",
        "name": "名称不明バス停",
        "operator": "事業者不明",
        "ref": "",
        "url": "",
        "url2": ""
      }
    },
    {
      "type": "Feature",
      "geometry": {
        "type": "Point",
        "coordinates": [
          138.8619986,
          35.410772
        ]
      },
      "properties": {
        "内容": "バス停: 山中湖村役場前",
        "name": "山中湖村役場前",
        "operator": "事業者不明",
        "ref": "",
        "url": "",
        "url2": ""
      }
    },
    {
      "type": "Feature",
      "geometry": {
        "type": "Point",
        "coordinates": [
          138.8621485,
          35.410867
        ]
      },
      "properties": {
        "内容": "バス停: 山中湖村役場前",
        "name": "山中湖村役場前",
        "operator": "事業者不明",
        "ref": "",
        "url": "",
        "url2": ""
      }
    },
    {
      "type": "Feature",
      "geometry": {
        "type": "Point",
        "coordinates": [
          138.688923,
          35.477574
        ]
      },
      "properties": {
        "内容": "バス停: 富士緑の休暇村前",
        "name": "富士緑の休暇村前",
        "operator": "事業者不明",
        "ref": "",
        "url": "",
        "url2": ""
      }
    },
    {
      "type": "Feature",
      "geometry": {
        "type": "Point",
        "coordinates": [
          138.697672,
          35.479791
        ]
      },
      "properties": {
        "内容": "バス停: 樹型溶岩前",
        "name": "樹型溶岩前",
        "operator": "事業者不明",
        "ref": "",
        "url": "",
        "url2": ""
      }
    },
    {
      "type": "Feature",
      "geometry": {
        "type": "Point",
        "coordinates": [
          138.711337,
          35.48203
        ]
      },
      "properties": {
        "内容": "バス停: 名称不明バス停",
        "name": "名称不明バス停",
        "operator": "事業者不明",
        "ref": "",
        "url": "",
        "url2": ""
      }
    },
    {
      "type": "Feature",
      "geometry": {
        "type": "Point",
        "coordinates": [
          138.717792,
          35.484714
        ]
      },
      "properties": {
        "内容": "バス停: 一本木",
        "name": "一本木",
        "operator": "事業者不明",
        "ref": "",
        "url": "",
        "url2": ""
      }
    },
    {
      "type": "Feature",
      "geometry": {
        "type": "Point",
        "coordinates": [
          138.961743,
          35.611553
        ]
      },
      "properties": {
        "内容": "バス停: 名称不明バス停",
        "name": "名称不明バス停",
        "operator": "事業者不明",
        "ref": "",
        "url": "",
        "url2": ""
      }
    },
    {
      "type": "Feature",
      "geometry": {
        "type": "Point",
        "coordinates": [
          139.009694,
          35.608688
        ]
      },
      "properties": {
        "内容": "バス停: 名称不明バス停",
        "name": "名称不明バス停",
        "operator": "事業者不明",
        "ref": "",
        "url": "",
        "url2": ""
      }
    },
    {
      "type": "Feature",
      "geometry": {
        "type": "Point",
        "coordinates": [
          139.0307029,
          35.6072342
        ]
      },
      "properties": {
        "内容": "バス停: 名称不明バス停",
        "name": "名称不明バス停",
        "operator": "事業者不明",
        "ref": "",
        "url": "",
        "url2": ""
      }
    },
    {
      "type": "Feature",
      "geometry": {
        "type": "Point",
        "coordinates": [
          139.041658,
          35.602924
        ]
      },
      "properties": {
        "内容": "バス停: 名称不明バス停",
        "name": "名称不明バス停",
        "operator": "事業者不明",
        "ref": "",
        "url": "",
        "url2": ""
      }
    },
    {
      "type": "Feature",
      "geometry": {
        "type": "Point",
        "coordinates": [
          139.054316,
          35.606398
        ]
      },
      "properties": {
        "内容": "バス停: 名称不明バス停",
        "name": "名称不明バス停",
        "operator": "事業者不明",
        "ref": "",
        "url": "",
        "url2": ""
      }
    },
    {
      "type": "Feature",
      "geometry": {
        "type": "Point",
        "coordinates": [
          139.107228,
          35.621094
        ]
      },
      "properties": {
        "内容": "バス停: 上野原高校入口 (富士急バス)",
        "name": "上野原高校入口",
        "operator": "富士急バス",
        "ref": "",
        "url": "",
        "url2": ""
      }
    },
    {
      "type": "Feature",
      "geometry": {
        "type": "Point",
        "coordinates": [
          139.1131678,
          35.6280413
        ]
      },
      "properties": {
        "内容": "バス停: 本町一丁目 (富士急山梨バス)",
        "name": "本町一丁目",
        "operator": "富士急山梨バス",
        "ref": "",
        "url": "",
        "url2": ""
      }
    },
    {
      "type": "Feature",
      "geometry": {
        "type": "Point",
        "coordinates": [
          138.5806065,
          35.6703217
        ]
      },
      "properties": {
        "内容": "バス停: 名称不明バス停",
        "name": "名称不明バス停",
        "operator": "事業者不明",
        "ref": "",
        "url": "",
        "url2": ""
      }
    },
    {
      "type": "Feature",
      "geometry": {
        "type": "Point",
        "coordinates": [
          138.9611102,
          35.7883131
        ]
      },
      "properties": {
        "内容": "バス停: 親川 (西東京バス)",
        "name": "親川",
        "operator": "西東京バス",
        "ref": "",
        "url": "",
        "url2": ""
      }
    },
    {
      "type": "Feature",
      "geometry": {
        "type": "Point",
        "coordinates": [
          138.811768,
          35.452798
        ]
      },
      "properties": {
        "内容": "バス停: 忍野入口",
        "name": "忍野入口",
        "operator": "事業者不明",
        "ref": "",
        "url": "",
        "url2": ""
      }
    },
    {
      "type": "Feature",
      "geometry": {
        "type": "Point",
        "coordinates": [
          138.8427813,
          35.4327394
        ]
      },
      "properties": {
        "内容": "バス停: 梨ケ原",
        "name": "梨ケ原",
        "operator": "事業者不明",
        "ref": "",
        "url": "",
        "url2": ""
      }
    },
    {
      "type": "Feature",
      "geometry": {
        "type": "Point",
        "coordinates": [
          139.1126196,
          35.5391341
        ]
      },
      "properties": {
        "内容": "バス停: 月夜野",
        "name": "月夜野",
        "operator": "事業者不明",
        "ref": "",
        "url": "",
        "url2": ""
      }
    },
    {
      "type": "Feature",
      "geometry": {
        "type": "Point",
        "coordinates": [
          138.4435256,
          35.4725048
        ]
      },
      "properties": {
        "内容": "バス停: 甲南スポーツ広場",
        "name": "甲南スポーツ広場",
        "operator": "事業者不明",
        "ref": "",
        "url": "",
        "url2": ""
      }
    },
    {
      "type": "Feature",
      "geometry": {
        "type": "Point",
        "coordinates": [
          138.5697224,
          35.6698025
        ]
      },
      "properties": {
        "内容": "バス停: 郵便貯金山梨センター",
        "name": "郵便貯金山梨センター",
        "operator": "事業者不明",
        "ref": "",
        "url": "",
        "url2": ""
      }
    },
    {
      "type": "Feature",
      "geometry": {
        "type": "Point",
        "coordinates": [
          138.9216227,
          35.7908806
        ]
      },
      "properties": {
        "内容": "バス停: 丹波役場前 (西東京バス)",
        "name": "丹波役場前",
        "operator": "西東京バス",
        "ref": "",
        "url": "",
        "url2": ""
      }
    },
    {
      "type": "Feature",
      "geometry": {
        "type": "Point",
        "coordinates": [
          138.9215557,
          35.790782
        ]
      },
      "properties": {
        "内容": "バス停: 丹波役場前 (西東京バス)",
        "name": "丹波役場前",
        "operator": "西東京バス",
        "ref": "",
        "url": "",
        "url2": ""
      }
    },
    {
      "type": "Feature",
      "geometry": {
        "type": "Point",
        "coordinates": [
          138.9238972,
          35.7900603
        ]
      },
      "properties": {
        "内容": "バス停: 丹波山温泉 (西東京バス)",
        "name": "丹波山温泉",
        "operator": "西東京バス",
        "ref": "",
        "url": "",
        "url2": ""
      }
    },
    {
      "type": "Feature",
      "geometry": {
        "type": "Point",
        "coordinates": [
          138.9239529,
          35.7901325
        ]
      },
      "properties": {
        "内容": "バス停: 丹波山温泉 (西東京バス)",
        "name": "丹波山温泉",
        "operator": "西東京バス",
        "ref": "",
        "url": "",
        "url2": ""
      }
    },
    {
      "type": "Feature",
      "geometry": {
        "type": "Point",
        "coordinates": [
          138.3386725,
          35.4760165
        ]
      },
      "properties": {
        "内容": "バス停: ヘルシー美里 (俵屋観光)",
        "name": "ヘルシー美里",
        "operator": "俵屋観光",
        "ref": "",
        "url": "",
        "url2": ""
      }
    },
    {
      "type": "Feature",
      "geometry": {
        "type": "Point",
        "coordinates": [
          138.3522283,
          35.4233272
        ]
      },
      "properties": {
        "内容": "バス停: 上柳島・古屋入口 (俵屋観光)",
        "name": "上柳島・古屋入口",
        "operator": "俵屋観光",
        "ref": "",
        "url": "",
        "url2": ""
      }
    },
    {
      "type": "Feature",
      "geometry": {
        "type": "Point",
        "coordinates": [
          138.3140847,
          35.5223765
        ]
      },
      "properties": {
        "内容": "バス停: 下湯島 (俵屋観光)",
        "name": "下湯島",
        "operator": "俵屋観光",
        "ref": "",
        "url": "",
        "url2": ""
      }
    },
    {
      "type": "Feature",
      "geometry": {
        "type": "Point",
        "coordinates": [
          138.3374925,
          35.4381452
        ]
      },
      "properties": {
        "内容": "バス停: 白石 (俵屋観光)",
        "name": "白石",
        "operator": "俵屋観光",
        "ref": "",
        "url": "",
        "url2": ""
      }
    },
    {
      "type": "Feature",
      "geometry": {
        "type": "Point",
        "coordinates": [
          138.3056934,
          35.5902038
        ]
      },
      "properties": {
        "内容": "バス停: 第一発電所 (山梨交通)",
        "name": "第一発電所",
        "operator": "山梨交通",
        "ref": "",
        "url": "",
        "url2": ""
      }
    },
    {
      "type": "Feature",
      "geometry": {
        "type": "Point",
        "coordinates": [
          138.3400711,
          35.4263456
        ]
      },
      "properties": {
        "内容": "バス停: 草塩温泉 (俵屋観光)",
        "name": "草塩温泉",
        "operator": "俵屋観光",
        "ref": "",
        "url": "",
        "url2": ""
      }
    },
    {
      "type": "Feature",
      "geometry": {
        "type": "Point",
        "coordinates": [
          138.3065931,
          35.554734
        ]
      },
      "properties": {
        "内容": "バス停: 西山温泉 (俵屋観光)",
        "name": "西山温泉",
        "operator": "俵屋観光",
        "ref": "",
        "url": "",
        "url2": ""
      }
    },
    {
      "type": "Feature",
      "geometry": {
        "type": "Point",
        "coordinates": [
          138.3336443,
          35.4344736
        ]
      },
      "properties": {
        "内容": "バス停: 保 (俵屋観光)",
        "name": "保",
        "operator": "俵屋観光",
        "ref": "",
        "url": "",
        "url2": ""
      }
    },
    {
      "type": "Feature",
      "geometry": {
        "type": "Point",
        "coordinates": [
          138.3632091,
          35.4124823
        ]
      },
      "properties": {
        "内容": "バス停: 早川町役場 (俵屋観光)",
        "name": "早川町役場",
        "operator": "俵屋観光",
        "ref": "",
        "url": "",
        "url2": ""
      }
    },
    {
      "type": "Feature",
      "geometry": {
        "type": "Point",
        "coordinates": [
          138.5391171,
          35.610335
        ]
      },
      "properties": {
        "内容": "バス停: 名称不明バス停",
        "name": "名称不明バス停",
        "operator": "事業者不明",
        "ref": "",
        "url": "",
        "url2": ""
      }
    },
    {
      "type": "Feature",
      "geometry": {
        "type": "Point",
        "coordinates": [
          138.8072544,
          35.500882
        ]
      },
      "properties": {
        "内容": "バス停: 中央道下吉田",
        "name": "中央道下吉田",
        "operator": "事業者不明",
        "ref": "",
        "url": "",
        "url2": "Q11360679"
      }
    },
    {
      "type": "Feature",
      "geometry": {
        "type": "Point",
        "coordinates": [
          138.6354242,
          35.657294
        ]
      },
      "properties": {
        "内容": "バス停: 石和温泉駅",
        "name": "石和温泉駅",
        "operator": "事業者不明",
        "ref": "",
        "url": "",
        "url2": ""
      }
    },
    {
      "type": "Feature",
      "geometry": {
        "type": "Point",
        "coordinates": [
          138.6349468,
          35.6573267
        ]
      },
      "properties": {
        "内容": "バス停: 石和温泉駅 (富士急バス;山梨交通)",
        "name": "石和温泉駅",
        "operator": "富士急バス;山梨交通",
        "ref": "",
        "url": "",
        "url2": ""
      }
    },
    {
      "type": "Feature",
      "geometry": {
        "type": "Point",
        "coordinates": [
          138.7307845,
          35.6577217
        ]
      },
      "properties": {
        "内容": "バス停: 祝橋",
        "name": "祝橋",
        "operator": "事業者不明",
        "ref": "",
        "url": "",
        "url2": ""
      }
    },
    {
      "type": "Feature",
      "geometry": {
        "type": "Point",
        "coordinates": [
          138.7309885,
          35.6577851
        ]
      },
      "properties": {
        "内容": "バス停: 祝橋",
        "name": "祝橋",
        "operator": "事業者不明",
        "ref": "",
        "url": "",
        "url2": ""
      }
    },
    {
      "type": "Feature",
      "geometry": {
        "type": "Point",
        "coordinates": [
          138.7425999,
          35.6722807
        ]
      },
      "properties": {
        "内容": "バス停: 勝沼ぶどう郷駅",
        "name": "勝沼ぶどう郷駅",
        "operator": "事業者不明",
        "ref": "",
        "url": "",
        "url2": ""
      }
    },
    {
      "type": "Feature",
      "geometry": {
        "type": "Point",
        "coordinates": [
          138.7321845,
          35.6604044
        ]
      },
      "properties": {
        "内容": "バス停: 上町",
        "name": "上町",
        "operator": "事業者不明",
        "ref": "",
        "url": "",
        "url2": ""
      }
    },
    {
      "type": "Feature",
      "geometry": {
        "type": "Point",
        "coordinates": [
          138.7388393,
          35.667234
        ]
      },
      "properties": {
        "内容": "バス停: ナーシングセンター",
        "name": "ナーシングセンター",
        "operator": "事業者不明",
        "ref": "",
        "url": "",
        "url2": ""
      }
    },
    {
      "type": "Feature",
      "geometry": {
        "type": "Point",
        "coordinates": [
          138.7393222,
          35.6673867
        ]
      },
      "properties": {
        "内容": "バス停: ナーシングセンター",
        "name": "ナーシングセンター",
        "operator": "事業者不明",
        "ref": "",
        "url": "",
        "url2": ""
      }
    },
    {
      "type": "Feature",
      "geometry": {
        "type": "Point",
        "coordinates": [
          138.728172,
          35.6540601
        ]
      },
      "properties": {
        "内容": "バス停: 上岩崎四つ角",
        "name": "上岩崎四つ角",
        "operator": "事業者不明",
        "ref": "",
        "url": "",
        "url2": ""
      }
    },
    {
      "type": "Feature",
      "geometry": {
        "type": "Point",
        "coordinates": [
          138.7283949,
          35.6544616
        ]
      },
      "properties": {
        "内容": "バス停: 上岩崎四つ角",
        "name": "上岩崎四つ角",
        "operator": "事業者不明",
        "ref": "",
        "url": "",
        "url2": ""
      }
    },
    {
      "type": "Feature",
      "geometry": {
        "type": "Point",
        "coordinates": [
          138.7293252,
          35.6518045
        ]
      },
      "properties": {
        "内容": "バス停: 勝沼",
        "name": "勝沼",
        "operator": "事業者不明",
        "ref": "",
        "url": "",
        "url2": ""
      }
    },
    {
      "type": "Feature",
      "geometry": {
        "type": "Point",
        "coordinates": [
          138.7300981,
          35.6516021
        ]
      },
      "properties": {
        "内容": "バス停: 勝沼",
        "name": "勝沼",
        "operator": "事業者不明",
        "ref": "",
        "url": "",
        "url2": ""
      }
    },
    {
      "type": "Feature",
      "geometry": {
        "type": "Point",
        "coordinates": [
          138.7224484,
          35.6502682
        ]
      },
      "properties": {
        "内容": "バス停: 祝8区西組",
        "name": "祝8区西組",
        "operator": "事業者不明",
        "ref": "",
        "url": "",
        "url2": ""
      }
    },
    {
      "type": "Feature",
      "geometry": {
        "type": "Point",
        "coordinates": [
          138.7262572,
          35.650702
        ]
      },
      "properties": {
        "内容": "バス停: 氷川神社前",
        "name": "氷川神社前",
        "operator": "事業者不明",
        "ref": "",
        "url": "",
        "url2": ""
      }
    },
    {
      "type": "Feature",
      "geometry": {
        "type": "Point",
        "coordinates": [
          138.7254847,
          35.650508
        ]
      },
      "properties": {
        "内容": "バス停: 氷川神社前",
        "name": "氷川神社前",
        "operator": "事業者不明",
        "ref": "",
        "url": "",
        "url2": ""
      }
    },
    {
      "type": "Feature",
      "geometry": {
        "type": "Point",
        "coordinates": [
          138.7161909,
          35.6493289
        ]
      },
      "properties": {
        "内容": "バス停: 釈迦堂入口",
        "name": "釈迦堂入口",
        "operator": "事業者不明",
        "ref": "",
        "url": "",
        "url2": ""
      }
    },
    {
      "type": "Feature",
      "geometry": {
        "type": "Point",
        "coordinates": [
          138.7084098,
          35.6435724
        ]
      },
      "properties": {
        "内容": "バス停: 名称不明バス停",
        "name": "名称不明バス停",
        "operator": "事業者不明",
        "ref": "",
        "url": "",
        "url2": ""
      }
    },
    {
      "type": "Feature",
      "geometry": {
        "type": "Point",
        "coordinates": [
          138.7154988,
          35.6534024
        ]
      },
      "properties": {
        "内容": "バス停: 藤井交差点北",
        "name": "藤井交差点北",
        "operator": "事業者不明",
        "ref": "",
        "url": "",
        "url2": ""
      }
    },
    {
      "type": "Feature",
      "geometry": {
        "type": "Point",
        "coordinates": [
          138.7153992,
          35.6532081
        ]
      },
      "properties": {
        "内容": "バス停: 藤井交差点北",
        "name": "藤井交差点北",
        "operator": "事業者不明",
        "ref": "",
        "url": "",
        "url2": ""
      }
    },
    {
      "type": "Feature",
      "geometry": {
        "type": "Point",
        "coordinates": [
          138.7155548,
          35.6492086
        ]
      },
      "properties": {
        "内容": "バス停: 釈迦堂入口",
        "name": "釈迦堂入口",
        "operator": "事業者不明",
        "ref": "",
        "url": "",
        "url2": ""
      }
    },
    {
      "type": "Feature",
      "geometry": {
        "type": "Point",
        "coordinates": [
          138.7173442,
          35.6561767
        ]
      },
      "properties": {
        "内容": "バス停: 下岩崎",
        "name": "下岩崎",
        "operator": "事業者不明",
        "ref": "",
        "url": "",
        "url2": ""
      }
    },
    {
      "type": "Feature",
      "geometry": {
        "type": "Point",
        "coordinates": [
          138.7171162,
          35.656131
        ]
      },
      "properties": {
        "内容": "バス停: 下岩崎",
        "name": "下岩崎",
        "operator": "事業者不明",
        "ref": "",
        "url": "",
        "url2": ""
      }
    },
    {
      "type": "Feature",
      "geometry": {
        "type": "Point",
        "coordinates": [
          138.7201444,
          35.6559218
        ]
      },
      "properties": {
        "内容": "バス停: 生福寺",
        "name": "生福寺",
        "operator": "事業者不明",
        "ref": "",
        "url": "",
        "url2": ""
      }
    },
    {
      "type": "Feature",
      "geometry": {
        "type": "Point",
        "coordinates": [
          138.7195023,
          35.655884
        ]
      },
      "properties": {
        "内容": "バス停: 生福寺",
        "name": "生福寺",
        "operator": "事業者不明",
        "ref": "",
        "url": "",
        "url2": ""
      }
    },
    {
      "type": "Feature",
      "geometry": {
        "type": "Point",
        "coordinates": [
          138.7221695,
          35.6571967
        ]
      },
      "properties": {
        "内容": "バス停: 図書館・文化館",
        "name": "図書館・文化館",
        "operator": "事業者不明",
        "ref": "",
        "url": "",
        "url2": ""
      }
    },
    {
      "type": "Feature",
      "geometry": {
        "type": "Point",
        "coordinates": [
          138.7219174,
          35.6570485
        ]
      },
      "properties": {
        "内容": "バス停: 図書館・文化館",
        "name": "図書館・文化館",
        "operator": "事業者不明",
        "ref": "",
        "url": "",
        "url2": ""
      }
    },
    {
      "type": "Feature",
      "geometry": {
        "type": "Point",
        "coordinates": [
          138.7223921,
          35.6582188
        ]
      },
      "properties": {
        "内容": "バス停: 阿部医院",
        "name": "阿部医院",
        "operator": "事業者不明",
        "ref": "",
        "url": "",
        "url2": ""
      }
    },
    {
      "type": "Feature",
      "geometry": {
        "type": "Point",
        "coordinates": [
          138.7225046,
          35.658295
        ]
      },
      "properties": {
        "内容": "バス停: 阿部医院",
        "name": "阿部医院",
        "operator": "事業者不明",
        "ref": "",
        "url": "",
        "url2": ""
      }
    },
    {
      "type": "Feature",
      "geometry": {
        "type": "Point",
        "coordinates": [
          138.7232209,
          35.6616097
        ]
      },
      "properties": {
        "内容": "バス停: ワイン村河川公園前",
        "name": "ワイン村河川公園前",
        "operator": "事業者不明",
        "ref": "",
        "url": "",
        "url2": ""
      }
    },
    {
      "type": "Feature",
      "geometry": {
        "type": "Point",
        "coordinates": [
          138.7231485,
          35.6615204
        ]
      },
      "properties": {
        "内容": "バス停: ワイン村河川公園前",
        "name": "ワイン村河川公園前",
        "operator": "事業者不明",
        "ref": "",
        "url": "",
        "url2": ""
      }
    },
    {
      "type": "Feature",
      "geometry": {
        "type": "Point",
        "coordinates": [
          138.7245459,
          35.6636843
        ]
      },
      "properties": {
        "内容": "バス停: 中央公園入口",
        "name": "中央公園入口",
        "operator": "事業者不明",
        "ref": "",
        "url": "",
        "url2": ""
      }
    },
    {
      "type": "Feature",
      "geometry": {
        "type": "Point",
        "coordinates": [
          138.7242697,
          35.6638325
        ]
      },
      "properties": {
        "内容": "バス停: 中央公園入口",
        "name": "中央公園入口",
        "operator": "事業者不明",
        "ref": "",
        "url": "",
        "url2": ""
      }
    },
    {
      "type": "Feature",
      "geometry": {
        "type": "Point",
        "coordinates": [
          138.7295697,
          35.6618309
        ]
      },
      "properties": {
        "内容": "バス停: 旧田中銀行前",
        "name": "旧田中銀行前",
        "operator": "事業者不明",
        "ref": "",
        "url": "",
        "url2": ""
      }
    },
    {
      "type": "Feature",
      "geometry": {
        "type": "Point",
        "coordinates": [
          138.7296015,
          35.6619156
        ]
      },
      "properties": {
        "内容": "バス停: 旧田中銀行前",
        "name": "旧田中銀行前",
        "operator": "事業者不明",
        "ref": "",
        "url": "",
        "url2": ""
      }
    },
    {
      "type": "Feature",
      "geometry": {
        "type": "Point",
        "coordinates": [
          138.7238964,
          35.6655014
        ]
      },
      "properties": {
        "内容": "バス停: 勝沼支所",
        "name": "勝沼支所",
        "operator": "事業者不明",
        "ref": "",
        "url": "",
        "url2": ""
      }
    },
    {
      "type": "Feature",
      "geometry": {
        "type": "Point",
        "coordinates": [
          138.7239584,
          35.6654516
        ]
      },
      "properties": {
        "内容": "バス停: 勝沼支所",
        "name": "勝沼支所",
        "operator": "事業者不明",
        "ref": "",
        "url": "",
        "url2": ""
      }
    },
    {
      "type": "Feature",
      "geometry": {
        "type": "Point",
        "coordinates": [
          138.7256993,
          35.6695504
        ]
      },
      "properties": {
        "内容": "バス停: 勝沼病院",
        "name": "勝沼病院",
        "operator": "事業者不明",
        "ref": "",
        "url": "",
        "url2": ""
      }
    },
    {
      "type": "Feature",
      "geometry": {
        "type": "Point",
        "coordinates": [
          138.7326355,
          35.6546686
        ]
      },
      "properties": {
        "内容": "バス停: 上岩崎公園前",
        "name": "上岩崎公園前",
        "operator": "事業者不明",
        "ref": "",
        "url": "",
        "url2": ""
      }
    },
    {
      "type": "Feature",
      "geometry": {
        "type": "Point",
        "coordinates": [
          138.7325844,
          35.654734
        ]
      },
      "properties": {
        "内容": "バス停: 上岩崎公園前",
        "name": "上岩崎公園前",
        "operator": "事業者不明",
        "ref": "",
        "url": "",
        "url2": ""
      }
    },
    {
      "type": "Feature",
      "geometry": {
        "type": "Point",
        "coordinates": [
          138.7385121,
          35.6574253
        ]
      },
      "properties": {
        "内容": "バス停: 山口園前",
        "name": "山口園前",
        "operator": "事業者不明",
        "ref": "",
        "url": "",
        "url2": ""
      }
    },
    {
      "type": "Feature",
      "geometry": {
        "type": "Point",
        "coordinates": [
          138.7385283,
          35.657504
        ]
      },
      "properties": {
        "内容": "バス停: 山口園前",
        "name": "山口園前",
        "operator": "事業者不明",
        "ref": "",
        "url": "",
        "url2": ""
      }
    },
    {
      "type": "Feature",
      "geometry": {
        "type": "Point",
        "coordinates": [
          138.7419266,
          35.6563925
        ]
      },
      "properties": {
        "内容": "バス停: 大善寺 (甲州市民バス)",
        "name": "大善寺",
        "operator": "甲州市民バス",
        "ref": "",
        "url": "",
        "url2": ""
      }
    },
    {
      "type": "Feature",
      "geometry": {
        "type": "Point",
        "coordinates": [
          138.7563167,
          35.6595678
        ]
      },
      "properties": {
        "内容": "バス停: 深沢共撰所",
        "name": "深沢共撰所",
        "operator": "事業者不明",
        "ref": "",
        "url": "",
        "url2": ""
      }
    },
    {
      "type": "Feature",
      "geometry": {
        "type": "Point",
        "coordinates": [
          138.7514647,
          35.6581206
        ]
      },
      "properties": {
        "内容": "バス停: 大日影遊歩道入口",
        "name": "大日影遊歩道入口",
        "operator": "事業者不明",
        "ref": "",
        "url": "",
        "url2": ""
      }
    },
    {
      "type": "Feature",
      "geometry": {
        "type": "Point",
        "coordinates": [
          138.763041,
          35.6474609
        ]
      },
      "properties": {
        "内容": "バス停: 志々久保",
        "name": "志々久保",
        "operator": "事業者不明",
        "ref": "",
        "url": "",
        "url2": ""
      }
    },
    {
      "type": "Feature",
      "geometry": {
        "type": "Point",
        "coordinates": [
          138.7633065,
          35.6474827
        ]
      },
      "properties": {
        "内容": "バス停: 志々久保",
        "name": "志々久保",
        "operator": "事業者不明",
        "ref": "",
        "url": "",
        "url2": ""
      }
    },
    {
      "type": "Feature",
      "geometry": {
        "type": "Point",
        "coordinates": [
          138.7688882,
          35.6435005
        ]
      },
      "properties": {
        "内容": "バス停: 鶴瀬",
        "name": "鶴瀬",
        "operator": "事業者不明",
        "ref": "",
        "url": "",
        "url2": ""
      }
    },
    {
      "type": "Feature",
      "geometry": {
        "type": "Point",
        "coordinates": [
          138.7759531,
          35.6373316
        ]
      },
      "properties": {
        "内容": "バス停: 中央道甲斐大和",
        "name": "中央道甲斐大和",
        "operator": "事業者不明",
        "ref": "",
        "url": "",
        "url2": ""
      }
    },
    {
      "type": "Feature",
      "geometry": {
        "type": "Point",
        "coordinates": [
          138.7729564,
          35.6414403
        ]
      },
      "properties": {
        "内容": "バス停: 笹子峠入口",
        "name": "笹子峠入口",
        "operator": "事業者不明",
        "ref": "",
        "url": "",
        "url2": ""
      }
    },
    {
      "type": "Feature",
      "geometry": {
        "type": "Point",
        "coordinates": [
          138.7761516,
          35.6379333
        ]
      },
      "properties": {
        "内容": "バス停: 中央道甲斐大和",
        "name": "中央道甲斐大和",
        "operator": "事業者不明",
        "ref": "",
        "url": "",
        "url2": ""
      }
    },
    {
      "type": "Feature",
      "geometry": {
        "type": "Point",
        "coordinates": [
          138.7832382,
          35.6397708
        ]
      },
      "properties": {
        "内容": "バス停: 古部入口",
        "name": "古部入口",
        "operator": "事業者不明",
        "ref": "",
        "url": "",
        "url2": ""
      }
    },
    {
      "type": "Feature",
      "geometry": {
        "type": "Point",
        "coordinates": [
          138.7830986,
          35.6395224
        ]
      },
      "properties": {
        "内容": "バス停: 古部入口",
        "name": "古部入口",
        "operator": "事業者不明",
        "ref": "",
        "url": "",
        "url2": ""
      }
    },
    {
      "type": "Feature",
      "geometry": {
        "type": "Point",
        "coordinates": [
          138.7786945,
          35.6395355
        ]
      },
      "properties": {
        "内容": "バス停: 大和小学校",
        "name": "大和小学校",
        "operator": "事業者不明",
        "ref": "",
        "url": "",
        "url2": ""
      }
    },
    {
      "type": "Feature",
      "geometry": {
        "type": "Point",
        "coordinates": [
          138.7700911,
          35.6366826
        ]
      },
      "properties": {
        "内容": "バス停: 日影",
        "name": "日影",
        "operator": "事業者不明",
        "ref": "",
        "url": "",
        "url2": ""
      }
    },
    {
      "type": "Feature",
      "geometry": {
        "type": "Point",
        "coordinates": [
          138.7691146,
          35.6347596
        ]
      },
      "properties": {
        "内容": "バス停: 日影上",
        "name": "日影上",
        "operator": "事業者不明",
        "ref": "",
        "url": "",
        "url2": ""
      }
    },
    {
      "type": "Feature",
      "geometry": {
        "type": "Point",
        "coordinates": [
          138.7882243,
          35.6405818
        ]
      },
      "properties": {
        "内容": "バス停: 舟郷橋",
        "name": "舟郷橋",
        "operator": "事業者不明",
        "ref": "",
        "url": "",
        "url2": ""
      }
    },
    {
      "type": "Feature",
      "geometry": {
        "type": "Point",
        "coordinates": [
          138.7912176,
          35.6402788
        ]
      },
      "properties": {
        "内容": "バス停: 水野田・丸林",
        "name": "水野田・丸林",
        "operator": "事業者不明",
        "ref": "",
        "url": "",
        "url2": ""
      }
    },
    {
      "type": "Feature",
      "geometry": {
        "type": "Point",
        "coordinates": [
          138.7919241,
          35.6402702
        ]
      },
      "properties": {
        "内容": "バス停: 水野田・丸林",
        "name": "水野田・丸林",
        "operator": "事業者不明",
        "ref": "",
        "url": "",
        "url2": ""
      }
    },
    {
      "type": "Feature",
      "geometry": {
        "type": "Point",
        "coordinates": [
          138.8152647,
          35.6579313
        ]
      },
      "properties": {
        "内容": "バス停: やまと天目山温泉",
        "name": "やまと天目山温泉",
        "operator": "事業者不明",
        "ref": "",
        "url": "",
        "url2": ""
      }
    },
    {
      "type": "Feature",
      "geometry": {
        "type": "Point",
        "coordinates": [
          138.814923,
          35.6513711
        ]
      },
      "properties": {
        "内容": "バス停: 日川渓谷",
        "name": "日川渓谷",
        "operator": "事業者不明",
        "ref": "",
        "url": "",
        "url2": ""
      }
    },
    {
      "type": "Feature",
      "geometry": {
        "type": "Point",
        "coordinates": [
          138.8012276,
          35.6404968
        ]
      },
      "properties": {
        "内容": "バス停: 景徳院入口",
        "name": "景徳院入口",
        "operator": "事業者不明",
        "ref": "",
        "url": "",
        "url2": ""
      }
    },
    {
      "type": "Feature",
      "geometry": {
        "type": "Point",
        "coordinates": [
          138.8116158,
          35.6476388
        ]
      },
      "properties": {
        "内容": "バス停: 竜門峡入口",
        "name": "竜門峡入口",
        "operator": "事業者不明",
        "ref": "",
        "url": "",
        "url2": ""
      }
    },
    {
      "type": "Feature",
      "geometry": {
        "type": "Point",
        "coordinates": [
          138.8114817,
          35.6475364
        ]
      },
      "properties": {
        "内容": "バス停: 竜門峡入口",
        "name": "竜門峡入口",
        "operator": "事業者不明",
        "ref": "",
        "url": "",
        "url2": ""
      }
    },
    {
      "type": "Feature",
      "geometry": {
        "type": "Point",
        "coordinates": [
          138.8052187,
          35.6433741
        ]
      },
      "properties": {
        "内容": "バス停: 下の平",
        "name": "下の平",
        "operator": "事業者不明",
        "ref": "",
        "url": "",
        "url2": ""
      }
    },
    {
      "type": "Feature",
      "geometry": {
        "type": "Point",
        "coordinates": [
          138.8094165,
          35.645538
        ]
      },
      "properties": {
        "内容": "バス停: 福祉センター",
        "name": "福祉センター",
        "operator": "事業者不明",
        "ref": "",
        "url": "",
        "url2": ""
      }
    },
    {
      "type": "Feature",
      "geometry": {
        "type": "Point",
        "coordinates": [
          138.8096249,
          35.6457958
        ]
      },
      "properties": {
        "内容": "バス停: 福祉センター",
        "name": "福祉センター",
        "operator": "事業者不明",
        "ref": "",
        "url": "",
        "url2": ""
      }
    },
    {
      "type": "Feature",
      "geometry": {
        "type": "Point",
        "coordinates": [
          138.7771741,
          35.6397592
        ]
      },
      "properties": {
        "内容": "バス停: 歯科診療所",
        "name": "歯科診療所",
        "operator": "事業者不明",
        "ref": "",
        "url": "",
        "url2": ""
      }
    },
    {
      "type": "Feature",
      "geometry": {
        "type": "Point",
        "coordinates": [
          138.899054,
          35.415707
        ]
      },
      "properties": {
        "内容": "バス停: 名称不明バス停",
        "name": "名称不明バス停",
        "operator": "事業者不明",
        "ref": "",
        "url": "",
        "url2": ""
      }
    },
    {
      "type": "Feature",
      "geometry": {
        "type": "Point",
        "coordinates": [
          138.9931141,
          35.5052017
        ]
      },
      "properties": {
        "内容": "バス停: 子埜神社前",
        "name": "子埜神社前",
        "operator": "事業者不明",
        "ref": "",
        "url": "",
        "url2": ""
      }
    },
    {
      "type": "Feature",
      "geometry": {
        "type": "Point",
        "coordinates": [
          139.1076225,
          35.5364055
        ]
      },
      "properties": {
        "内容": "バス停: 子沢橋",
        "name": "子沢橋",
        "operator": "事業者不明",
        "ref": "",
        "url": "",
        "url2": ""
      }
    },
    {
      "type": "Feature",
      "geometry": {
        "type": "Point",
        "coordinates": [
          138.980933,
          35.495181
        ]
      },
      "properties": {
        "内容": "バス停: 津島神社前",
        "name": "津島神社前",
        "operator": "事業者不明",
        "ref": "",
        "url": "",
        "url2": ""
      }
    },
    {
      "type": "Feature",
      "geometry": {
        "type": "Point",
        "coordinates": [
          139.109437,
          35.534942
        ]
      },
      "properties": {
        "内容": "バス停: 神の川入口",
        "name": "神の川入口",
        "operator": "事業者不明",
        "ref": "",
        "url": "",
        "url2": ""
      }
    },
    {
      "type": "Feature",
      "geometry": {
        "type": "Point",
        "coordinates": [
          139.01366,
          35.515766
        ]
      },
      "properties": {
        "内容": "バス停: 局前",
        "name": "局前",
        "operator": "事業者不明",
        "ref": "",
        "url": "",
        "url2": ""
      }
    },
    {
      "type": "Feature",
      "geometry": {
        "type": "Point",
        "coordinates": [
          139.026454,
          35.52608
        ]
      },
      "properties": {
        "内容": "バス停: 的場下",
        "name": "的場下",
        "operator": "事業者不明",
        "ref": "",
        "url": "",
        "url2": ""
      }
    },
    {
      "type": "Feature",
      "geometry": {
        "type": "Point",
        "coordinates": [
          139.016391,
          35.517898
        ]
      },
      "properties": {
        "内容": "バス停: 駐在所前",
        "name": "駐在所前",
        "operator": "事業者不明",
        "ref": "",
        "url": "",
        "url2": ""
      }
    },
    {
      "type": "Feature",
      "geometry": {
        "type": "Point",
        "coordinates": [
          139.0203521,
          35.5198803
        ]
      },
      "properties": {
        "内容": "バス停: 村営谷相住宅前",
        "name": "村営谷相住宅前",
        "operator": "事業者不明",
        "ref": "",
        "url": "",
        "url2": ""
      }
    },
    {
      "type": "Feature",
      "geometry": {
        "type": "Point",
        "coordinates": [
          139.0517786,
          35.5327315
        ]
      },
      "properties": {
        "内容": "バス停: 小善地",
        "name": "小善地",
        "operator": "事業者不明",
        "ref": "",
        "url": "",
        "url2": ""
      }
    },
    {
      "type": "Feature",
      "geometry": {
        "type": "Point",
        "coordinates": [
          139.0890458,
          35.5353015
        ]
      },
      "properties": {
        "内容": "バス停: 野原",
        "name": "野原",
        "operator": "事業者不明",
        "ref": "",
        "url": "",
        "url2": ""
      }
    },
    {
      "type": "Feature",
      "geometry": {
        "type": "Point",
        "coordinates": [
          139.0964724,
          35.5317855
        ]
      },
      "properties": {
        "内容": "バス停: 中沢",
        "name": "中沢",
        "operator": "事業者不明",
        "ref": "",
        "url": "",
        "url2": ""
      }
    },
    {
      "type": "Feature",
      "geometry": {
        "type": "Point",
        "coordinates": [
          139.0962972,
          35.5302785
        ]
      },
      "properties": {
        "内容": "バス停: 大渡",
        "name": "大渡",
        "operator": "事業者不明",
        "ref": "",
        "url": "",
        "url2": ""
      }
    },
    {
      "type": "Feature",
      "geometry": {
        "type": "Point",
        "coordinates": [
          139.101616,
          35.5296
        ]
      },
      "properties": {
        "内容": "バス停: 月夜野キャンプ場入口",
        "name": "月夜野キャンプ場入口",
        "operator": "事業者不明",
        "ref": "",
        "url": "",
        "url2": ""
      }
    },
    {
      "type": "Feature",
      "geometry": {
        "type": "Point",
        "coordinates": [
          139.11242,
          35.537655
        ]
      },
      "properties": {
        "内容": "バス停: 月夜野桟道橋",
        "name": "月夜野桟道橋",
        "operator": "事業者不明",
        "ref": "",
        "url": "",
        "url2": ""
      }
    },
    {
      "type": "Feature",
      "geometry": {
        "type": "Point",
        "coordinates": [
          138.6385212,
          35.6501232
        ]
      },
      "properties": {
        "内容": "バス停: 石和",
        "name": "石和",
        "operator": "事業者不明",
        "ref": "",
        "url": "",
        "url2": ""
      }
    },
    {
      "type": "Feature",
      "geometry": {
        "type": "Point",
        "coordinates": [
          138.7344393,
          35.7051349
        ]
      },
      "properties": {
        "内容": "バス停: 塩山駅南口",
        "name": "塩山駅南口",
        "operator": "事業者不明",
        "ref": "",
        "url": "",
        "url2": ""
      }
    },
    {
      "type": "Feature",
      "geometry": {
        "type": "Point",
        "coordinates": [
          138.7305502,
          35.7051805
        ]
      },
      "properties": {
        "内容": "バス停: 上於曽",
        "name": "上於曽",
        "operator": "事業者不明",
        "ref": "",
        "url": "",
        "url2": ""
      }
    },
    {
      "type": "Feature",
      "geometry": {
        "type": "Point",
        "coordinates": [
          138.7297429,
          35.7048973
        ]
      },
      "properties": {
        "内容": "バス停: 甲州市役所",
        "name": "甲州市役所",
        "operator": "事業者不明",
        "ref": "",
        "url": "",
        "url2": ""
      }
    },
    {
      "type": "Feature",
      "geometry": {
        "type": "Point",
        "coordinates": [
          138.7296329,
          35.7050367
        ]
      },
      "properties": {
        "内容": "バス停: 甲州市役所",
        "name": "甲州市役所",
        "operator": "事業者不明",
        "ref": "",
        "url": "",
        "url2": ""
      }
    },
    {
      "type": "Feature",
      "geometry": {
        "type": "Point",
        "coordinates": [
          138.7297241,
          35.7072953
        ]
      },
      "properties": {
        "内容": "バス停: 本町",
        "name": "本町",
        "operator": "事業者不明",
        "ref": "",
        "url": "",
        "url2": ""
      }
    },
    {
      "type": "Feature",
      "geometry": {
        "type": "Point",
        "coordinates": [
          138.7308345,
          35.7093339
        ]
      },
      "properties": {
        "内容": "バス停: 塩山温泉",
        "name": "塩山温泉",
        "operator": "事業者不明",
        "ref": "",
        "url": "",
        "url2": ""
      }
    },
    {
      "type": "Feature",
      "geometry": {
        "type": "Point",
        "coordinates": [
          138.7328698,
          35.7112799
        ]
      },
      "properties": {
        "内容": "バス停: 千野下",
        "name": "千野下",
        "operator": "事業者不明",
        "ref": "",
        "url": "",
        "url2": ""
      }
    },
    {
      "type": "Feature",
      "geometry": {
        "type": "Point",
        "coordinates": [
          138.7353928,
          35.7138177
        ]
      },
      "properties": {
        "内容": "バス停: 千野",
        "name": "千野",
        "operator": "事業者不明",
        "ref": "",
        "url": "",
        "url2": ""
      }
    },
    {
      "type": "Feature",
      "geometry": {
        "type": "Point",
        "coordinates": [
          138.7378015,
          35.7152528
        ]
      },
      "properties": {
        "内容": "バス停: 千野駐在所",
        "name": "千野駐在所",
        "operator": "事業者不明",
        "ref": "",
        "url": "",
        "url2": ""
      }
    },
    {
      "type": "Feature",
      "geometry": {
        "type": "Point",
        "coordinates": [
          138.7390095,
          35.7166496
        ]
      },
      "properties": {
        "内容": "バス停: 千野橋",
        "name": "千野橋",
        "operator": "事業者不明",
        "ref": "",
        "url": "",
        "url2": ""
      }
    },
    {
      "type": "Feature",
      "geometry": {
        "type": "Point",
        "coordinates": [
          138.7419177,
          35.7181359
        ]
      },
      "properties": {
        "内容": "バス停: 千野橋上",
        "name": "千野橋上",
        "operator": "事業者不明",
        "ref": "",
        "url": "",
        "url2": ""
      }
    },
    {
      "type": "Feature",
      "geometry": {
        "type": "Point",
        "coordinates": [
          138.7449486,
          35.7197495
        ]
      },
      "properties": {
        "内容": "バス停: 粟生野原",
        "name": "粟生野原",
        "operator": "事業者不明",
        "ref": "",
        "url": "",
        "url2": ""
      }
    },
    {
      "type": "Feature",
      "geometry": {
        "type": "Point",
        "coordinates": [
          138.7467966,
          35.7206968
        ]
      },
      "properties": {
        "内容": "バス停: 西原",
        "name": "西原",
        "operator": "事業者不明",
        "ref": "",
        "url": "",
        "url2": ""
      }
    },
    {
      "type": "Feature",
      "geometry": {
        "type": "Point",
        "coordinates": [
          138.7497247,
          35.7212164
        ]
      },
      "properties": {
        "内容": "バス停: 室屋入口",
        "name": "室屋入口",
        "operator": "事業者不明",
        "ref": "",
        "url": "",
        "url2": ""
      }
    },
    {
      "type": "Feature",
      "geometry": {
        "type": "Point",
        "coordinates": [
          138.7562212,
          35.7256928
        ]
      },
      "properties": {
        "内容": "バス停: 重郎原",
        "name": "重郎原",
        "operator": "事業者不明",
        "ref": "",
        "url": "",
        "url2": ""
      }
    },
    {
      "type": "Feature",
      "geometry": {
        "type": "Point",
        "coordinates": [
          138.7640552,
          35.7277641
        ]
      },
      "properties": {
        "内容": "バス停: 二子山入口",
        "name": "二子山入口",
        "operator": "事業者不明",
        "ref": "",
        "url": "",
        "url2": ""
      }
    },
    {
      "type": "Feature",
      "geometry": {
        "type": "Point",
        "coordinates": [
          138.7687953,
          35.7284315
        ]
      },
      "properties": {
        "内容": "バス停: 小田原橋",
        "name": "小田原橋",
        "operator": "事業者不明",
        "ref": "",
        "url": "",
        "url2": ""
      }
    },
    {
      "type": "Feature",
      "geometry": {
        "type": "Point",
        "coordinates": [
          138.7724742,
          35.7311144
        ]
      },
      "properties": {
        "内容": "バス停: 神金保育所",
        "name": "神金保育所",
        "operator": "事業者不明",
        "ref": "",
        "url": "",
        "url2": ""
      }
    },
    {
      "type": "Feature",
      "geometry": {
        "type": "Point",
        "coordinates": [
          138.7755104,
          35.7311427
        ]
      },
      "properties": {
        "内容": "バス停: 上小田原",
        "name": "上小田原",
        "operator": "事業者不明",
        "ref": "",
        "url": "",
        "url2": ""
      }
    },
    {
      "type": "Feature",
      "geometry": {
        "type": "Point",
        "coordinates": [
          138.7812021,
          35.7321138
        ]
      },
      "properties": {
        "内容": "バス停: 天狗沢橋",
        "name": "天狗沢橋",
        "operator": "事業者不明",
        "ref": "",
        "url": "",
        "url2": ""
      }
    },
    {
      "type": "Feature",
      "geometry": {
        "type": "Point",
        "coordinates": [
          138.7866899,
          35.7334746
        ]
      },
      "properties": {
        "内容": "バス停: 小松尾",
        "name": "小松尾",
        "operator": "事業者不明",
        "ref": "",
        "url": "",
        "url2": ""
      }
    },
    {
      "type": "Feature",
      "geometry": {
        "type": "Point",
        "coordinates": [
          138.8001573,
          35.7374436
        ]
      },
      "properties": {
        "内容": "バス停: 黒門",
        "name": "黒門",
        "operator": "事業者不明",
        "ref": "",
        "url": "",
        "url2": ""
      }
    },
    {
      "type": "Feature",
      "geometry": {
        "type": "Point",
        "coordinates": [
          138.7969207,
          35.7345759
        ]
      },
      "properties": {
        "内容": "バス停: 大菩薩の湯",
        "name": "大菩薩の湯",
        "operator": "事業者不明",
        "ref": "",
        "url": "",
        "url2": ""
      }
    },
    {
      "type": "Feature",
      "geometry": {
        "type": "Point",
        "coordinates": [
          138.6832037,
          35.6852778
        ]
      },
      "properties": {
        "内容": "バス停: 山梨市駅 (山梨市営バス)",
        "name": "山梨市駅",
        "operator": "山梨市営バス",
        "ref": "",
        "url": "",
        "url2": ""
      }
    },
    {
      "type": "Feature",
      "geometry": {
        "type": "Point",
        "coordinates": [
          138.6775299,
          35.6868498
        ]
      },
      "properties": {
        "内容": "バス停: 万力公園 (山梨市営バス)",
        "name": "万力公園",
        "operator": "山梨市営バス",
        "ref": "",
        "url": "",
        "url2": ""
      }
    },
    {
      "type": "Feature",
      "geometry": {
        "type": "Point",
        "coordinates": [
          138.6673172,
          35.7017831
        ]
      },
      "properties": {
        "内容": "バス停: 笛吹川フルーツ公園 (山梨市営バス)",
        "name": "笛吹川フルーツ公園",
        "operator": "山梨市営バス",
        "ref": "",
        "url": "",
        "url2": ""
      }
    },
    {
      "type": "Feature",
      "geometry": {
        "type": "Point",
        "coordinates": [
          138.6623686,
          35.7046946
        ]
      },
      "properties": {
        "内容": "バス停: フルーツセンター (山梨市営バス)",
        "name": "フルーツセンター",
        "operator": "山梨市営バス",
        "ref": "",
        "url": "",
        "url2": ""
      }
    },
    {
      "type": "Feature",
      "geometry": {
        "type": "Point",
        "coordinates": [
          139.1166168,
          35.6184046
        ]
      },
      "properties": {
        "内容": "バス停: 上野原駅 (富士急バス)",
        "name": "上野原駅",
        "operator": "富士急バス",
        "ref": "",
        "url": "",
        "url2": ""
      }
    },
    {
      "type": "Feature",
      "geometry": {
        "type": "Point",
        "coordinates": [
          139.0272312,
          35.5714677
        ]
      },
      "properties": {
        "内容": "バス停: 無生野 (富士急山梨バス)",
        "name": "無生野",
        "operator": "富士急山梨バス",
        "ref": "",
        "url": "",
        "url2": ""
      }
    },
    {
      "type": "Feature",
      "geometry": {
        "type": "Point",
        "coordinates": [
          139.0418209,
          35.5302709
        ]
      },
      "properties": {
        "内容": "バス停: 道志小学校前 (富士急バス)",
        "name": "道志小学校前",
        "operator": "富士急バス",
        "ref": "",
        "url": "",
        "url2": ""
      }
    },
    {
      "type": "Feature",
      "geometry": {
        "type": "Point",
        "coordinates": [
          138.8763018,
          35.4068972
        ]
      },
      "properties": {
        "内容": "バス停: 山中湖旭日丘 (富士急バス)",
        "name": "山中湖旭日丘",
        "operator": "富士急バス",
        "ref": "",
        "url": "",
        "url2": "Q11511789"
      }
    },
    {
      "type": "Feature",
      "geometry": {
        "type": "Point",
        "coordinates": [
          138.6504469,
          35.6411488
        ]
      },
      "properties": {
        "内容": "バス停: 山梨県立博物館 (富士急バス)",
        "name": "山梨県立博物館",
        "operator": "富士急バス",
        "ref": "",
        "url": "",
        "url2": ""
      }
    },
    {
      "type": "Feature",
      "geometry": {
        "type": "Point",
        "coordinates": [
          138.619068,
          35.485549
        ]
      },
      "properties": {
        "内容": "バス停: 赤池",
        "name": "赤池",
        "operator": "事業者不明",
        "ref": "",
        "url": "",
        "url2": ""
      }
    },
    {
      "type": "Feature",
      "geometry": {
        "type": "Point",
        "coordinates": [
          138.6185771,
          35.4854823
        ]
      },
      "properties": {
        "内容": "バス停: 赤池",
        "name": "赤池",
        "operator": "事業者不明",
        "ref": "",
        "url": "",
        "url2": ""
      }
    },
    {
      "type": "Feature",
      "geometry": {
        "type": "Point",
        "coordinates": [
          138.718456,
          35.504183
        ]
      },
      "properties": {
        "内容": "バス停: 平浜橋",
        "name": "平浜橋",
        "operator": "事業者不明",
        "ref": "",
        "url": "",
        "url2": ""
      }
    },
    {
      "type": "Feature",
      "geometry": {
        "type": "Point",
        "coordinates": [
          138.744389,
          35.523328
        ]
      },
      "properties": {
        "内容": "バス停: あけぼの荘前",
        "name": "あけぼの荘前",
        "operator": "事業者不明",
        "ref": "",
        "url": "",
        "url2": ""
      }
    },
    {
      "type": "Feature",
      "geometry": {
        "type": "Point",
        "coordinates": [
          138.7040327,
          35.7100089
        ]
      },
      "properties": {
        "内容": "バス停: 七日子神社",
        "name": "七日子神社",
        "operator": "事業者不明",
        "ref": "",
        "url": "",
        "url2": ""
      }
    },
    {
      "type": "Feature",
      "geometry": {
        "type": "Point",
        "coordinates": [
          138.6048343,
          35.6015673
        ]
      },
      "properties": {
        "内容": "バス停: 中央道境川",
        "name": "中央道境川",
        "operator": "事業者不明",
        "ref": "",
        "url": "",
        "url2": ""
      }
    },
    {
      "type": "Feature",
      "geometry": {
        "type": "Point",
        "coordinates": [
          138.7258635,
          35.7026223
        ]
      },
      "properties": {
        "内容": "バス停: 青橋",
        "name": "青橋",
        "operator": "事業者不明",
        "ref": "",
        "url": "",
        "url2": ""
      }
    },
    {
      "type": "Feature",
      "geometry": {
        "type": "Point",
        "coordinates": [
          138.7257011,
          35.7025357
        ]
      },
      "properties": {
        "内容": "バス停: 青橋",
        "name": "青橋",
        "operator": "事業者不明",
        "ref": "",
        "url": "",
        "url2": ""
      }
    },
    {
      "type": "Feature",
      "geometry": {
        "type": "Point",
        "coordinates": [
          138.7242337,
          35.6997742
        ]
      },
      "properties": {
        "内容": "バス停: 下於曽西",
        "name": "下於曽西",
        "operator": "事業者不明",
        "ref": "",
        "url": "",
        "url2": ""
      }
    },
    {
      "type": "Feature",
      "geometry": {
        "type": "Point",
        "coordinates": [
          138.7211848,
          35.6953567
        ]
      },
      "properties": {
        "内容": "バス停: 塩山市民病院",
        "name": "塩山市民病院",
        "operator": "事業者不明",
        "ref": "",
        "url": "",
        "url2": ""
      }
    },
    {
      "type": "Feature",
      "geometry": {
        "type": "Point",
        "coordinates": [
          138.6714847,
          35.4944385
        ]
      },
      "properties": {
        "内容": "バス停: 名称不明バス停",
        "name": "名称不明バス停",
        "operator": "事業者不明",
        "ref": "",
        "url": "",
        "url2": ""
      }
    },
    {
      "type": "Feature",
      "geometry": {
        "type": "Point",
        "coordinates": [
          138.566196,
          35.66707
        ]
      },
      "properties": {
        "内容": "バス停: 丸の内二丁目北",
        "name": "丸の内二丁目北",
        "operator": "事業者不明",
        "ref": "",
        "url": "",
        "url2": ""
      }
    },
    {
      "type": "Feature",
      "geometry": {
        "type": "Point",
        "coordinates": [
          138.5661,
          35.667009
        ]
      },
      "properties": {
        "内容": "バス停: 丸の内二丁目北",
        "name": "丸の内二丁目北",
        "operator": "事業者不明",
        "ref": "",
        "url": "",
        "url2": ""
      }
    },
    {
      "type": "Feature",
      "geometry": {
        "type": "Point",
        "coordinates": [
          138.5698497,
          35.6612894
        ]
      },
      "properties": {
        "内容": "バス停: 山梨中央銀行本店前",
        "name": "山梨中央銀行本店前",
        "operator": "事業者不明",
        "ref": "",
        "url": "",
        "url2": ""
      }
    },
    {
      "type": "Feature",
      "geometry": {
        "type": "Point",
        "coordinates": [
          138.570854,
          35.661241
        ]
      },
      "properties": {
        "内容": "バス停: 常盤通り",
        "name": "常盤通り",
        "operator": "事業者不明",
        "ref": "",
        "url": "",
        "url2": ""
      }
    },
    {
      "type": "Feature",
      "geometry": {
        "type": "Point",
        "coordinates": [
          138.5687301,
          35.662011
        ]
      },
      "properties": {
        "内容": "バス停: 甲府市役所東",
        "name": "甲府市役所東",
        "operator": "事業者不明",
        "ref": "",
        "url": "",
        "url2": ""
      }
    },
    {
      "type": "Feature",
      "geometry": {
        "type": "Point",
        "coordinates": [
          138.567808,
          35.662152
        ]
      },
      "properties": {
        "内容": "バス停: 甲府市役所 (山梨交通)",
        "name": "甲府市役所",
        "operator": "山梨交通",
        "ref": "",
        "url": "",
        "url2": ""
      }
    },
    {
      "type": "Feature",
      "geometry": {
        "type": "Point",
        "coordinates": [
          138.568296,
          35.661513
        ]
      },
      "properties": {
        "内容": "バス停: 甲府警察署",
        "name": "甲府警察署",
        "operator": "事業者不明",
        "ref": "",
        "url": "",
        "url2": ""
      }
    },
    {
      "type": "Feature",
      "geometry": {
        "type": "Point",
        "coordinates": [
          138.8321208,
          35.7318899
        ]
      },
      "properties": {
        "内容": "バス停: 上日川峠",
        "name": "上日川峠",
        "operator": "事業者不明",
        "ref": "",
        "url": "",
        "url2": ""
      }
    },
    {
      "type": "Feature",
      "geometry": {
        "type": "Point",
        "coordinates": [
          138.4504317,
          35.7111456
        ]
      },
      "properties": {
        "内容": "バス停: 韮崎駅",
        "name": "韮崎駅",
        "operator": "事業者不明",
        "ref": "",
        "url": "",
        "url2": ""
      }
    },
    {
      "type": "Feature",
      "geometry": {
        "type": "Point",
        "coordinates": [
          138.6662262,
          35.7001056
        ]
      },
      "properties": {
        "内容": "バス停: フルーツアドベンチャー",
        "name": "フルーツアドベンチャー",
        "operator": "事業者不明",
        "ref": "",
        "url": "",
        "url2": ""
      }
    },
    {
      "type": "Feature",
      "geometry": {
        "type": "Point",
        "coordinates": [
          138.6651369,
          35.7014695
        ]
      },
      "properties": {
        "内容": "バス停: 名称不明バス停",
        "name": "名称不明バス停",
        "operator": "事業者不明",
        "ref": "",
        "url": "",
        "url2": ""
      }
    },
    {
      "type": "Feature",
      "geometry": {
        "type": "Point",
        "coordinates": [
          138.6647955,
          35.7022733
        ]
      },
      "properties": {
        "内容": "バス停: 名称不明バス停",
        "name": "名称不明バス停",
        "operator": "事業者不明",
        "ref": "",
        "url": "",
        "url2": ""
      }
    },
    {
      "type": "Feature",
      "geometry": {
        "type": "Point",
        "coordinates": [
          138.6682679,
          35.7021611
        ]
      },
      "properties": {
        "内容": "バス停: 第1駐車場",
        "name": "第1駐車場",
        "operator": "事業者不明",
        "ref": "",
        "url": "",
        "url2": ""
      }
    },
    {
      "type": "Feature",
      "geometry": {
        "type": "Point",
        "coordinates": [
          138.6693258,
          35.7016987
        ]
      },
      "properties": {
        "内容": "バス停: 名称不明バス停",
        "name": "名称不明バス停",
        "operator": "事業者不明",
        "ref": "",
        "url": "",
        "url2": ""
      }
    },
    {
      "type": "Feature",
      "geometry": {
        "type": "Point",
        "coordinates": [
          138.6627598,
          35.7047771
        ]
      },
      "properties": {
        "内容": "バス停: フルーツセンター (笛吹川フルーツロードトレイン)",
        "name": "フルーツセンター",
        "operator": "笛吹川フルーツロードトレイン",
        "ref": "",
        "url": "",
        "url2": ""
      }
    },
    {
      "type": "Feature",
      "geometry": {
        "type": "Point",
        "coordinates": [
          138.6904555,
          35.7039258
        ]
      },
      "properties": {
        "内容": "バス停: 名称不明バス停",
        "name": "名称不明バス停",
        "operator": "事業者不明",
        "ref": "",
        "url": "",
        "url2": ""
      }
    },
    {
      "type": "Feature",
      "geometry": {
        "type": "Point",
        "coordinates": [
          138.6880442,
          35.7022334
        ]
      },
      "properties": {
        "内容": "バス停: 名称不明バス停",
        "name": "名称不明バス停",
        "operator": "事業者不明",
        "ref": "",
        "url": "",
        "url2": ""
      }
    },
    {
      "type": "Feature",
      "geometry": {
        "type": "Point",
        "coordinates": [
          138.7049463,
          35.6968569
        ]
      },
      "properties": {
        "内容": "バス停: 名称不明バス停",
        "name": "名称不明バス停",
        "operator": "事業者不明",
        "ref": "",
        "url": "",
        "url2": ""
      }
    },
    {
      "type": "Feature",
      "geometry": {
        "type": "Point",
        "coordinates": [
          138.7024339,
          35.6999354
        ]
      },
      "properties": {
        "内容": "バス停: 名称不明バス停",
        "name": "名称不明バス停",
        "operator": "事業者不明",
        "ref": "",
        "url": "",
        "url2": ""
      }
    },
    {
      "type": "Feature",
      "geometry": {
        "type": "Point",
        "coordinates": [
          138.6998888,
          35.7036471
        ]
      },
      "properties": {
        "内容": "バス停: 名称不明バス停",
        "name": "名称不明バス停",
        "operator": "事業者不明",
        "ref": "",
        "url": "",
        "url2": ""
      }
    },
    {
      "type": "Feature",
      "geometry": {
        "type": "Point",
        "coordinates": [
          138.6921217,
          35.6943793
        ]
      },
      "properties": {
        "内容": "バス停: 小原四つ角 (山梨市)",
        "name": "小原四つ角",
        "operator": "山梨市",
        "ref": "",
        "url": "",
        "url2": ""
      }
    },
    {
      "type": "Feature",
      "geometry": {
        "type": "Point",
        "coordinates": [
          138.7089882,
          35.7299043
        ]
      },
      "properties": {
        "内容": "バス停: 名称不明バス停",
        "name": "名称不明バス停",
        "operator": "事業者不明",
        "ref": "",
        "url": "",
        "url2": ""
      }
    },
    {
      "type": "Feature",
      "geometry": {
        "type": "Point",
        "coordinates": [
          138.6490753,
          35.7469923
        ]
      },
      "properties": {
        "内容": "バス停: 名称不明バス停",
        "name": "名称不明バス停",
        "operator": "事業者不明",
        "ref": "",
        "url": "",
        "url2": ""
      }
    },
    {
      "type": "Feature",
      "geometry": {
        "type": "Point",
        "coordinates": [
          138.5211792,
          35.6683595
        ]
      },
      "properties": {
        "内容": "バス停: 高速バスステーション",
        "name": "高速バスステーション",
        "operator": "事業者不明",
        "ref": "",
        "url": "",
        "url2": ""
      }
    },
    {
      "type": "Feature",
      "geometry": {
        "type": "Point",
        "coordinates": [
          138.5198901,
          35.6685444
        ]
      },
      "properties": {
        "内容": "バス停: 竜王駅",
        "name": "竜王駅",
        "operator": "事業者不明",
        "ref": "",
        "url": "",
        "url2": ""
      }
    },
    {
      "type": "Feature",
      "geometry": {
        "type": "Point",
        "coordinates": [
          138.795158,
          35.472938
        ]
      },
      "properties": {
        "内容": "バス停: 浅間神社前",
        "name": "浅間神社前",
        "operator": "事業者不明",
        "ref": "",
        "url": "",
        "url2": ""
      }
    },
    {
      "type": "Feature",
      "geometry": {
        "type": "Point",
        "coordinates": [
          138.7986,
          35.469508
        ]
      },
      "properties": {
        "内容": "バス停: 新屋会館前",
        "name": "新屋会館前",
        "operator": "事業者不明",
        "ref": "",
        "url": "",
        "url2": ""
      }
    },
    {
      "type": "Feature",
      "geometry": {
        "type": "Point",
        "coordinates": [
          138.803347,
          35.485059
        ]
      },
      "properties": {
        "内容": "バス停: お茶屋町西",
        "name": "お茶屋町西",
        "operator": "事業者不明",
        "ref": "",
        "url": "",
        "url2": ""
      }
    },
    {
      "type": "Feature",
      "geometry": {
        "type": "Point",
        "coordinates": [
          138.798052,
          35.487627
        ]
      },
      "properties": {
        "内容": "バス停: 松山一丁目",
        "name": "松山一丁目",
        "operator": "事業者不明",
        "ref": "",
        "url": "",
        "url2": ""
      }
    },
    {
      "type": "Feature",
      "geometry": {
        "type": "Point",
        "coordinates": [
          138.801895,
          35.466709
        ]
      },
      "properties": {
        "内容": "バス停: 新屋",
        "name": "新屋",
        "operator": "事業者不明",
        "ref": "",
        "url": "",
        "url2": ""
      }
    },
    {
      "type": "Feature",
      "geometry": {
        "type": "Point",
        "coordinates": [
          138.799348,
          35.470487
        ]
      },
      "properties": {
        "内容": "バス停: 新屋公民館入口",
        "name": "新屋公民館入口",
        "operator": "事業者不明",
        "ref": "",
        "url": "",
        "url2": ""
      }
    },
    {
      "type": "Feature",
      "geometry": {
        "type": "Point",
        "coordinates": [
          138.80831,
          35.476432
        ]
      },
      "properties": {
        "内容": "バス停: 桂橋",
        "name": "桂橋",
        "operator": "事業者不明",
        "ref": "113",
        "url": "",
        "url2": ""
      }
    },
    {
      "type": "Feature",
      "geometry": {
        "type": "Point",
        "coordinates": [
          138.774348,
          35.509934
        ]
      },
      "properties": {
        "内容": "バス停: 浅川 (10)",
        "name": "浅川 (10)",
        "operator": "事業者不明",
        "ref": "",
        "url": "",
        "url2": ""
      }
    },
    {
      "type": "Feature",
      "geometry": {
        "type": "Point",
        "coordinates": [
          138.7785273,
          35.4934972
        ]
      },
      "properties": {
        "内容": "バス停: 渡辺整形 外科前",
        "name": "渡辺整形 外科前",
        "operator": "事業者不明",
        "ref": "103",
        "url": "",
        "url2": ""
      }
    },
    {
      "type": "Feature",
      "geometry": {
        "type": "Point",
        "coordinates": [
          138.769887,
          35.503344
        ]
      },
      "properties": {
        "内容": "バス停: みはらし前 (204)",
        "name": "みはらし前 (204)",
        "operator": "事業者不明",
        "ref": "",
        "url": "",
        "url2": ""
      }
    },
    {
      "type": "Feature",
      "geometry": {
        "type": "Point",
        "coordinates": [
          138.7768377,
          35.4954996
        ]
      },
      "properties": {
        "内容": "バス停: 富士見台",
        "name": "富士見台",
        "operator": "事業者不明",
        "ref": "102",
        "url": "",
        "url2": ""
      }
    },
    {
      "type": "Feature",
      "geometry": {
        "type": "Point",
        "coordinates": [
          138.77168,
          35.504398
        ]
      },
      "properties": {
        "内容": "バス停: ロープウェイ入口 (遊覧)",
        "name": "ロープウェイ入口",
        "operator": "遊覧",
        "ref": "",
        "url": "",
        "url2": ""
      }
    },
    {
      "type": "Feature",
      "geometry": {
        "type": "Point",
        "coordinates": [
          138.77049,
          35.535826
        ]
      },
      "properties": {
        "内容": "バス停: 西川橋",
        "name": "西川橋",
        "operator": "事業者不明",
        "ref": "",
        "url": "",
        "url2": ""
      }
    },
    {
      "type": "Feature",
      "geometry": {
        "type": "Point",
        "coordinates": [
          138.7723,
          35.531283
        ]
      },
      "properties": {
        "内容": "バス停: 河口駐在所",
        "name": "河口駐在所",
        "operator": "事業者不明",
        "ref": "",
        "url": "",
        "url2": ""
      }
    },
    {
      "type": "Feature",
      "geometry": {
        "type": "Point",
        "coordinates": [
          138.757338,
          35.581313
        ]
      },
      "properties": {
        "内容": "バス停: 藤の木下",
        "name": "藤の木下",
        "operator": "事業者不明",
        "ref": "",
        "url": "",
        "url2": ""
      }
    },
    {
      "type": "Feature",
      "geometry": {
        "type": "Point",
        "coordinates": [
          138.726823,
          35.590928
        ]
      },
      "properties": {
        "内容": "バス停: 立沢",
        "name": "立沢",
        "operator": "事業者不明",
        "ref": "",
        "url": "",
        "url2": ""
      }
    },
    {
      "type": "Feature",
      "geometry": {
        "type": "Point",
        "coordinates": [
          138.732091,
          35.589356
        ]
      },
      "properties": {
        "内容": "バス停: 立沢上",
        "name": "立沢上",
        "operator": "事業者不明",
        "ref": "",
        "url": "",
        "url2": ""
      }
    },
    {
      "type": "Feature",
      "geometry": {
        "type": "Point",
        "coordinates": [
          138.718327,
          35.59301
        ]
      },
      "properties": {
        "内容": "バス停: 横川",
        "name": "横川",
        "operator": "事業者不明",
        "ref": "",
        "url": "",
        "url2": ""
      }
    },
    {
      "type": "Feature",
      "geometry": {
        "type": "Point",
        "coordinates": [
          138.76368,
          35.57549
        ]
      },
      "properties": {
        "内容": "バス停: 藤の木",
        "name": "藤の木",
        "operator": "事業者不明",
        "ref": "",
        "url": "",
        "url2": ""
      }
    },
    {
      "type": "Feature",
      "geometry": {
        "type": "Point",
        "coordinates": [
          138.7523,
          35.584163
        ]
      },
      "properties": {
        "内容": "バス停: 御坂スキー場",
        "name": "御坂スキー場",
        "operator": "事業者不明",
        "ref": "",
        "url": "",
        "url2": ""
      }
    },
    {
      "type": "Feature",
      "geometry": {
        "type": "Point",
        "coordinates": [
          138.911964,
          35.598839
        ]
      },
      "properties": {
        "内容": "バス停: 大月警察署前",
        "name": "大月警察署前",
        "operator": "事業者不明",
        "ref": "",
        "url": "",
        "url2": ""
      }
    },
    {
      "type": "Feature",
      "geometry": {
        "type": "Point",
        "coordinates": [
          138.921248,
          35.602221
        ]
      },
      "properties": {
        "内容": "バス停: 上花咲",
        "name": "上花咲",
        "operator": "事業者不明",
        "ref": "",
        "url": "",
        "url2": ""
      }
    },
    {
      "type": "Feature",
      "geometry": {
        "type": "Point",
        "coordinates": [
          139.003746,
          35.608722
        ]
      },
      "properties": {
        "内容": "バス停: 鳥沢駅前",
        "name": "鳥沢駅前",
        "operator": "事業者不明",
        "ref": "",
        "url": "",
        "url2": ""
      }
    },
    {
      "type": "Feature",
      "geometry": {
        "type": "Point",
        "coordinates": [
          139.0714989,
          35.6143909
        ]
      },
      "properties": {
        "内容": "バス停: 四方津駅",
        "name": "四方津駅",
        "operator": "事業者不明",
        "ref": "",
        "url": "",
        "url2": ""
      }
    },
    {
      "type": "Feature",
      "geometry": {
        "type": "Point",
        "coordinates": [
          139.099005,
          35.616844
        ]
      },
      "properties": {
        "内容": "バス停: 松留",
        "name": "松留",
        "operator": "事業者不明",
        "ref": "",
        "url": "",
        "url2": ""
      }
    },
    {
      "type": "Feature",
      "geometry": {
        "type": "Point",
        "coordinates": [
          139.117742,
          35.621868
        ]
      },
      "properties": {
        "内容": "バス停: 中央道上野原",
        "name": "中央道上野原",
        "operator": "事業者不明",
        "ref": "",
        "url": "",
        "url2": ""
      }
    },
    {
      "type": "Feature",
      "geometry": {
        "type": "Point",
        "coordinates": [
          138.3622156,
          35.6326876
        ]
      },
      "properties": {
        "内容": "バス停: 芦安駐車場",
        "name": "芦安駐車場",
        "operator": "事業者不明",
        "ref": "",
        "url": "",
        "url2": ""
      }
    },
    {
      "type": "Feature",
      "geometry": {
        "type": "Point",
        "coordinates": [
          139.104558,
          35.629608
        ]
      },
      "properties": {
        "内容": "バス停: 鶴川入口",
        "name": "鶴川入口",
        "operator": "事業者不明",
        "ref": "",
        "url": "",
        "url2": ""
      }
    },
    {
      "type": "Feature",
      "geometry": {
        "type": "Point",
        "coordinates": [
          139.1043283,
          35.6289323
        ]
      },
      "properties": {
        "内容": "バス停: 鶴川入口",
        "name": "鶴川入口",
        "operator": "事業者不明",
        "ref": "",
        "url": "",
        "url2": ""
      }
    },
    {
      "type": "Feature",
      "geometry": {
        "type": "Point",
        "coordinates": [
          138.3250994,
          35.6414438
        ]
      },
      "properties": {
        "内容": "バス停: 観音峡渓谷",
        "name": "観音峡渓谷",
        "operator": "事業者不明",
        "ref": "",
        "url": "",
        "url2": ""
      }
    },
    {
      "type": "Feature",
      "geometry": {
        "type": "Point",
        "coordinates": [
          138.769708,
          35.5219286
        ]
      },
      "properties": {
        "内容": "バス停: Kawaguchiko Music Forest (15)",
        "name": "Kawaguchiko Music Forest (15)",
        "operator": "事業者不明",
        "ref": "",
        "url": "",
        "url2": ""
      }
    },
    {
      "type": "Feature",
      "geometry": {
        "type": "Point",
        "coordinates": [
          138.7572632,
          35.5027435
        ]
      },
      "properties": {
        "内容": "バス停: 名称不明バス停",
        "name": "名称不明バス停",
        "operator": "事業者不明",
        "ref": "",
        "url": "",
        "url2": ""
      }
    },
    {
      "type": "Feature",
      "geometry": {
        "type": "Point",
        "coordinates": [
          138.7585846,
          35.4134648
        ]
      },
      "properties": {
        "内容": "バス停: 馬返",
        "name": "馬返",
        "operator": "事業者不明",
        "ref": "",
        "url": "",
        "url2": ""
      }
    },
    {
      "type": "Feature",
      "geometry": {
        "type": "Point",
        "coordinates": [
          138.5862698,
          35.5950724
        ]
      },
      "properties": {
        "内容": "バス停: 間門",
        "name": "間門",
        "operator": "事業者不明",
        "ref": "",
        "url": "",
        "url2": ""
      }
    },
    {
      "type": "Feature",
      "geometry": {
        "type": "Point",
        "coordinates": [
          138.6036917,
          35.6000264
        ]
      },
      "properties": {
        "内容": "バス停: 中央道境川",
        "name": "中央道境川",
        "operator": "事業者不明",
        "ref": "",
        "url": "",
        "url2": ""
      }
    },
    {
      "type": "Feature",
      "geometry": {
        "type": "Point",
        "coordinates": [
          138.4151142,
          35.9316597
        ]
      },
      "properties": {
        "内容": "バス停: 大沢大橋",
        "name": "大沢大橋",
        "operator": "事業者不明",
        "ref": "",
        "url": "",
        "url2": ""
      }
    },
    {
      "type": "Feature",
      "geometry": {
        "type": "Point",
        "coordinates": [
          138.4375862,
          35.9194857
        ]
      },
      "properties": {
        "内容": "バス停: 清里駅",
        "name": "清里駅",
        "operator": "事業者不明",
        "ref": "",
        "url": "",
        "url2": ""
      }
    },
    {
      "type": "Feature",
      "geometry": {
        "type": "Point",
        "coordinates": [
          138.5125339,
          35.6798042
        ]
      },
      "properties": {
        "内容": "バス停: 中央道双葉東",
        "name": "中央道双葉東",
        "operator": "事業者不明",
        "ref": "",
        "url": "",
        "url2": ""
      }
    },
    {
      "type": "Feature",
      "geometry": {
        "type": "Point",
        "coordinates": [
          138.5105031,
          35.6808395
        ]
      },
      "properties": {
        "内容": "バス停: 中央道双葉東",
        "name": "中央道双葉東",
        "operator": "事業者不明",
        "ref": "",
        "url": "",
        "url2": ""
      }
    },
    {
      "type": "Feature",
      "geometry": {
        "type": "Point",
        "coordinates": [
          138.6353116,
          35.6582282
        ]
      },
      "properties": {
        "内容": "バス停: 名称不明バス停",
        "name": "名称不明バス停",
        "operator": "事業者不明",
        "ref": "",
        "url": "",
        "url2": ""
      }
    },
    {
      "type": "Feature",
      "geometry": {
        "type": "Point",
        "coordinates": [
          139.1171584,
          35.6212293
        ]
      },
      "properties": {
        "内容": "バス停: 中央道上野原",
        "name": "中央道上野原",
        "operator": "事業者不明",
        "ref": "",
        "url": "",
        "url2": ""
      }
    },
    {
      "type": "Feature",
      "geometry": {
        "type": "Point",
        "coordinates": [
          138.90897,
          35.5633046
        ]
      },
      "properties": {
        "内容": "バス停: 中央道都留",
        "name": "中央道都留",
        "operator": "事業者不明",
        "ref": "",
        "url": "",
        "url2": ""
      }
    },
    {
      "type": "Feature",
      "geometry": {
        "type": "Point",
        "coordinates": [
          138.9075805,
          35.5627102
        ]
      },
      "properties": {
        "内容": "バス停: 中央道都留",
        "name": "中央道都留",
        "operator": "事業者不明",
        "ref": "",
        "url": "",
        "url2": ""
      }
    },
    {
      "type": "Feature",
      "geometry": {
        "type": "Point",
        "coordinates": [
          138.6623405,
          35.5015151
        ]
      },
      "properties": {
        "内容": "バス停: 名称不明バス停",
        "name": "名称不明バス停",
        "operator": "事業者不明",
        "ref": "",
        "url": "",
        "url2": ""
      }
    },
    {
      "type": "Feature",
      "geometry": {
        "type": "Point",
        "coordinates": [
          138.6612587,
          35.5031561
        ]
      },
      "properties": {
        "内容": "バス停: 名称不明バス停",
        "name": "名称不明バス停",
        "operator": "事業者不明",
        "ref": "",
        "url": "",
        "url2": ""
      }
    },
    {
      "type": "Feature",
      "geometry": {
        "type": "Point",
        "coordinates": [
          138.6442,
          35.488368
        ]
      },
      "properties": {
        "内容": "バス停: 名称不明バス停",
        "name": "名称不明バス停",
        "operator": "事業者不明",
        "ref": "",
        "url": "",
        "url2": ""
      }
    },
    {
      "type": "Feature",
      "geometry": {
        "type": "Point",
        "coordinates": [
          138.608946,
          35.4944249
        ]
      },
      "properties": {
        "内容": "バス停: 名称不明バス停",
        "name": "名称不明バス停",
        "operator": "事業者不明",
        "ref": "",
        "url": "",
        "url2": ""
      }
    },
    {
      "type": "Feature",
      "geometry": {
        "type": "Point",
        "coordinates": [
          138.6532701,
          35.4986905
        ]
      },
      "properties": {
        "内容": "バス停: 名称不明バス停",
        "name": "名称不明バス停",
        "operator": "事業者不明",
        "ref": "",
        "url": "",
        "url2": ""
      }
    },
    {
      "type": "Feature",
      "geometry": {
        "type": "Point",
        "coordinates": [
          138.6040957,
          35.491894
        ]
      },
      "properties": {
        "内容": "バス停: ふじみ荘前",
        "name": "ふじみ荘前",
        "operator": "事業者不明",
        "ref": "86",
        "url": "",
        "url2": ""
      }
    },
    {
      "type": "Feature",
      "geometry": {
        "type": "Point",
        "coordinates": [
          138.6699409,
          35.5011614
        ]
      },
      "properties": {
        "内容": "バス停: 名称不明バス停",
        "name": "名称不明バス停",
        "operator": "事業者不明",
        "ref": "",
        "url": "",
        "url2": ""
      }
    },
    {
      "type": "Feature",
      "geometry": {
        "type": "Point",
        "coordinates": [
          138.7619286,
          35.5076245
        ]
      },
      "properties": {
        "内容": "バス停: 河口湖ハーブ館",
        "name": "河口湖ハーブ館",
        "operator": "事業者不明",
        "ref": "",
        "url": "",
        "url2": ""
      }
    },
    {
      "type": "Feature",
      "geometry": {
        "type": "Point",
        "coordinates": [
          138.7563163,
          35.4989414
        ]
      },
      "properties": {
        "内容": "バス停: 名称不明バス停",
        "name": "名称不明バス停",
        "operator": "事業者不明",
        "ref": "",
        "url": "",
        "url2": ""
      }
    },
    {
      "type": "Feature",
      "geometry": {
        "type": "Point",
        "coordinates": [
          138.6038816,
          35.4863269
        ]
      },
      "properties": {
        "内容": "バス停: 名称不明バス停",
        "name": "名称不明バス停",
        "operator": "事業者不明",
        "ref": "",
        "url": "",
        "url2": ""
      }
    },
    {
      "type": "Feature",
      "geometry": {
        "type": "Point",
        "coordinates": [
          138.7124339,
          35.5070289
        ]
      },
      "properties": {
        "内容": "バス停: 名称不明バス停",
        "name": "名称不明バス停",
        "operator": "事業者不明",
        "ref": "",
        "url": "",
        "url2": ""
      }
    },
    {
      "type": "Feature",
      "geometry": {
        "type": "Point",
        "coordinates": [
          138.6772133,
          35.4922244
        ]
      },
      "properties": {
        "内容": "バス停: 名称不明バス停",
        "name": "名称不明バス停",
        "operator": "事業者不明",
        "ref": "",
        "url": "",
        "url2": ""
      }
    },
    {
      "type": "Feature",
      "geometry": {
        "type": "Point",
        "coordinates": [
          138.6634469,
          35.5015747
        ]
      },
      "properties": {
        "内容": "バス停: 名称不明バス停",
        "name": "名称不明バス停",
        "operator": "事業者不明",
        "ref": "",
        "url": "",
        "url2": ""
      }
    },
    {
      "type": "Feature",
      "geometry": {
        "type": "Point",
        "coordinates": [
          138.7059799,
          35.5056756
        ]
      },
      "properties": {
        "内容": "バス停: 名称不明バス停",
        "name": "名称不明バス停",
        "operator": "事業者不明",
        "ref": "",
        "url": "",
        "url2": ""
      }
    },
    {
      "type": "Feature",
      "geometry": {
        "type": "Point",
        "coordinates": [
          138.6960682,
          35.496474
        ]
      },
      "properties": {
        "内容": "バス停: 名称不明バス停",
        "name": "名称不明バス停",
        "operator": "事業者不明",
        "ref": "",
        "url": "",
        "url2": ""
      }
    },
    {
      "type": "Feature",
      "geometry": {
        "type": "Point",
        "coordinates": [
          138.6852812,
          35.4920622
        ]
      },
      "properties": {
        "内容": "バス停: 名称不明バス停",
        "name": "名称不明バス停",
        "operator": "事業者不明",
        "ref": "",
        "url": "",
        "url2": ""
      }
    },
    {
      "type": "Feature",
      "geometry": {
        "type": "Point",
        "coordinates": [
          138.7023196,
          35.5049252
        ]
      },
      "properties": {
        "内容": "バス停: 名称不明バス停",
        "name": "名称不明バス停",
        "operator": "事業者不明",
        "ref": "",
        "url": "",
        "url2": ""
      }
    },
    {
      "type": "Feature",
      "geometry": {
        "type": "Point",
        "coordinates": [
          138.6994082,
          35.5000435
        ]
      },
      "properties": {
        "内容": "バス停: 名称不明バス停",
        "name": "名称不明バス停",
        "operator": "事業者不明",
        "ref": "",
        "url": "",
        "url2": ""
      }
    },
    {
      "type": "Feature",
      "geometry": {
        "type": "Point",
        "coordinates": [
          138.6924976,
          35.4959729
        ]
      },
      "properties": {
        "内容": "バス停: 名称不明バス停",
        "name": "名称不明バス停",
        "operator": "事業者不明",
        "ref": "",
        "url": "",
        "url2": ""
      }
    },
    {
      "type": "Feature",
      "geometry": {
        "type": "Point",
        "coordinates": [
          138.7620429,
          35.5077111
        ]
      },
      "properties": {
        "内容": "バス停: 名称不明バス停",
        "name": "名称不明バス停",
        "operator": "事業者不明",
        "ref": "",
        "url": "",
        "url2": ""
      }
    },
    {
      "type": "Feature",
      "geometry": {
        "type": "Point",
        "coordinates": [
          138.7554318,
          35.5107027
        ]
      },
      "properties": {
        "内容": "バス停: 名称不明バス停",
        "name": "名称不明バス停",
        "operator": "事業者不明",
        "ref": "",
        "url": "",
        "url2": ""
      }
    },
    {
      "type": "Feature",
      "geometry": {
        "type": "Point",
        "coordinates": [
          138.5426049,
          35.6303758
        ]
      },
      "properties": {
        "内容": "バス停: 中央道昭和",
        "name": "中央道昭和",
        "operator": "事業者不明",
        "ref": "",
        "url": "",
        "url2": ""
      }
    },
    {
      "type": "Feature",
      "geometry": {
        "type": "Point",
        "coordinates": [
          138.5428598,
          35.6305397
        ]
      },
      "properties": {
        "内容": "バス停: 中央道昭和",
        "name": "中央道昭和",
        "operator": "事業者不明",
        "ref": "",
        "url": "",
        "url2": ""
      }
    },
    {
      "type": "Feature",
      "geometry": {
        "type": "Point",
        "coordinates": [
          138.9760228,
          35.618056
        ]
      },
      "properties": {
        "内容": "バス停: 中央道猿橋",
        "name": "中央道猿橋",
        "operator": "事業者不明",
        "ref": "",
        "url": "",
        "url2": ""
      }
    },
    {
      "type": "Feature",
      "geometry": {
        "type": "Point",
        "coordinates": [
          138.9775302,
          35.617681
        ]
      },
      "properties": {
        "内容": "バス停: 中央道猿橋",
        "name": "中央道猿橋",
        "operator": "事業者不明",
        "ref": "",
        "url": "",
        "url2": ""
      }
    },
    {
      "type": "Feature",
      "geometry": {
        "type": "Point",
        "coordinates": [
          138.571365,
          35.667086
        ]
      },
      "properties": {
        "内容": "バス停: 甲州夢小路",
        "name": "甲州夢小路",
        "operator": "事業者不明",
        "ref": "",
        "url": "",
        "url2": ""
      }
    },
    {
      "type": "Feature",
      "geometry": {
        "type": "Point",
        "coordinates": [
          138.7056889,
          35.3884544
        ]
      },
      "properties": {
        "内容": "バス停: 御庭(奥庭) (富士急山梨バス)",
        "name": "御庭(奥庭)",
        "operator": "富士急山梨バス",
        "ref": "6-7",
        "url": "",
        "url2": ""
      }
    },
    {
      "type": "Feature",
      "geometry": {
        "type": "Point",
        "coordinates": [
          138.6927884,
          35.3744715
        ]
      },
      "properties": {
        "内容": "バス停: 四合目大沢展望台",
        "name": "四合目大沢展望台",
        "operator": "事業者不明",
        "ref": "",
        "url": "",
        "url2": ""
      }
    },
    {
      "type": "Feature",
      "geometry": {
        "type": "Point",
        "coordinates": [
          138.7633322,
          35.5059601
        ]
      },
      "properties": {
        "内容": "バス停: 山梨宝石博物館 (6)",
        "name": "山梨宝石博物館 (6)",
        "operator": "事業者不明",
        "ref": "",
        "url": "",
        "url2": ""
      }
    },
    {
      "type": "Feature",
      "geometry": {
        "type": "Point",
        "coordinates": [
          138.7745603,
          35.5118746
        ]
      },
      "properties": {
        "内容": "バス停: 浅川温泉街 (11)",
        "name": "浅川温泉街 (11)",
        "operator": "事業者不明",
        "ref": "",
        "url": "",
        "url2": ""
      }
    },
    {
      "type": "Feature",
      "geometry": {
        "type": "Point",
        "coordinates": [
          138.7683124,
          35.5037055
        ]
      },
      "properties": {
        "内容": "バス停: 船津浜温泉街 (8)",
        "name": "船津浜温泉街 (8)",
        "operator": "事業者不明",
        "ref": "",
        "url": "",
        "url2": ""
      }
    },
    {
      "type": "Feature",
      "geometry": {
        "type": "Point",
        "coordinates": [
          138.8085893,
          35.50202
        ]
      },
      "properties": {
        "内容": "バス停: 中央道下吉田",
        "name": "中央道下吉田",
        "operator": "事業者不明",
        "ref": "",
        "url": "",
        "url2": "Q11360679"
      }
    },
    {
      "type": "Feature",
      "geometry": {
        "type": "Point",
        "coordinates": [
          138.7677534,
          35.5020637
        ]
      },
      "properties": {
        "内容": "バス停: 名称不明バス停",
        "name": "名称不明バス停",
        "operator": "事業者不明",
        "ref": "",
        "url": "",
        "url2": ""
      }
    },
    {
      "type": "Feature",
      "geometry": {
        "type": "Point",
        "coordinates": [
          138.8276184,
          35.604275
        ]
      },
      "properties": {
        "内容": "バス停: 笹子駅前",
        "name": "笹子駅前",
        "operator": "事業者不明",
        "ref": "",
        "url": "",
        "url2": ""
      }
    },
    {
      "type": "Feature",
      "geometry": {
        "type": "Point",
        "coordinates": [
          138.8245112,
          35.6043161
        ]
      },
      "properties": {
        "内容": "バス停: 変電所前",
        "name": "変電所前",
        "operator": "事業者不明",
        "ref": "",
        "url": "",
        "url2": ""
      }
    },
    {
      "type": "Feature",
      "geometry": {
        "type": "Point",
        "coordinates": [
          138.8281324,
          35.6043328
        ]
      },
      "properties": {
        "内容": "バス停: 笹子駅前",
        "name": "笹子駅前",
        "operator": "事業者不明",
        "ref": "",
        "url": "",
        "url2": ""
      }
    },
    {
      "type": "Feature",
      "geometry": {
        "type": "Point",
        "coordinates": [
          138.8213123,
          35.6045553
        ]
      },
      "properties": {
        "内容": "バス停: 黒野田",
        "name": "黒野田",
        "operator": "事業者不明",
        "ref": "",
        "url": "",
        "url2": ""
      }
    },
    {
      "type": "Feature",
      "geometry": {
        "type": "Point",
        "coordinates": [
          138.8246396,
          35.6042325
        ]
      },
      "properties": {
        "内容": "バス停: 変電所前",
        "name": "変電所前",
        "operator": "事業者不明",
        "ref": "",
        "url": "",
        "url2": ""
      }
    },
    {
      "type": "Feature",
      "geometry": {
        "type": "Point",
        "coordinates": [
          138.8201545,
          35.6047388
        ]
      },
      "properties": {
        "内容": "バス停: 黒野田橋",
        "name": "黒野田橋",
        "operator": "事業者不明",
        "ref": "",
        "url": "",
        "url2": ""
      }
    },
    {
      "type": "Feature",
      "geometry": {
        "type": "Point",
        "coordinates": [
          138.810727,
          35.6052417
        ]
      },
      "properties": {
        "内容": "バス停: 追分",
        "name": "追分",
        "operator": "事業者不明",
        "ref": "",
        "url": "",
        "url2": ""
      }
    },
    {
      "type": "Feature",
      "geometry": {
        "type": "Point",
        "coordinates": [
          138.8033174,
          35.6030677
        ]
      },
      "properties": {
        "内容": "バス停: 新中橋",
        "name": "新中橋",
        "operator": "事業者不明",
        "ref": "",
        "url": "",
        "url2": ""
      }
    },
    {
      "type": "Feature",
      "geometry": {
        "type": "Point",
        "coordinates": [
          138.8076987,
          35.6048271
        ]
      },
      "properties": {
        "内容": "バス停: 公民館前",
        "name": "公民館前",
        "operator": "事業者不明",
        "ref": "",
        "url": "",
        "url2": ""
      }
    },
    {
      "type": "Feature",
      "geometry": {
        "type": "Point",
        "coordinates": [
          138.8071423,
          35.6048263
        ]
      },
      "properties": {
        "内容": "バス停: 公民館前",
        "name": "公民館前",
        "operator": "事業者不明",
        "ref": "",
        "url": "",
        "url2": ""
      }
    },
    {
      "type": "Feature",
      "geometry": {
        "type": "Point",
        "coordinates": [
          138.8018716,
          35.6021252
        ]
      },
      "properties": {
        "内容": "バス停: 新田下",
        "name": "新田下",
        "operator": "事業者不明",
        "ref": "",
        "url": "",
        "url2": ""
      }
    },
    {
      "type": "Feature",
      "geometry": {
        "type": "Point",
        "coordinates": [
          138.8010221,
          35.6000637
        ]
      },
      "properties": {
        "内容": "バス停: 新田",
        "name": "新田",
        "operator": "事業者不明",
        "ref": "",
        "url": "",
        "url2": ""
      }
    },
    {
      "type": "Feature",
      "geometry": {
        "type": "Point",
        "coordinates": [
          138.7676995,
          35.5018881
        ]
      },
      "properties": {
        "内容": "バス停: 名称不明バス停",
        "name": "名称不明バス停",
        "operator": "事業者不明",
        "ref": "",
        "url": "",
        "url2": ""
      }
    },
    {
      "type": "Feature",
      "geometry": {
        "type": "Point",
        "coordinates": [
          138.7804099,
          35.6394639
        ]
      },
      "properties": {
        "内容": "バス停: 甲斐大和駅",
        "name": "甲斐大和駅",
        "operator": "事業者不明",
        "ref": "",
        "url": "",
        "url2": ""
      }
    },
    {
      "type": "Feature",
      "geometry": {
        "type": "Point",
        "coordinates": [
          138.6995365,
          35.4120536
        ]
      },
      "properties": {
        "内容": "バス停: 名称不明バス停",
        "name": "名称不明バス停",
        "operator": "事業者不明",
        "ref": "",
        "url": "",
        "url2": ""
      }
    },
    {
      "type": "Feature",
      "geometry": {
        "type": "Point",
        "coordinates": [
          138.73245,
          35.3940465
        ]
      },
      "properties": {
        "内容": "バス停: 富士五合目バス亭",
        "name": "富士五合目バス亭",
        "operator": "事業者不明",
        "ref": "",
        "url": "",
        "url2": ""
      }
    },
    {
      "type": "Feature",
      "geometry": {
        "type": "Point",
        "coordinates": [
          138.8290345,
          35.4599857
        ]
      },
      "properties": {
        "内容": "バス停: えびすや前",
        "name": "えびすや前",
        "operator": "事業者不明",
        "ref": "125",
        "url": "",
        "url2": ""
      }
    },
    {
      "type": "Feature",
      "geometry": {
        "type": "Point",
        "coordinates": [
          138.8307047,
          35.4589691
        ]
      },
      "properties": {
        "内容": "バス停: 忍野八海 (富士急バス)",
        "name": "忍野八海",
        "operator": "富士急バス",
        "ref": "126",
        "url": "",
        "url2": ""
      }
    },
    {
      "type": "Feature",
      "geometry": {
        "type": "Point",
        "coordinates": [
          138.8438346,
          35.4457266
        ]
      },
      "properties": {
        "内容": "バス停: Fanuc-mae",
        "name": "Fanuc-mae",
        "operator": "事業者不明",
        "ref": "",
        "url": "",
        "url2": ""
      }
    },
    {
      "type": "Feature",
      "geometry": {
        "type": "Point",
        "coordinates": [
          138.8449138,
          35.4300176
        ]
      },
      "properties": {
        "内容": "バス停: 名称不明バス停",
        "name": "名称不明バス停",
        "operator": "事業者不明",
        "ref": "",
        "url": "",
        "url2": ""
      }
    },
    {
      "type": "Feature",
      "geometry": {
        "type": "Point",
        "coordinates": [
          138.8523439,
          35.4212248
        ]
      },
      "properties": {
        "内容": "バス停: 名称不明バス停",
        "name": "名称不明バス停",
        "operator": "事業者不明",
        "ref": "",
        "url": "",
        "url2": ""
      }
    },
    {
      "type": "Feature",
      "geometry": {
        "type": "Point",
        "coordinates": [
          138.8673501,
          35.4082479
        ]
      },
      "properties": {
        "内容": "バス停: ゴルフ場入口",
        "name": "ゴルフ場入口",
        "operator": "事業者不明",
        "ref": "",
        "url": "",
        "url2": ""
      }
    },
    {
      "type": "Feature",
      "geometry": {
        "type": "Point",
        "coordinates": [
          138.8675313,
          35.4080867
        ]
      },
      "properties": {
        "内容": "バス停: ゴルフ場入口",
        "name": "ゴルフ場入口",
        "operator": "事業者不明",
        "ref": "",
        "url": "",
        "url2": ""
      }
    },
    {
      "type": "Feature",
      "geometry": {
        "type": "Point",
        "coordinates": [
          138.8581233,
          35.4158839
        ]
      },
      "properties": {
        "内容": "バス停: 一之橋 (富士急バス)",
        "name": "一之橋",
        "operator": "富士急バス",
        "ref": "",
        "url": "",
        "url2": ""
      }
    },
    {
      "type": "Feature",
      "geometry": {
        "type": "Point",
        "coordinates": [
          138.8759676,
          35.4046525
        ]
      },
      "properties": {
        "内容": "バス停: 富士見通り (富士急バス)",
        "name": "富士見通り",
        "operator": "富士急バス",
        "ref": "",
        "url": "",
        "url2": ""
      }
    },
    {
      "type": "Feature",
      "geometry": {
        "type": "Point",
        "coordinates": [
          138.7213071,
          35.6813159
        ]
      },
      "properties": {
        "内容": "バス停: 山区",
        "name": "山区",
        "operator": "事業者不明",
        "ref": "",
        "url": "",
        "url2": ""
      }
    },
    {
      "type": "Feature",
      "geometry": {
        "type": "Point",
        "coordinates": [
          138.7320599,
          35.6610562
        ]
      },
      "properties": {
        "内容": "バス停: 上町交差点西",
        "name": "上町交差点西",
        "operator": "事業者不明",
        "ref": "",
        "url": "",
        "url2": ""
      }
    },
    {
      "type": "Feature",
      "geometry": {
        "type": "Point",
        "coordinates": [
          138.7317321,
          35.6612769
        ]
      },
      "properties": {
        "内容": "バス停: 上町交差点西",
        "name": "上町交差点西",
        "operator": "事業者不明",
        "ref": "",
        "url": "",
        "url2": ""
      }
    },
    {
      "type": "Feature",
      "geometry": {
        "type": "Point",
        "coordinates": [
          138.7213231,
          35.6645799
        ]
      },
      "properties": {
        "内容": "バス停: 池田医院前",
        "name": "池田医院前",
        "operator": "事業者不明",
        "ref": "",
        "url": "",
        "url2": ""
      }
    },
    {
      "type": "Feature",
      "geometry": {
        "type": "Point",
        "coordinates": [
          138.7215768,
          35.6646403
        ]
      },
      "properties": {
        "内容": "バス停: 池田医院前",
        "name": "池田医院前",
        "operator": "事業者不明",
        "ref": "",
        "url": "",
        "url2": ""
      }
    },
    {
      "type": "Feature",
      "geometry": {
        "type": "Point",
        "coordinates": [
          138.7266342,
          35.6713521
        ]
      },
      "properties": {
        "内容": "バス停: 小佐出交差点南",
        "name": "小佐出交差点南",
        "operator": "事業者不明",
        "ref": "",
        "url": "",
        "url2": ""
      }
    },
    {
      "type": "Feature",
      "geometry": {
        "type": "Point",
        "coordinates": [
          138.7262895,
          35.6695029
        ]
      },
      "properties": {
        "内容": "バス停: 勝沼病院",
        "name": "勝沼病院",
        "operator": "事業者不明",
        "ref": "",
        "url": "",
        "url2": ""
      }
    },
    {
      "type": "Feature",
      "geometry": {
        "type": "Point",
        "coordinates": [
          138.7248876,
          35.6724611
        ]
      },
      "properties": {
        "内容": "バス停: 東雲保育所前",
        "name": "東雲保育所前",
        "operator": "事業者不明",
        "ref": "",
        "url": "",
        "url2": ""
      }
    },
    {
      "type": "Feature",
      "geometry": {
        "type": "Point",
        "coordinates": [
          138.7258309,
          35.6763139
        ]
      },
      "properties": {
        "内容": "バス停: 小佐手",
        "name": "小佐手",
        "operator": "事業者不明",
        "ref": "",
        "url": "",
        "url2": ""
      }
    },
    {
      "type": "Feature",
      "geometry": {
        "type": "Point",
        "coordinates": [
          138.719275,
          35.6842144
        ]
      },
      "properties": {
        "内容": "バス停: くろがねや前",
        "name": "くろがねや前",
        "operator": "事業者不明",
        "ref": "",
        "url": "",
        "url2": ""
      }
    },
    {
      "type": "Feature",
      "geometry": {
        "type": "Point",
        "coordinates": [
          138.7210885,
          35.6837536
        ]
      },
      "properties": {
        "内容": "バス停: マンズワイン",
        "name": "マンズワイン",
        "operator": "事業者不明",
        "ref": "",
        "url": "",
        "url2": ""
      }
    },
    {
      "type": "Feature",
      "geometry": {
        "type": "Point",
        "coordinates": [
          138.7228567,
          35.6898157
        ]
      },
      "properties": {
        "内容": "バス停: 日下部警察署塩山分庁舎前",
        "name": "日下部警察署塩山分庁舎前",
        "operator": "事業者不明",
        "ref": "",
        "url": "",
        "url2": ""
      }
    },
    {
      "type": "Feature",
      "geometry": {
        "type": "Point",
        "coordinates": [
          138.726149,
          35.7046185
        ]
      },
      "properties": {
        "内容": "バス停: 菅田神社",
        "name": "菅田神社",
        "operator": "事業者不明",
        "ref": "",
        "url": "",
        "url2": ""
      }
    },
    {
      "type": "Feature",
      "geometry": {
        "type": "Point",
        "coordinates": [
          138.7566591,
          35.6506534
        ]
      },
      "properties": {
        "内容": "バス停: 共和",
        "name": "共和",
        "operator": "事業者不明",
        "ref": "",
        "url": "",
        "url2": ""
      }
    },
    {
      "type": "Feature",
      "geometry": {
        "type": "Point",
        "coordinates": [
          138.7456169,
          35.654882
        ]
      },
      "properties": {
        "内容": "バス停: 柏尾坂公園前",
        "name": "柏尾坂公園前",
        "operator": "事業者不明",
        "ref": "",
        "url": "",
        "url2": ""
      }
    },
    {
      "type": "Feature",
      "geometry": {
        "type": "Point",
        "coordinates": [
          138.732238,
          35.6606817
        ]
      },
      "properties": {
        "内容": "バス停: 上町",
        "name": "上町",
        "operator": "事業者不明",
        "ref": "",
        "url": "",
        "url2": ""
      }
    },
    {
      "type": "Feature",
      "geometry": {
        "type": "Point",
        "coordinates": [
          138.7260172,
          35.6763263
        ]
      },
      "properties": {
        "内容": "バス停: 小佐手",
        "name": "小佐手",
        "operator": "事業者不明",
        "ref": "",
        "url": "",
        "url2": ""
      }
    },
    {
      "type": "Feature",
      "geometry": {
        "type": "Point",
        "coordinates": [
          138.7244254,
          35.6808047
        ]
      },
      "properties": {
        "内容": "バス停: 山交差点西",
        "name": "山交差点西",
        "operator": "事業者不明",
        "ref": "",
        "url": "",
        "url2": ""
      }
    },
    {
      "type": "Feature",
      "geometry": {
        "type": "Point",
        "coordinates": [
          138.7243854,
          35.6807
        ]
      },
      "properties": {
        "内容": "バス停: 山交差点西",
        "name": "山交差点西",
        "operator": "事業者不明",
        "ref": "",
        "url": "",
        "url2": ""
      }
    },
    {
      "type": "Feature",
      "geometry": {
        "type": "Point",
        "coordinates": [
          138.721671,
          35.6810671
        ]
      },
      "properties": {
        "内容": "バス停: 山区",
        "name": "山区",
        "operator": "事業者不明",
        "ref": "",
        "url": "",
        "url2": ""
      }
    },
    {
      "type": "Feature",
      "geometry": {
        "type": "Point",
        "coordinates": [
          138.9856716,
          35.7808276
        ]
      },
      "properties": {
        "内容": "バス停: 小袖川",
        "name": "小袖川",
        "operator": "事業者不明",
        "ref": "",
        "url": "",
        "url2": ""
      }
    },
    {
      "type": "Feature",
      "geometry": {
        "type": "Point",
        "coordinates": [
          138.9856902,
          35.7809576
        ]
      },
      "properties": {
        "内容": "バス停: 小袖川",
        "name": "小袖川",
        "operator": "事業者不明",
        "ref": "",
        "url": "",
        "url2": ""
      }
    },
    {
      "type": "Feature",
      "geometry": {
        "type": "Point",
        "coordinates": [
          138.7385144,
          35.7038253
        ]
      },
      "properties": {
        "内容": "バス停: 赤尾",
        "name": "赤尾",
        "operator": "事業者不明",
        "ref": "",
        "url": "",
        "url2": ""
      }
    },
    {
      "type": "Feature",
      "geometry": {
        "type": "Point",
        "coordinates": [
          138.7388635,
          35.7070308
        ]
      },
      "properties": {
        "内容": "バス停: 上東",
        "name": "上東",
        "operator": "事業者不明",
        "ref": "",
        "url": "",
        "url2": ""
      }
    },
    {
      "type": "Feature",
      "geometry": {
        "type": "Point",
        "coordinates": [
          138.7430787,
          35.711816
        ]
      },
      "properties": {
        "内容": "バス停: か110",
        "name": "か110",
        "operator": "事業者不明",
        "ref": "",
        "url": "",
        "url2": ""
      }
    },
    {
      "type": "Feature",
      "geometry": {
        "type": "Point",
        "coordinates": [
          138.7452445,
          35.7139442
        ]
      },
      "properties": {
        "内容": "バス停: か108",
        "name": "か108",
        "operator": "事業者不明",
        "ref": "",
        "url": "",
        "url2": ""
      }
    },
    {
      "type": "Feature",
      "geometry": {
        "type": "Point",
        "coordinates": [
          138.7605236,
          35.721422
        ]
      },
      "properties": {
        "内容": "バス停: か68",
        "name": "か68",
        "operator": "事業者不明",
        "ref": "",
        "url": "",
        "url2": ""
      }
    },
    {
      "type": "Feature",
      "geometry": {
        "type": "Point",
        "coordinates": [
          138.763368,
          35.7226379
        ]
      },
      "properties": {
        "内容": "バス停: 根古橋",
        "name": "根古橋",
        "operator": "事業者不明",
        "ref": "",
        "url": "",
        "url2": ""
      }
    },
    {
      "type": "Feature",
      "geometry": {
        "type": "Point",
        "coordinates": [
          138.7666519,
          35.7250406
        ]
      },
      "properties": {
        "内容": "バス停: 上原入口",
        "name": "上原入口",
        "operator": "事業者不明",
        "ref": "",
        "url": "",
        "url2": ""
      }
    },
    {
      "type": "Feature",
      "geometry": {
        "type": "Point",
        "coordinates": [
          138.7690251,
          35.7262151
        ]
      },
      "properties": {
        "内容": "バス停: 神金農協",
        "name": "神金農協",
        "operator": "事業者不明",
        "ref": "",
        "url": "",
        "url2": ""
      }
    },
    {
      "type": "Feature",
      "geometry": {
        "type": "Point",
        "coordinates": [
          138.7719905,
          35.7269838
        ]
      },
      "properties": {
        "内容": "バス停: 神金小学校",
        "name": "神金小学校",
        "operator": "事業者不明",
        "ref": "",
        "url": "",
        "url2": ""
      }
    },
    {
      "type": "Feature",
      "geometry": {
        "type": "Point",
        "coordinates": [
          138.7813386,
          35.7294339
        ]
      },
      "properties": {
        "内容": "バス停: 神戸",
        "name": "神戸",
        "operator": "事業者不明",
        "ref": "",
        "url": "",
        "url2": ""
      }
    },
    {
      "type": "Feature",
      "geometry": {
        "type": "Point",
        "coordinates": [
          138.7841139,
          35.7304036
        ]
      },
      "properties": {
        "内容": "バス停: か34",
        "name": "か34",
        "operator": "事業者不明",
        "ref": "",
        "url": "",
        "url2": ""
      }
    },
    {
      "type": "Feature",
      "geometry": {
        "type": "Point",
        "coordinates": [
          138.7867819,
          35.7305163
        ]
      },
      "properties": {
        "内容": "バス停: 二本木",
        "name": "二本木",
        "operator": "事業者不明",
        "ref": "",
        "url": "",
        "url2": ""
      }
    },
    {
      "type": "Feature",
      "geometry": {
        "type": "Point",
        "coordinates": [
          138.7911168,
          35.7314797
        ]
      },
      "properties": {
        "内容": "バス停: か35",
        "name": "か35",
        "operator": "事業者不明",
        "ref": "",
        "url": "",
        "url2": ""
      }
    },
    {
      "type": "Feature",
      "geometry": {
        "type": "Point",
        "coordinates": [
          138.7946511,
          35.7319907
        ]
      },
      "properties": {
        "内容": "バス停: 木工芸館入口",
        "name": "木工芸館入口",
        "operator": "事業者不明",
        "ref": "",
        "url": "",
        "url2": ""
      }
    },
    {
      "type": "Feature",
      "geometry": {
        "type": "Point",
        "coordinates": [
          138.7938234,
          35.7335907
        ]
      },
      "properties": {
        "内容": "バス停: か3",
        "name": "か3",
        "operator": "事業者不明",
        "ref": "",
        "url": "",
        "url2": ""
      }
    },
    {
      "type": "Feature",
      "geometry": {
        "type": "Point",
        "coordinates": [
          138.7798817,
          35.7315776
        ]
      },
      "properties": {
        "内容": "バス停: か10",
        "name": "か10",
        "operator": "事業者不明",
        "ref": "",
        "url": "",
        "url2": ""
      }
    },
    {
      "type": "Feature",
      "geometry": {
        "type": "Point",
        "coordinates": [
          138.7786336,
          35.7314706
        ]
      },
      "properties": {
        "内容": "バス停: か11",
        "name": "か11",
        "operator": "事業者不明",
        "ref": "",
        "url": "",
        "url2": ""
      }
    },
    {
      "type": "Feature",
      "geometry": {
        "type": "Point",
        "coordinates": [
          138.7445483,
          35.7135819
        ]
      },
      "properties": {
        "内容": "バス停: か109",
        "name": "か109",
        "operator": "事業者不明",
        "ref": "",
        "url": "",
        "url2": ""
      }
    },
    {
      "type": "Feature",
      "geometry": {
        "type": "Point",
        "coordinates": [
          138.7522923,
          35.7169846
        ]
      },
      "properties": {
        "内容": "バス停: 清水",
        "name": "清水",
        "operator": "事業者不明",
        "ref": "",
        "url": "",
        "url2": ""
      }
    },
    {
      "type": "Feature",
      "geometry": {
        "type": "Point",
        "coordinates": [
          138.7691413,
          35.7270452
        ]
      },
      "properties": {
        "内容": "バス停: 岩昌寺",
        "name": "岩昌寺",
        "operator": "事業者不明",
        "ref": "",
        "url": "",
        "url2": ""
      }
    },
    {
      "type": "Feature",
      "geometry": {
        "type": "Point",
        "coordinates": [
          138.777751,
          35.7284465
        ]
      },
      "properties": {
        "内容": "バス停: 水上入口",
        "name": "水上入口",
        "operator": "事業者不明",
        "ref": "",
        "url": "",
        "url2": ""
      }
    },
    {
      "type": "Feature",
      "geometry": {
        "type": "Point",
        "coordinates": [
          138.7892126,
          35.7329159
        ]
      },
      "properties": {
        "内容": "バス停: か5",
        "name": "か5",
        "operator": "事業者不明",
        "ref": "",
        "url": "",
        "url2": ""
      }
    },
    {
      "type": "Feature",
      "geometry": {
        "type": "Point",
        "coordinates": [
          138.7708609,
          35.730379
        ]
      },
      "properties": {
        "内容": "バス停: か20",
        "name": "か20",
        "operator": "事業者不明",
        "ref": "",
        "url": "",
        "url2": ""
      }
    },
    {
      "type": "Feature",
      "geometry": {
        "type": "Point",
        "coordinates": [
          138.7610218,
          35.7270618
        ]
      },
      "properties": {
        "内容": "バス停: か63",
        "name": "か63",
        "operator": "事業者不明",
        "ref": "",
        "url": "",
        "url2": ""
      }
    },
    {
      "type": "Feature",
      "geometry": {
        "type": "Point",
        "coordinates": [
          138.7447197,
          35.7135606
        ]
      },
      "properties": {
        "内容": "バス停: 下粟生野",
        "name": "下粟生野",
        "operator": "事業者不明",
        "ref": "",
        "url": "",
        "url2": ""
      }
    },
    {
      "type": "Feature",
      "geometry": {
        "type": "Point",
        "coordinates": [
          138.7478023,
          35.7149095
        ]
      },
      "properties": {
        "内容": "バス停: 糀屋",
        "name": "糀屋",
        "operator": "事業者不明",
        "ref": "",
        "url": "",
        "url2": ""
      }
    },
    {
      "type": "Feature",
      "geometry": {
        "type": "Point",
        "coordinates": [
          138.7530946,
          35.7182132
        ]
      },
      "properties": {
        "内容": "バス停: か77",
        "name": "か77",
        "operator": "事業者不明",
        "ref": "",
        "url": "",
        "url2": ""
      }
    },
    {
      "type": "Feature",
      "geometry": {
        "type": "Point",
        "coordinates": [
          138.7350609,
          35.7044862
        ]
      },
      "properties": {
        "内容": "バス停: き53",
        "name": "き53",
        "operator": "事業者不明",
        "ref": "",
        "url": "",
        "url2": ""
      }
    },
    {
      "type": "Feature",
      "geometry": {
        "type": "Point",
        "coordinates": [
          138.7392549,
          35.7100582
        ]
      },
      "properties": {
        "内容": "バス停: 上赤尾",
        "name": "上赤尾",
        "operator": "事業者不明",
        "ref": "",
        "url": "",
        "url2": ""
      }
    },
    {
      "type": "Feature",
      "geometry": {
        "type": "Point",
        "coordinates": [
          138.7561995,
          35.7198172
        ]
      },
      "properties": {
        "内容": "バス停: か72",
        "name": "か72",
        "operator": "事業者不明",
        "ref": "",
        "url": "",
        "url2": ""
      }
    },
    {
      "type": "Feature",
      "geometry": {
        "type": "Point",
        "coordinates": [
          138.7767308,
          35.7283872
        ]
      },
      "properties": {
        "内容": "バス停: か43",
        "name": "か43",
        "operator": "事業者不明",
        "ref": "",
        "url": "",
        "url2": ""
      }
    },
    {
      "type": "Feature",
      "geometry": {
        "type": "Point",
        "coordinates": [
          138.7849271,
          35.730424
        ]
      },
      "properties": {
        "内容": "バス停: か38",
        "name": "か38",
        "operator": "事業者不明",
        "ref": "",
        "url": "",
        "url2": ""
      }
    },
    {
      "type": "Feature",
      "geometry": {
        "type": "Point",
        "coordinates": [
          138.7576258,
          35.7261514
        ]
      },
      "properties": {
        "内容": "バス停: か64",
        "name": "か64",
        "operator": "事業者不明",
        "ref": "",
        "url": "",
        "url2": ""
      }
    },
    {
      "type": "Feature",
      "geometry": {
        "type": "Point",
        "coordinates": [
          138.7380577,
          35.7153854
        ]
      },
      "properties": {
        "内容": "バス停: た44",
        "name": "た44",
        "operator": "事業者不明",
        "ref": "",
        "url": "",
        "url2": ""
      }
    },
    {
      "type": "Feature",
      "geometry": {
        "type": "Point",
        "coordinates": [
          138.7542194,
          35.718908
        ]
      },
      "properties": {
        "内容": "バス停: か75",
        "name": "か75",
        "operator": "事業者不明",
        "ref": "",
        "url": "",
        "url2": ""
      }
    },
    {
      "type": "Feature",
      "geometry": {
        "type": "Point",
        "coordinates": [
          138.7888808,
          35.7309421
        ]
      },
      "properties": {
        "内容": "バス停: か36",
        "name": "か36",
        "operator": "事業者不明",
        "ref": "",
        "url": "",
        "url2": ""
      }
    },
    {
      "type": "Feature",
      "geometry": {
        "type": "Point",
        "coordinates": [
          138.755164,
          35.7193151
        ]
      },
      "properties": {
        "内容": "バス停: 大藤小学校",
        "name": "大藤小学校",
        "operator": "事業者不明",
        "ref": "",
        "url": "",
        "url2": ""
      }
    },
    {
      "type": "Feature",
      "geometry": {
        "type": "Point",
        "coordinates": [
          138.7600243,
          35.721308
        ]
      },
      "properties": {
        "内容": "バス停: 中萩原",
        "name": "中萩原",
        "operator": "事業者不明",
        "ref": "",
        "url": "",
        "url2": ""
      }
    },
    {
      "type": "Feature",
      "geometry": {
        "type": "Point",
        "coordinates": [
          138.7796023,
          35.7294137
        ]
      },
      "properties": {
        "内容": "バス停: か41",
        "name": "か41",
        "operator": "事業者不明",
        "ref": "",
        "url": "",
        "url2": ""
      }
    },
    {
      "type": "Feature",
      "geometry": {
        "type": "Point",
        "coordinates": [
          138.8016999,
          35.732832
        ]
      },
      "properties": {
        "内容": "バス停: 大久保平",
        "name": "大久保平",
        "operator": "事業者不明",
        "ref": "",
        "url": "",
        "url2": ""
      }
    },
    {
      "type": "Feature",
      "geometry": {
        "type": "Point",
        "coordinates": [
          138.7910551,
          35.7324601
        ]
      },
      "properties": {
        "内容": "バス停: か34",
        "name": "か34",
        "operator": "事業者不明",
        "ref": "",
        "url": "",
        "url2": ""
      }
    },
    {
      "type": "Feature",
      "geometry": {
        "type": "Point",
        "coordinates": [
          138.7844657,
          35.7332308
        ]
      },
      "properties": {
        "内容": "バス停: か8",
        "name": "か8",
        "operator": "事業者不明",
        "ref": "",
        "url": "",
        "url2": ""
      }
    },
    {
      "type": "Feature",
      "geometry": {
        "type": "Point",
        "coordinates": [
          138.4920553,
          35.5608696
        ]
      },
      "properties": {
        "内容": "バス停: 市川大門駅バス停留所(乗車専用) (富士川町)",
        "name": "市川大門駅バス停留所(乗車専用)",
        "operator": "富士川町",
        "ref": "",
        "url": "",
        "url2": ""
      }
    },
    {
      "type": "Feature",
      "geometry": {
        "type": "Point",
        "coordinates": [
          138.4917209,
          35.5607768
        ]
      },
      "properties": {
        "内容": "バス停: 市川大門駅バス停留所(降車専用) (富士川町)",
        "name": "市川大門駅バス停留所(降車専用)",
        "operator": "富士川町",
        "ref": "",
        "url": "",
        "url2": ""
      }
    },
    {
      "type": "Feature",
      "geometry": {
        "type": "Point",
        "coordinates": [
          138.4579057,
          35.5624501
        ]
      },
      "properties": {
        "内容": "バス停: 増穂小学校バス停留所 (富士川町)",
        "name": "増穂小学校バス停留所",
        "operator": "富士川町",
        "ref": "",
        "url": "",
        "url2": ""
      }
    },
    {
      "type": "Feature",
      "geometry": {
        "type": "Point",
        "coordinates": [
          138.4576236,
          35.5574183
        ]
      },
      "properties": {
        "内容": "バス停: 増穂商業高校正門バス停留所 (富士川町)",
        "name": "増穂商業高校正門バス停留所",
        "operator": "富士川町",
        "ref": "",
        "url": "",
        "url2": ""
      }
    },
    {
      "type": "Feature",
      "geometry": {
        "type": "Point",
        "coordinates": [
          138.582133,
          35.621507
        ]
      },
      "properties": {
        "内容": "バス停: 下鍛冶屋",
        "name": "下鍛冶屋",
        "operator": "事業者不明",
        "ref": "",
        "url": "",
        "url2": ""
      }
    },
    {
      "type": "Feature",
      "geometry": {
        "type": "Point",
        "coordinates": [
          138.57859,
          35.629259
        ]
      },
      "properties": {
        "内容": "バス停: 山城郵便局",
        "name": "山城郵便局",
        "operator": "事業者不明",
        "ref": "",
        "url": "",
        "url2": ""
      }
    },
    {
      "type": "Feature",
      "geometry": {
        "type": "Point",
        "coordinates": [
          138.577106,
          35.633567
        ]
      },
      "properties": {
        "内容": "バス停: 日吉神社",
        "name": "日吉神社",
        "operator": "事業者不明",
        "ref": "",
        "url": "",
        "url2": ""
      }
    },
    {
      "type": "Feature",
      "geometry": {
        "type": "Point",
        "coordinates": [
          138.579474,
          35.626852
        ]
      },
      "properties": {
        "内容": "バス停: 山城小学校",
        "name": "山城小学校",
        "operator": "事業者不明",
        "ref": "",
        "url": "",
        "url2": ""
      }
    },
    {
      "type": "Feature",
      "geometry": {
        "type": "Point",
        "coordinates": [
          138.692336,
          35.644342
        ]
      },
      "properties": {
        "内容": "バス停: 一宮",
        "name": "一宮",
        "operator": "事業者不明",
        "ref": "",
        "url": "",
        "url2": ""
      }
    },
    {
      "type": "Feature",
      "geometry": {
        "type": "Point",
        "coordinates": [
          138.871276,
          35.59864
        ]
      },
      "properties": {
        "内容": "バス停: 唐沢橋",
        "name": "唐沢橋",
        "operator": "事業者不明",
        "ref": "",
        "url": "",
        "url2": ""
      }
    },
    {
      "type": "Feature",
      "geometry": {
        "type": "Point",
        "coordinates": [
          138.87628,
          35.596123
        ]
      },
      "properties": {
        "内容": "バス停: 側子",
        "name": "側子",
        "operator": "事業者不明",
        "ref": "",
        "url": "",
        "url2": ""
      }
    },
    {
      "type": "Feature",
      "geometry": {
        "type": "Point",
        "coordinates": [
          138.878541,
          35.595786
        ]
      },
      "properties": {
        "内容": "バス停: 武道館前",
        "name": "武道館前",
        "operator": "事業者不明",
        "ref": "",
        "url": "",
        "url2": ""
      }
    },
    {
      "type": "Feature",
      "geometry": {
        "type": "Point",
        "coordinates": [
          138.4697754,
          35.5588002
        ]
      },
      "properties": {
        "内容": "バス停: 甲西道路入口バス停留所",
        "name": "甲西道路入口バス停留所",
        "operator": "事業者不明",
        "ref": "",
        "url": "",
        "url2": ""
      }
    },
    {
      "type": "Feature",
      "geometry": {
        "type": "Point",
        "coordinates": [
          138.8439472,
          35.6056019
        ]
      },
      "properties": {
        "内容": "バス停: 中央道笹子",
        "name": "中央道笹子",
        "operator": "事業者不明",
        "ref": "",
        "url": "",
        "url2": ""
      }
    },
    {
      "type": "Feature",
      "geometry": {
        "type": "Point",
        "coordinates": [
          138.8447626,
          35.6053532
        ]
      },
      "properties": {
        "内容": "バス停: 中央道笹子",
        "name": "中央道笹子",
        "operator": "事業者不明",
        "ref": "",
        "url": "",
        "url2": ""
      }
    },
    {
      "type": "Feature",
      "geometry": {
        "type": "Point",
        "coordinates": [
          138.9280649,
          35.7878965
        ]
      },
      "properties": {
        "内容": "バス停: 押垣外",
        "name": "押垣外",
        "operator": "事業者不明",
        "ref": "",
        "url": "",
        "url2": ""
      }
    },
    {
      "type": "Feature",
      "geometry": {
        "type": "Point",
        "coordinates": [
          138.9324483,
          35.7890246
        ]
      },
      "properties": {
        "内容": "バス停: 小室",
        "name": "小室",
        "operator": "事業者不明",
        "ref": "",
        "url": "",
        "url2": ""
      }
    },
    {
      "type": "Feature",
      "geometry": {
        "type": "Point",
        "coordinates": [
          138.9321586,
          35.7888549
        ]
      },
      "properties": {
        "内容": "バス停: 小室",
        "name": "小室",
        "operator": "事業者不明",
        "ref": "",
        "url": "",
        "url2": ""
      }
    },
    {
      "type": "Feature",
      "geometry": {
        "type": "Point",
        "coordinates": [
          138.9377323,
          35.7891769
        ]
      },
      "properties": {
        "内容": "バス停: 上保之瀬",
        "name": "上保之瀬",
        "operator": "事業者不明",
        "ref": "",
        "url": "",
        "url2": ""
      }
    },
    {
      "type": "Feature",
      "geometry": {
        "type": "Point",
        "coordinates": [
          138.9449167,
          35.7880523
        ]
      },
      "properties": {
        "内容": "バス停: 保之瀬",
        "name": "保之瀬",
        "operator": "事業者不明",
        "ref": "",
        "url": "",
        "url2": ""
      }
    },
    {
      "type": "Feature",
      "geometry": {
        "type": "Point",
        "coordinates": [
          138.9675611,
          35.785613
        ]
      },
      "properties": {
        "内容": "バス停: お祭",
        "name": "お祭",
        "operator": "事業者不明",
        "ref": "",
        "url": "",
        "url2": ""
      }
    },
    {
      "type": "Feature",
      "geometry": {
        "type": "Point",
        "coordinates": [
          138.9676067,
          35.7858066
        ]
      },
      "properties": {
        "内容": "バス停: お祭",
        "name": "お祭",
        "operator": "事業者不明",
        "ref": "",
        "url": "",
        "url2": ""
      }
    },
    {
      "type": "Feature",
      "geometry": {
        "type": "Point",
        "coordinates": [
          138.9744959,
          35.7843205
        ]
      },
      "properties": {
        "内容": "バス停: 所畑",
        "name": "所畑",
        "operator": "事業者不明",
        "ref": "",
        "url": "",
        "url2": ""
      }
    },
    {
      "type": "Feature",
      "geometry": {
        "type": "Point",
        "coordinates": [
          138.9194798,
          35.7911291
        ]
      },
      "properties": {
        "内容": "バス停: 中宿",
        "name": "中宿",
        "operator": "事業者不明",
        "ref": "",
        "url": "",
        "url2": ""
      }
    },
    {
      "type": "Feature",
      "geometry": {
        "type": "Point",
        "coordinates": [
          138.9179496,
          35.7915332
        ]
      },
      "properties": {
        "内容": "バス停: 丹波",
        "name": "丹波",
        "operator": "事業者不明",
        "ref": "",
        "url": "",
        "url2": ""
      }
    },
    {
      "type": "Feature",
      "geometry": {
        "type": "Point",
        "coordinates": [
          138.9774907,
          35.7824198
        ]
      },
      "properties": {
        "内容": "バス停: 鴨沢西 (西東京バス)",
        "name": "鴨沢西",
        "operator": "西東京バス",
        "ref": "",
        "url": "",
        "url2": ""
      }
    },
    {
      "type": "Feature",
      "geometry": {
        "type": "Point",
        "coordinates": [
          138.9772333,
          35.7824551
        ]
      },
      "properties": {
        "内容": "バス停: 鴨沢西 (西東京バス)",
        "name": "鴨沢西",
        "operator": "西東京バス",
        "ref": "",
        "url": "",
        "url2": ""
      }
    },
    {
      "type": "Feature",
      "geometry": {
        "type": "Point",
        "coordinates": [
          138.9794963,
          35.7798402
        ]
      },
      "properties": {
        "内容": "バス停: 諸畑橋",
        "name": "諸畑橋",
        "operator": "事業者不明",
        "ref": "",
        "url": "",
        "url2": ""
      }
    },
    {
      "type": "Feature",
      "geometry": {
        "type": "Point",
        "coordinates": [
          138.9795404,
          35.7798038
        ]
      },
      "properties": {
        "内容": "バス停: 諸畑橋",
        "name": "諸畑橋",
        "operator": "事業者不明",
        "ref": "",
        "url": "",
        "url2": ""
      }
    },
    {
      "type": "Feature",
      "geometry": {
        "type": "Point",
        "coordinates": [
          138.9494455,
          35.7542323
        ]
      },
      "properties": {
        "内容": "バス停: 小菅の湯 (富士急山梨バス)",
        "name": "小菅の湯",
        "operator": "富士急山梨バス",
        "ref": "",
        "url": "",
        "url2": ""
      }
    },
    {
      "type": "Feature",
      "geometry": {
        "type": "Point",
        "coordinates": [
          138.9496762,
          35.7543673
        ]
      },
      "properties": {
        "内容": "バス停: 小菅の湯 (西東京バス)",
        "name": "小菅の湯",
        "operator": "西東京バス",
        "ref": "",
        "url": "",
        "url2": ""
      }
    },
    {
      "type": "Feature",
      "geometry": {
        "type": "Point",
        "coordinates": [
          138.9462731,
          35.7574532
        ]
      },
      "properties": {
        "内容": "バス停: 田元",
        "name": "田元",
        "operator": "事業者不明",
        "ref": "",
        "url": "",
        "url2": ""
      }
    },
    {
      "type": "Feature",
      "geometry": {
        "type": "Point",
        "coordinates": [
          138.940212,
          35.7599835
        ]
      },
      "properties": {
        "内容": "バス停: 小菅役場前",
        "name": "小菅役場前",
        "operator": "事業者不明",
        "ref": "",
        "url": "",
        "url2": ""
      }
    },
    {
      "type": "Feature",
      "geometry": {
        "type": "Point",
        "coordinates": [
          138.9330143,
          35.7614303
        ]
      },
      "properties": {
        "内容": "バス停: 大菩薩峠東口",
        "name": "大菩薩峠東口",
        "operator": "事業者不明",
        "ref": "",
        "url": "",
        "url2": ""
      }
    },
    {
      "type": "Feature",
      "geometry": {
        "type": "Point",
        "coordinates": [
          138.9387562,
          35.7607142
        ]
      },
      "properties": {
        "内容": "バス停: 川久保",
        "name": "川久保",
        "operator": "事業者不明",
        "ref": "",
        "url": "",
        "url2": ""
      }
    },
    {
      "type": "Feature",
      "geometry": {
        "type": "Point",
        "coordinates": [
          138.9861823,
          35.762064
        ]
      },
      "properties": {
        "内容": "バス停: 金風呂",
        "name": "金風呂",
        "operator": "事業者不明",
        "ref": "",
        "url": "",
        "url2": ""
      }
    },
    {
      "type": "Feature",
      "geometry": {
        "type": "Point",
        "coordinates": [
          138.9862472,
          35.7618771
        ]
      },
      "properties": {
        "内容": "バス停: 金風呂",
        "name": "金風呂",
        "operator": "事業者不明",
        "ref": "",
        "url": "",
        "url2": ""
      }
    },
    {
      "type": "Feature",
      "geometry": {
        "type": "Point",
        "coordinates": [
          138.9801675,
          35.7609874
        ]
      },
      "properties": {
        "内容": "バス停: 玉川",
        "name": "玉川",
        "operator": "事業者不明",
        "ref": "",
        "url": "",
        "url2": ""
      }
    },
    {
      "type": "Feature",
      "geometry": {
        "type": "Point",
        "coordinates": [
          138.9759618,
          35.7604509
        ]
      },
      "properties": {
        "内容": "バス停: 東部森林公園",
        "name": "東部森林公園",
        "operator": "事業者不明",
        "ref": "",
        "url": "",
        "url2": ""
      }
    },
    {
      "type": "Feature",
      "geometry": {
        "type": "Point",
        "coordinates": [
          138.9759484,
          35.7603671
        ]
      },
      "properties": {
        "内容": "バス停: 東部森林公園",
        "name": "東部森林公園",
        "operator": "事業者不明",
        "ref": "",
        "url": "",
        "url2": ""
      }
    },
    {
      "type": "Feature",
      "geometry": {
        "type": "Point",
        "coordinates": [
          138.9718741,
          35.7603964
        ]
      },
      "properties": {
        "内容": "バス停: 余沢",
        "name": "余沢",
        "operator": "事業者不明",
        "ref": "",
        "url": "",
        "url2": ""
      }
    },
    {
      "type": "Feature",
      "geometry": {
        "type": "Point",
        "coordinates": [
          138.9717118,
          35.7602539
        ]
      },
      "properties": {
        "内容": "バス停: 余沢",
        "name": "余沢",
        "operator": "事業者不明",
        "ref": "",
        "url": "",
        "url2": ""
      }
    },
    {
      "type": "Feature",
      "geometry": {
        "type": "Point",
        "coordinates": [
          138.9474204,
          35.758825
        ]
      },
      "properties": {
        "内容": "バス停: 田元橋",
        "name": "田元橋",
        "operator": "事業者不明",
        "ref": "",
        "url": "",
        "url2": ""
      }
    },
    {
      "type": "Feature",
      "geometry": {
        "type": "Point",
        "coordinates": [
          138.9595319,
          35.7592777
        ]
      },
      "properties": {
        "内容": "バス停: 棚沢橋",
        "name": "棚沢橋",
        "operator": "事業者不明",
        "ref": "",
        "url": "",
        "url2": ""
      }
    },
    {
      "type": "Feature",
      "geometry": {
        "type": "Point",
        "coordinates": [
          138.9533964,
          35.7575288
        ]
      },
      "properties": {
        "内容": "バス停: 平山",
        "name": "平山",
        "operator": "事業者不明",
        "ref": "",
        "url": "",
        "url2": ""
      }
    },
    {
      "type": "Feature",
      "geometry": {
        "type": "Point",
        "coordinates": [
          138.953501,
          35.7573569
        ]
      },
      "properties": {
        "内容": "バス停: 平山",
        "name": "平山",
        "operator": "事業者不明",
        "ref": "",
        "url": "",
        "url2": ""
      }
    },
    {
      "type": "Feature",
      "geometry": {
        "type": "Point",
        "coordinates": [
          138.945795,
          35.759479
        ]
      },
      "properties": {
        "内容": "バス停: 小菅村営ファミリー釣場",
        "name": "小菅村営ファミリー釣場",
        "operator": "事業者不明",
        "ref": "",
        "url": "",
        "url2": ""
      }
    },
    {
      "type": "Feature",
      "geometry": {
        "type": "Point",
        "coordinates": [
          138.9456984,
          35.759442
        ]
      },
      "properties": {
        "内容": "バス停: 小菅村営ファミリー釣場",
        "name": "小菅村営ファミリー釣場",
        "operator": "事業者不明",
        "ref": "",
        "url": "",
        "url2": ""
      }
    },
    {
      "type": "Feature",
      "geometry": {
        "type": "Point",
        "coordinates": [
          138.9425649,
          35.7596951
        ]
      },
      "properties": {
        "内容": "バス停: 池の尻",
        "name": "池の尻",
        "operator": "事業者不明",
        "ref": "",
        "url": "",
        "url2": ""
      }
    },
    {
      "type": "Feature",
      "geometry": {
        "type": "Point",
        "coordinates": [
          138.4400564,
          35.7540124
        ]
      },
      "properties": {
        "内容": "バス停: 中央道明野",
        "name": "中央道明野",
        "operator": "事業者不明",
        "ref": "",
        "url": "",
        "url2": ""
      }
    },
    {
      "type": "Feature",
      "geometry": {
        "type": "Point",
        "coordinates": [
          138.4403998,
          35.7541441
        ]
      },
      "properties": {
        "内容": "バス停: 中央道明野",
        "name": "中央道明野",
        "operator": "事業者不明",
        "ref": "",
        "url": "",
        "url2": ""
      }
    },
    {
      "type": "Feature",
      "geometry": {
        "type": "Point",
        "coordinates": [
          138.7152706,
          35.5076119
        ]
      },
      "properties": {
        "内容": "バス停: 名称不明バス停",
        "name": "名称不明バス停",
        "operator": "事業者不明",
        "ref": "",
        "url": "",
        "url2": ""
      }
    },
    {
      "type": "Feature",
      "geometry": {
        "type": "Point",
        "coordinates": [
          138.7589981,
          35.5086179
        ]
      },
      "properties": {
        "内容": "バス停: 名称不明バス停",
        "name": "名称不明バス停",
        "operator": "事業者不明",
        "ref": "",
        "url": "",
        "url2": ""
      }
    },
    {
      "type": "Feature",
      "geometry": {
        "type": "Point",
        "coordinates": [
          138.7726358,
          35.4786619
        ]
      },
      "properties": {
        "内容": "バス停: 富士北麓駐車場 (富士急山梨バス)",
        "name": "富士北麓駐車場",
        "operator": "富士急山梨バス",
        "ref": "",
        "url": "",
        "url2": ""
      }
    },
    {
      "type": "Feature",
      "geometry": {
        "type": "Point",
        "coordinates": [
          138.6532974,
          35.6321111
        ]
      },
      "properties": {
        "内容": "バス停: 中央道御坂",
        "name": "中央道御坂",
        "operator": "事業者不明",
        "ref": "",
        "url": "",
        "url2": ""
      }
    },
    {
      "type": "Feature",
      "geometry": {
        "type": "Point",
        "coordinates": [
          138.6532827,
          35.6324642
        ]
      },
      "properties": {
        "内容": "バス停: 中央道御坂",
        "name": "中央道御坂",
        "operator": "事業者不明",
        "ref": "",
        "url": "",
        "url2": ""
      }
    },
    {
      "type": "Feature",
      "geometry": {
        "type": "Point",
        "coordinates": [
          138.6916986,
          35.6368274
        ]
      },
      "properties": {
        "内容": "バス停: 中央道甲斐一宮",
        "name": "中央道甲斐一宮",
        "operator": "事業者不明",
        "ref": "",
        "url": "",
        "url2": ""
      }
    },
    {
      "type": "Feature",
      "geometry": {
        "type": "Point",
        "coordinates": [
          138.6903682,
          35.6367228
        ]
      },
      "properties": {
        "内容": "バス停: 中央道甲斐一宮",
        "name": "中央道甲斐一宮",
        "operator": "事業者不明",
        "ref": "",
        "url": "",
        "url2": ""
      }
    },
    {
      "type": "Feature",
      "geometry": {
        "type": "Point",
        "coordinates": [
          138.7768284,
          35.484557
        ]
      },
      "properties": {
        "内容": "バス停: 富士急ハイランド(高速バス)",
        "name": "富士急ハイランド(高速バス)",
        "operator": "事業者不明",
        "ref": "",
        "url": "",
        "url2": ""
      }
    },
    {
      "type": "Feature",
      "geometry": {
        "type": "Point",
        "coordinates": [
          138.4714315,
          35.5561667
        ]
      },
      "properties": {
        "内容": "バス停: 名称不明バス停",
        "name": "名称不明バス停",
        "operator": "事業者不明",
        "ref": "",
        "url": "",
        "url2": ""
      }
    },
    {
      "type": "Feature",
      "geometry": {
        "type": "Point",
        "coordinates": [
          138.7717234,
          35.5044192
        ]
      },
      "properties": {
        "内容": "バス停: Yurasen Ropeway Iriguchi (9)",
        "name": "Yurasen Ropeway Iriguchi (9)",
        "operator": "事業者不明",
        "ref": "",
        "url": "",
        "url2": ""
      }
    },
    {
      "type": "Feature",
      "geometry": {
        "type": "Point",
        "coordinates": [
          138.4209792,
          35.7311168
        ]
      },
      "properties": {
        "内容": "バス停: 祖母石中",
        "name": "祖母石中",
        "operator": "事業者不明",
        "ref": "",
        "url": "",
        "url2": ""
      }
    },
    {
      "type": "Feature",
      "geometry": {
        "type": "Point",
        "coordinates": [
          138.4872513,
          35.6874211
        ]
      },
      "properties": {
        "内容": "バス停: JR塩崎駅 (甲斐市民バス)",
        "name": "JR塩崎駅",
        "operator": "甲斐市民バス",
        "ref": "",
        "url": "",
        "url2": ""
      }
    },
    {
      "type": "Feature",
      "geometry": {
        "type": "Point",
        "coordinates": [
          138.4865398,
          35.6872525
        ]
      },
      "properties": {
        "内容": "バス停: 塩崎駅 (山梨交通)",
        "name": "塩崎駅",
        "operator": "山梨交通",
        "ref": "",
        "url": "",
        "url2": ""
      }
    },
    {
      "type": "Feature",
      "geometry": {
        "type": "Point",
        "coordinates": [
          138.5566078,
          35.6590441
        ]
      },
      "properties": {
        "内容": "バス停: 荒川橋 (山梨交通)",
        "name": "荒川橋",
        "operator": "山梨交通",
        "ref": "",
        "url": "",
        "url2": ""
      }
    },
    {
      "type": "Feature",
      "geometry": {
        "type": "Point",
        "coordinates": [
          138.5535608,
          35.6584922
        ]
      },
      "properties": {
        "内容": "バス停: 上石田町 (山梨交通)",
        "name": "上石田町",
        "operator": "山梨交通",
        "ref": "",
        "url": "",
        "url2": ""
      }
    },
    {
      "type": "Feature",
      "geometry": {
        "type": "Point",
        "coordinates": [
          138.5750628,
          35.6603958
        ]
      },
      "properties": {
        "内容": "バス停: 中央三丁目 (富士急バス; 山梨交通)",
        "name": "中央三丁目",
        "operator": "富士急バス; 山梨交通",
        "ref": "283",
        "url": "",
        "url2": ""
      }
    },
    {
      "type": "Feature",
      "geometry": {
        "type": "Point",
        "coordinates": [
          138.6331869,
          35.6512402
        ]
      },
      "properties": {
        "内容": "バス停: 甲運橋 (富士急バス; 山梨交通)",
        "name": "甲運橋",
        "operator": "富士急バス; 山梨交通",
        "ref": "266",
        "url": "",
        "url2": ""
      }
    },
    {
      "type": "Feature",
      "geometry": {
        "type": "Point",
        "coordinates": [
          138.6298147,
          35.6516036
        ]
      },
      "properties": {
        "内容": "バス停: 名称不明バス停 (富士急バス; 山梨交通)",
        "name": "名称不明バス停",
        "operator": "富士急バス; 山梨交通",
        "ref": "267",
        "url": "",
        "url2": ""
      }
    },
    {
      "type": "Feature",
      "geometry": {
        "type": "Point",
        "coordinates": [
          138.6290824,
          35.6516407
        ]
      },
      "properties": {
        "内容": "バス停: 名称不明バス停 (富士急バス; 山梨交通)",
        "name": "名称不明バス停",
        "operator": "富士急バス; 山梨交通",
        "ref": "267",
        "url": "",
        "url2": ""
      }
    },
    {
      "type": "Feature",
      "geometry": {
        "type": "Point",
        "coordinates": [
          138.6253823,
          35.6523642
        ]
      },
      "properties": {
        "内容": "バス停: 山梨県青少年センター (富士急バス; 山梨交通)",
        "name": "山梨県青少年センター",
        "operator": "富士急バス; 山梨交通",
        "ref": "268",
        "url": "",
        "url2": ""
      }
    },
    {
      "type": "Feature",
      "geometry": {
        "type": "Point",
        "coordinates": [
          138.6219411,
          35.6527751
        ]
      },
      "properties": {
        "内容": "バス停: 甲運小学校入口 (富士急バス; 山梨交通)",
        "name": "甲運小学校入口",
        "operator": "富士急バス; 山梨交通",
        "ref": "269",
        "url": "",
        "url2": ""
      }
    },
    {
      "type": "Feature",
      "geometry": {
        "type": "Point",
        "coordinates": [
          138.6225942,
          35.6527489
        ]
      },
      "properties": {
        "内容": "バス停: 甲運小学校入口 (富士急バス; 山梨交通)",
        "name": "甲運小学校入口",
        "operator": "富士急バス; 山梨交通",
        "ref": "269",
        "url": "",
        "url2": ""
      }
    },
    {
      "type": "Feature",
      "geometry": {
        "type": "Point",
        "coordinates": [
          138.6193789,
          35.6531734
        ]
      },
      "properties": {
        "内容": "バス停: 甲運和戸 (富士急バス; 山梨交通)",
        "name": "甲運和戸",
        "operator": "富士急バス; 山梨交通",
        "ref": "270",
        "url": "",
        "url2": ""
      }
    },
    {
      "type": "Feature",
      "geometry": {
        "type": "Point",
        "coordinates": [
          138.6190758,
          35.6532894
        ]
      },
      "properties": {
        "内容": "バス停: 甲運和戸 (富士急バス; 山梨交通)",
        "name": "甲運和戸",
        "operator": "富士急バス; 山梨交通",
        "ref": "270",
        "url": "",
        "url2": ""
      }
    },
    {
      "type": "Feature",
      "geometry": {
        "type": "Point",
        "coordinates": [
          138.6165445,
          35.6535842
        ]
      },
      "properties": {
        "内容": "バス停: 英和大学入口 (富士急バス; 山梨交通)",
        "name": "英和大学入口",
        "operator": "富士急バス; 山梨交通",
        "ref": "271",
        "url": "",
        "url2": ""
      }
    },
    {
      "type": "Feature",
      "geometry": {
        "type": "Point",
        "coordinates": [
          138.6156184,
          35.653764
        ]
      },
      "properties": {
        "内容": "バス停: 英和大学入口 (富士急バス; 山梨交通)",
        "name": "英和大学入口",
        "operator": "富士急バス; 山梨交通",
        "ref": "271",
        "url": "",
        "url2": ""
      }
    },
    {
      "type": "Feature",
      "geometry": {
        "type": "Point",
        "coordinates": [
          138.6108984,
          35.6545268
        ]
      },
      "properties": {
        "内容": "バス停: 中央自動車教習所 (富士急バス; 山梨交通)",
        "name": "中央自動車教習所",
        "operator": "富士急バス; 山梨交通",
        "ref": "272",
        "url": "",
        "url2": ""
      }
    },
    {
      "type": "Feature",
      "geometry": {
        "type": "Point",
        "coordinates": [
          138.6088881,
          35.6549393
        ]
      },
      "properties": {
        "内容": "バス停: 甲運松原 (富士急バス; 山梨交通)",
        "name": "甲運松原",
        "operator": "富士急バス; 山梨交通",
        "ref": "273",
        "url": "",
        "url2": ""
      }
    },
    {
      "type": "Feature",
      "geometry": {
        "type": "Point",
        "coordinates": [
          138.6063293,
          35.6561069
        ]
      },
      "properties": {
        "内容": "バス停: 山崎 (富士急バス; 山梨交通)",
        "name": "山崎",
        "operator": "富士急バス; 山梨交通",
        "ref": "274",
        "url": "",
        "url2": ""
      }
    },
    {
      "type": "Feature",
      "geometry": {
        "type": "Point",
        "coordinates": [
          138.6050941,
          35.6565694
        ]
      },
      "properties": {
        "内容": "バス停: 名称不明バス停 (富士急バス; 山梨交通)",
        "name": "名称不明バス停",
        "operator": "富士急バス; 山梨交通",
        "ref": "275",
        "url": "",
        "url2": ""
      }
    },
    {
      "type": "Feature",
      "geometry": {
        "type": "Point",
        "coordinates": [
          138.5974914,
          35.6584665
        ]
      },
      "properties": {
        "内容": "バス停: 酒折駅入口 (富士急バス; 山梨交通)",
        "name": "酒折駅入口",
        "operator": "富士急バス; 山梨交通",
        "ref": "276",
        "url": "",
        "url2": ""
      }
    },
    {
      "type": "Feature",
      "geometry": {
        "type": "Point",
        "coordinates": [
          138.5947555,
          35.6587117
        ]
      },
      "properties": {
        "内容": "バス停: 酒折宮前 (富士急バス; 山梨交通)",
        "name": "酒折宮前",
        "operator": "富士急バス; 山梨交通",
        "ref": "277",
        "url": "",
        "url2": ""
      }
    },
    {
      "type": "Feature",
      "geometry": {
        "type": "Point",
        "coordinates": [
          138.5943854,
          35.6588261
        ]
      },
      "properties": {
        "内容": "バス停: 酒折宮前 (富士急バス; 山梨交通)",
        "name": "酒折宮前",
        "operator": "富士急バス; 山梨交通",
        "ref": "277",
        "url": "",
        "url2": ""
      }
    },
    {
      "type": "Feature",
      "geometry": {
        "type": "Point",
        "coordinates": [
          138.5899322,
          35.6592767
        ]
      },
      "properties": {
        "内容": "バス停: 善光寺; 善光寺入口 (富士急バス; 山梨交通; 中央高速バス)",
        "name": "善光寺; 善光寺入口",
        "operator": "富士急バス; 山梨交通; 中央高速バス",
        "ref": "278",
        "url": "",
        "url2": ""
      }
    },
    {
      "type": "Feature",
      "geometry": {
        "type": "Point",
        "coordinates": [
          138.5897981,
          35.6593878
        ]
      },
      "properties": {
        "内容": "バス停: 善光寺; 善光寺入口 (富士急バス; 山梨交通; 中央高速バス)",
        "name": "善光寺; 善光寺入口",
        "operator": "富士急バス; 山梨交通; 中央高速バス",
        "ref": "278",
        "url": "",
        "url2": ""
      }
    },
    {
      "type": "Feature",
      "geometry": {
        "type": "Point",
        "coordinates": [
          138.586132,
          35.6596887
        ]
      },
      "properties": {
        "内容": "バス停: 甲府市障害者センター入口 (富士急バス; 山梨交通)",
        "name": "甲府市障害者センター入口",
        "operator": "富士急バス; 山梨交通",
        "ref": "279",
        "url": "",
        "url2": ""
      }
    },
    {
      "type": "Feature",
      "geometry": {
        "type": "Point",
        "coordinates": [
          138.5830195,
          35.6603237
        ]
      },
      "properties": {
        "内容": "バス停: 城東三丁目 (富士急バス; 山梨交通)",
        "name": "城東三丁目",
        "operator": "富士急バス; 山梨交通",
        "ref": "280",
        "url": "",
        "url2": ""
      }
    },
    {
      "type": "Feature",
      "geometry": {
        "type": "Point",
        "coordinates": [
          138.5804124,
          35.6607515
        ]
      },
      "properties": {
        "内容": "バス停: 甲府市立図書館入口 (富士急バス; 山梨交通)",
        "name": "甲府市立図書館入口",
        "operator": "富士急バス; 山梨交通",
        "ref": "281",
        "url": "",
        "url2": ""
      }
    },
    {
      "type": "Feature",
      "geometry": {
        "type": "Point",
        "coordinates": [
          138.5802609,
          35.6609052
        ]
      },
      "properties": {
        "内容": "バス停: 甲府市立図書館入口 (富士急バス; 山梨交通)",
        "name": "甲府市立図書館入口",
        "operator": "富士急バス; 山梨交通",
        "ref": "281",
        "url": "",
        "url2": ""
      }
    },
    {
      "type": "Feature",
      "geometry": {
        "type": "Point",
        "coordinates": [
          138.578952,
          35.6602699
        ]
      },
      "properties": {
        "内容": "バス停: 城東一丁目 (富士急バス; 山梨交通)",
        "name": "城東一丁目",
        "operator": "富士急バス; 山梨交通",
        "ref": "282",
        "url": "",
        "url2": ""
      }
    },
    {
      "type": "Feature",
      "geometry": {
        "type": "Point",
        "coordinates": [
          138.5781768,
          35.6599201
        ]
      },
      "properties": {
        "内容": "バス停: 城東一丁目 (富士急バス; 山梨交通)",
        "name": "城東一丁目",
        "operator": "富士急バス; 山梨交通",
        "ref": "282",
        "url": "",
        "url2": ""
      }
    },
    {
      "type": "Feature",
      "geometry": {
        "type": "Point",
        "coordinates": [
          138.5762671,
          35.6600945
        ]
      },
      "properties": {
        "内容": "バス停: 中央三丁目 (富士急バス; 山梨交通)",
        "name": "中央三丁目",
        "operator": "富士急バス; 山梨交通",
        "ref": "283",
        "url": "",
        "url2": ""
      }
    },
    {
      "type": "Feature",
      "geometry": {
        "type": "Point",
        "coordinates": [
          138.5723551,
          35.6601669
        ]
      },
      "properties": {
        "内容": "バス停: 中央四丁目北 (富士急バス; 山梨交通)",
        "name": "中央四丁目北",
        "operator": "富士急バス; 山梨交通",
        "ref": "",
        "url": "",
        "url2": ""
      }
    },
    {
      "type": "Feature",
      "geometry": {
        "type": "Point",
        "coordinates": [
          138.5720372,
          35.658776
        ]
      },
      "properties": {
        "内容": "バス停: 中央四丁目南 (富士急バス; 山梨交通)",
        "name": "中央四丁目南",
        "operator": "富士急バス; 山梨交通",
        "ref": "",
        "url": "",
        "url2": ""
      }
    },
    {
      "type": "Feature",
      "geometry": {
        "type": "Point",
        "coordinates": [
          138.5688561,
          35.6579849
        ]
      },
      "properties": {
        "内容": "バス停: 商工会議所 (山梨交通)",
        "name": "商工会議所",
        "operator": "山梨交通",
        "ref": "",
        "url": "",
        "url2": ""
      }
    },
    {
      "type": "Feature",
      "geometry": {
        "type": "Point",
        "coordinates": [
          138.5626093,
          35.6596401
        ]
      },
      "properties": {
        "内容": "バス停: 県民文化ホール (山梨交通)",
        "name": "県民文化ホール",
        "operator": "山梨交通",
        "ref": "",
        "url": "",
        "url2": ""
      }
    },
    {
      "type": "Feature",
      "geometry": {
        "type": "Point",
        "coordinates": [
          138.5598801,
          35.6602841
        ]
      },
      "properties": {
        "内容": "バス停: 寿町 (山梨交通)",
        "name": "寿町",
        "operator": "山梨交通",
        "ref": "",
        "url": "",
        "url2": ""
      }
    },
    {
      "type": "Feature",
      "geometry": {
        "type": "Point",
        "coordinates": [
          138.5482488,
          35.6587333
        ]
      },
      "properties": {
        "内容": "バス停: 貢川 (山梨交通)",
        "name": "貢川",
        "operator": "山梨交通",
        "ref": "",
        "url": "",
        "url2": ""
      }
    },
    {
      "type": "Feature",
      "geometry": {
        "type": "Point",
        "coordinates": [
          138.5422714,
          35.6605227
        ]
      },
      "properties": {
        "内容": "バス停: 貢川一丁目 (山梨交通)",
        "name": "貢川一丁目",
        "operator": "山梨交通",
        "ref": "",
        "url": "",
        "url2": ""
      }
    },
    {
      "type": "Feature",
      "geometry": {
        "type": "Point",
        "coordinates": [
          138.5316123,
          35.6626997
        ]
      },
      "properties": {
        "内容": "バス停: 貢川団地入口 (山梨交通)",
        "name": "貢川団地入口",
        "operator": "山梨交通",
        "ref": "",
        "url": "",
        "url2": ""
      }
    },
    {
      "type": "Feature",
      "geometry": {
        "type": "Point",
        "coordinates": [
          138.5265952,
          35.6639016
        ]
      },
      "properties": {
        "内容": "バス停: 名取 (山梨交通)",
        "name": "名取",
        "operator": "山梨交通",
        "ref": "",
        "url": "",
        "url2": ""
      }
    },
    {
      "type": "Feature",
      "geometry": {
        "type": "Point",
        "coordinates": [
          138.5203095,
          35.665616
        ]
      },
      "properties": {
        "内容": "バス停: 竜王郵便局 (山梨交通)",
        "name": "竜王郵便局",
        "operator": "山梨交通",
        "ref": "",
        "url": "",
        "url2": ""
      }
    },
    {
      "type": "Feature",
      "geometry": {
        "type": "Point",
        "coordinates": [
          138.520404,
          35.6656857
        ]
      },
      "properties": {
        "内容": "バス停: 竜王郵便局 (山梨交通)",
        "name": "竜王郵便局",
        "operator": "山梨交通",
        "ref": "",
        "url": "",
        "url2": ""
      }
    },
    {
      "type": "Feature",
      "geometry": {
        "type": "Point",
        "coordinates": [
          138.4935444,
          35.6839032
        ]
      },
      "properties": {
        "内容": "バス停: 下今井 (甲斐市民バス; 山梨交通)",
        "name": "下今井",
        "operator": "甲斐市民バス; 山梨交通",
        "ref": "",
        "url": "",
        "url2": ""
      }
    },
    {
      "type": "Feature",
      "geometry": {
        "type": "Point",
        "coordinates": [
          138.4865217,
          35.6872577
        ]
      },
      "properties": {
        "内容": "バス停: JR塩崎駅入口 (甲斐市民バス)",
        "name": "JR塩崎駅入口",
        "operator": "甲斐市民バス",
        "ref": "",
        "url": "",
        "url2": ""
      }
    },
    {
      "type": "Feature",
      "geometry": {
        "type": "Point",
        "coordinates": [
          138.4819663,
          35.6892183
        ]
      },
      "properties": {
        "内容": "バス停: 双葉西小学校 (山梨交通)",
        "name": "双葉西小学校",
        "operator": "山梨交通",
        "ref": "",
        "url": "",
        "url2": ""
      }
    },
    {
      "type": "Feature",
      "geometry": {
        "type": "Point",
        "coordinates": [
          138.4820136,
          35.689278
        ]
      },
      "properties": {
        "内容": "バス停: 双葉西小学校 (山梨交通)",
        "name": "双葉西小学校",
        "operator": "山梨交通",
        "ref": "",
        "url": "",
        "url2": ""
      }
    },
    {
      "type": "Feature",
      "geometry": {
        "type": "Point",
        "coordinates": [
          138.4777019,
          35.690972
        ]
      },
      "properties": {
        "内容": "バス停: 宇津谷 (山梨交通)",
        "name": "宇津谷",
        "operator": "山梨交通",
        "ref": "",
        "url": "",
        "url2": ""
      }
    },
    {
      "type": "Feature",
      "geometry": {
        "type": "Point",
        "coordinates": [
          138.4780855,
          35.691039
        ]
      },
      "properties": {
        "内容": "バス停: 宇津谷 (山梨交通)",
        "name": "宇津谷",
        "operator": "山梨交通",
        "ref": "",
        "url": "",
        "url2": ""
      }
    },
    {
      "type": "Feature",
      "geometry": {
        "type": "Point",
        "coordinates": [
          138.4720418,
          35.6956217
        ]
      },
      "properties": {
        "内容": "バス停: 金剛地公民館 (甲斐市民バス)",
        "name": "金剛地公民館",
        "operator": "甲斐市民バス",
        "ref": "",
        "url": "",
        "url2": ""
      }
    },
    {
      "type": "Feature",
      "geometry": {
        "type": "Point",
        "coordinates": [
          138.4648092,
          35.6989076
        ]
      },
      "properties": {
        "内容": "バス停: 韮崎自動車教習所 (山梨交通)",
        "name": "韮崎自動車教習所",
        "operator": "山梨交通",
        "ref": "",
        "url": "",
        "url2": ""
      }
    },
    {
      "type": "Feature",
      "geometry": {
        "type": "Point",
        "coordinates": [
          138.4647381,
          35.6988531
        ]
      },
      "properties": {
        "内容": "バス停: 韮崎自動車教習所 (山梨交通)",
        "name": "韮崎自動車教習所",
        "operator": "山梨交通",
        "ref": "",
        "url": "",
        "url2": ""
      }
    },
    {
      "type": "Feature",
      "geometry": {
        "type": "Point",
        "coordinates": [
          138.4581828,
          35.7019908
        ]
      },
      "properties": {
        "内容": "バス停: 韮崎市立病院 (山梨交通)",
        "name": "韮崎市立病院",
        "operator": "山梨交通",
        "ref": "",
        "url": "",
        "url2": ""
      }
    },
    {
      "type": "Feature",
      "geometry": {
        "type": "Point",
        "coordinates": [
          138.4578167,
          35.702079
        ]
      },
      "properties": {
        "内容": "バス停: 韮崎市立病院 (山梨交通)",
        "name": "韮崎市立病院",
        "operator": "山梨交通",
        "ref": "",
        "url": "",
        "url2": ""
      }
    },
    {
      "type": "Feature",
      "geometry": {
        "type": "Point",
        "coordinates": [
          138.4564856,
          35.7027188
        ]
      },
      "properties": {
        "内容": "バス停: 韮崎市保健福祉センター (韮崎市民バス； 山梨交通)",
        "name": "韮崎市保健福祉センター",
        "operator": "韮崎市民バス； 山梨交通",
        "ref": "",
        "url": "",
        "url2": ""
      }
    },
    {
      "type": "Feature",
      "geometry": {
        "type": "Point",
        "coordinates": [
          138.4562637,
          35.7029219
        ]
      },
      "properties": {
        "内容": "バス停: 韮崎市保健福祉センター (山梨交通)",
        "name": "韮崎市保健福祉センター",
        "operator": "山梨交通",
        "ref": "",
        "url": "",
        "url2": ""
      }
    },
    {
      "type": "Feature",
      "geometry": {
        "type": "Point",
        "coordinates": [
          138.4529766,
          35.7051054
        ]
      },
      "properties": {
        "内容": "バス停: 韮崎小学校 (山梨交通)",
        "name": "韮崎小学校",
        "operator": "山梨交通",
        "ref": "",
        "url": "",
        "url2": ""
      }
    },
    {
      "type": "Feature",
      "geometry": {
        "type": "Point",
        "coordinates": [
          138.4512721,
          35.7063676
        ]
      },
      "properties": {
        "内容": "バス停: 中銀韮崎支店 (山梨交通)",
        "name": "中銀韮崎支店",
        "operator": "山梨交通",
        "ref": "",
        "url": "",
        "url2": ""
      }
    },
    {
      "type": "Feature",
      "geometry": {
        "type": "Point",
        "coordinates": [
          138.4511514,
          35.7066028
        ]
      },
      "properties": {
        "内容": "バス停: 中銀韮崎支店 (山梨交通)",
        "name": "中銀韮崎支店",
        "operator": "山梨交通",
        "ref": "",
        "url": "",
        "url2": ""
      }
    },
    {
      "type": "Feature",
      "geometry": {
        "type": "Point",
        "coordinates": [
          138.4483995,
          35.7090639
        ]
      },
      "properties": {
        "内容": "バス停: 穴観音入口 (山梨交通)",
        "name": "穴観音入口",
        "operator": "山梨交通",
        "ref": "",
        "url": "",
        "url2": ""
      }
    },
    {
      "type": "Feature",
      "geometry": {
        "type": "Point",
        "coordinates": [
          138.4469658,
          35.7098066
        ]
      },
      "properties": {
        "内容": "バス停: 韮崎市役所 (山梨交通)",
        "name": "韮崎市役所",
        "operator": "山梨交通",
        "ref": "",
        "url": "",
        "url2": ""
      }
    },
    {
      "type": "Feature",
      "geometry": {
        "type": "Point",
        "coordinates": [
          138.4441656,
          35.7121827
        ]
      },
      "properties": {
        "内容": "バス停: 青坂入口 (山梨交通)",
        "name": "青坂入口",
        "operator": "山梨交通",
        "ref": "",
        "url": "",
        "url2": ""
      }
    },
    {
      "type": "Feature",
      "geometry": {
        "type": "Point",
        "coordinates": [
          138.438879,
          35.7149713
        ]
      },
      "properties": {
        "内容": "バス停: 青坂 (山梨交通)",
        "name": "青坂",
        "operator": "山梨交通",
        "ref": "",
        "url": "",
        "url2": ""
      }
    },
    {
      "type": "Feature",
      "geometry": {
        "type": "Point",
        "coordinates": [
          138.4354873,
          35.7184709
        ]
      },
      "properties": {
        "内容": "バス停: 一ツ谷 (山梨交通)",
        "name": "一ツ谷",
        "operator": "山梨交通",
        "ref": "",
        "url": "",
        "url2": ""
      }
    },
    {
      "type": "Feature",
      "geometry": {
        "type": "Point",
        "coordinates": [
          138.4318355,
          35.7214499
        ]
      },
      "properties": {
        "内容": "バス停: 祖母石住宅 (山梨交通)",
        "name": "祖母石住宅",
        "operator": "山梨交通",
        "ref": "",
        "url": "",
        "url2": ""
      }
    },
    {
      "type": "Feature",
      "geometry": {
        "type": "Point",
        "coordinates": [
          138.420766,
          35.7311048
        ]
      },
      "properties": {
        "内容": "バス停: 祖母石中 (山梨交通)",
        "name": "祖母石中",
        "operator": "山梨交通",
        "ref": "",
        "url": "",
        "url2": ""
      }
    },
    {
      "type": "Feature",
      "geometry": {
        "type": "Point",
        "coordinates": [
          138.4090367,
          35.7338232
        ]
      },
      "properties": {
        "内容": "バス停: 折居 (韮崎市民バス)",
        "name": "折居",
        "operator": "韮崎市民バス",
        "ref": "",
        "url": "",
        "url2": ""
      }
    },
    {
      "type": "Feature",
      "geometry": {
        "type": "Point",
        "coordinates": [
          138.4077962,
          35.7392737
        ]
      },
      "properties": {
        "内容": "バス停: おいり台 (韮崎市民バス)",
        "name": "おいり台",
        "operator": "韮崎市民バス",
        "ref": "",
        "url": "",
        "url2": ""
      }
    },
    {
      "type": "Feature",
      "geometry": {
        "type": "Point",
        "coordinates": [
          138.4107305,
          35.7477825
        ]
      },
      "properties": {
        "内容": "バス停: 入戸野入口 (山梨交通)",
        "name": "入戸野入口",
        "operator": "山梨交通",
        "ref": "",
        "url": "",
        "url2": ""
      }
    },
    {
      "type": "Feature",
      "geometry": {
        "type": "Point",
        "coordinates": [
          138.4106661,
          35.747444
        ]
      },
      "properties": {
        "内容": "バス停: 入戸野入口 (山梨交通)",
        "name": "入戸野入口",
        "operator": "山梨交通",
        "ref": "",
        "url": "",
        "url2": ""
      }
    },
    {
      "type": "Feature",
      "geometry": {
        "type": "Point",
        "coordinates": [
          138.4038439,
          35.7452355
        ]
      },
      "properties": {
        "内容": "バス停: 入戸野 (韮崎市民バス)",
        "name": "入戸野",
        "operator": "韮崎市民バス",
        "ref": "",
        "url": "",
        "url2": ""
      }
    },
    {
      "type": "Feature",
      "geometry": {
        "type": "Point",
        "coordinates": [
          138.4037675,
          35.7451985
        ]
      },
      "properties": {
        "内容": "バス停: 入戸野 (韮崎市民バス)",
        "name": "入戸野",
        "operator": "韮崎市民バス",
        "ref": "",
        "url": "",
        "url2": ""
      }
    },
    {
      "type": "Feature",
      "geometry": {
        "type": "Point",
        "coordinates": [
          138.4014159,
          35.7613927
        ]
      },
      "properties": {
        "内容": "バス停: 穴山橋 (山梨交通)",
        "name": "穴山橋",
        "operator": "山梨交通",
        "ref": "",
        "url": "",
        "url2": ""
      }
    },
    {
      "type": "Feature",
      "geometry": {
        "type": "Point",
        "coordinates": [
          138.3994149,
          35.7655563
        ]
      },
      "properties": {
        "内容": "バス停: 上円井中 (韮崎市民バス； 山梨交通)",
        "name": "上円井中",
        "operator": "韮崎市民バス； 山梨交通",
        "ref": "",
        "url": "",
        "url2": ""
      }
    },
    {
      "type": "Feature",
      "geometry": {
        "type": "Point",
        "coordinates": [
          138.3942363,
          35.7697838
        ]
      },
      "properties": {
        "内容": "バス停: 円野上 (山梨交通)",
        "name": "円野上",
        "operator": "山梨交通",
        "ref": "",
        "url": "",
        "url2": ""
      }
    },
    {
      "type": "Feature",
      "geometry": {
        "type": "Point",
        "coordinates": [
          138.3939338,
          35.7701412
        ]
      },
      "properties": {
        "内容": "バス停: 円野上 (山梨交通)",
        "name": "円野上",
        "operator": "山梨交通",
        "ref": "",
        "url": "",
        "url2": ""
      }
    },
    {
      "type": "Feature",
      "geometry": {
        "type": "Point",
        "coordinates": [
          138.3935577,
          35.7754196
        ]
      },
      "properties": {
        "内容": "バス停: 宮脇旧公民館 (北杜市民バス)",
        "name": "宮脇旧公民館",
        "operator": "北杜市民バス",
        "ref": "",
        "url": "",
        "url2": ""
      }
    },
    {
      "type": "Feature",
      "geometry": {
        "type": "Point",
        "coordinates": [
          138.3884843,
          35.7832206
        ]
      },
      "properties": {
        "内容": "バス停: 牧原下 (北杜市民バス)",
        "name": "牧原下",
        "operator": "北杜市民バス",
        "ref": "",
        "url": "",
        "url2": ""
      }
    },
    {
      "type": "Feature",
      "geometry": {
        "type": "Point",
        "coordinates": [
          138.3853997,
          35.7844641
        ]
      },
      "properties": {
        "内容": "バス停: 牧原中 (北杜市民バス)",
        "name": "牧原中",
        "operator": "北杜市民バス",
        "ref": "",
        "url": "",
        "url2": ""
      }
    },
    {
      "type": "Feature",
      "geometry": {
        "type": "Point",
        "coordinates": [
          138.3824037,
          35.7857761
        ]
      },
      "properties": {
        "内容": "バス停: 牧の原 (北杜市民バス)",
        "name": "牧の原",
        "operator": "北杜市民バス",
        "ref": "",
        "url": "",
        "url2": ""
      }
    },
    {
      "type": "Feature",
      "geometry": {
        "type": "Point",
        "coordinates": [
          138.3787841,
          35.7880063
        ]
      },
      "properties": {
        "内容": "バス停: 下三吹 (北杜市民バス； 山梨交通)",
        "name": "下三吹",
        "operator": "北杜市民バス； 山梨交通",
        "ref": "",
        "url": "",
        "url2": ""
      }
    },
    {
      "type": "Feature",
      "geometry": {
        "type": "Point",
        "coordinates": [
          138.3764599,
          35.7882598
        ]
      },
      "properties": {
        "内容": "バス停: 下三吹入口 (北杜市)",
        "name": "下三吹入口",
        "operator": "北杜市",
        "ref": "",
        "url": "",
        "url2": ""
      }
    },
    {
      "type": "Feature",
      "geometry": {
        "type": "Point",
        "coordinates": [
          138.365133,
          35.7947303
        ]
      },
      "properties": {
        "内容": "バス停: 新屋敷 (北杜市民バス)",
        "name": "新屋敷",
        "operator": "北杜市民バス",
        "ref": "",
        "url": "",
        "url2": ""
      }
    },
    {
      "type": "Feature",
      "geometry": {
        "type": "Point",
        "coordinates": [
          138.363765,
          35.7966154
        ]
      },
      "properties": {
        "内容": "バス停: 上三吹下 (山梨交通)",
        "name": "上三吹下",
        "operator": "山梨交通",
        "ref": "",
        "url": "",
        "url2": ""
      }
    },
    {
      "type": "Feature",
      "geometry": {
        "type": "Point",
        "coordinates": [
          138.3636792,
          35.7967731
        ]
      },
      "properties": {
        "内容": "バス停: 上三吹下 (北杜市民バス； 山梨交通)",
        "name": "上三吹下",
        "operator": "北杜市民バス； 山梨交通",
        "ref": "",
        "url": "",
        "url2": ""
      }
    },
    {
      "type": "Feature",
      "geometry": {
        "type": "Point",
        "coordinates": [
          138.3616716,
          35.7980077
        ]
      },
      "properties": {
        "内容": "バス停: 上三吹 (北杜市民バス； 山梨交通)",
        "name": "上三吹",
        "operator": "北杜市民バス； 山梨交通",
        "ref": "",
        "url": "",
        "url2": ""
      }
    },
    {
      "type": "Feature",
      "geometry": {
        "type": "Point",
        "coordinates": [
          138.3433843,
          35.8078066
        ]
      },
      "properties": {
        "内容": "バス停: 台ケ原ポンプ小屋前 (北杜市民バス)",
        "name": "台ケ原ポンプ小屋前",
        "operator": "北杜市民バス",
        "ref": "",
        "url": "",
        "url2": ""
      }
    },
    {
      "type": "Feature",
      "geometry": {
        "type": "Point",
        "coordinates": [
          138.3394602,
          35.8083776
        ]
      },
      "properties": {
        "内容": "バス停: 旧清水商店前 (北杜市民バス)",
        "name": "旧清水商店前",
        "operator": "北杜市民バス",
        "ref": "",
        "url": "",
        "url2": ""
      }
    },
    {
      "type": "Feature",
      "geometry": {
        "type": "Point",
        "coordinates": [
          138.3347422,
          35.8092445
        ]
      },
      "properties": {
        "内容": "バス停: スクールバス車庫 (北杜市民バス)",
        "name": "スクールバス車庫",
        "operator": "北杜市民バス",
        "ref": "",
        "url": "",
        "url2": ""
      }
    },
    {
      "type": "Feature",
      "geometry": {
        "type": "Point",
        "coordinates": [
          138.3320908,
          35.8120504
        ]
      },
      "properties": {
        "内容": "バス停: 白須上ポンプ小屋前 (北杜市民バス)",
        "name": "白須上ポンプ小屋前",
        "operator": "北杜市民バス",
        "ref": "",
        "url": "",
        "url2": ""
      }
    },
    {
      "type": "Feature",
      "geometry": {
        "type": "Point",
        "coordinates": [
          138.3251238,
          35.8180883
        ]
      },
      "properties": {
        "内容": "バス停: 前沢ちびっこ広場前 (北杜市民バス)",
        "name": "前沢ちびっこ広場前",
        "operator": "北杜市民バス",
        "ref": "",
        "url": "",
        "url2": ""
      }
    },
    {
      "type": "Feature",
      "geometry": {
        "type": "Point",
        "coordinates": [
          138.3206794,
          35.8201023
        ]
      },
      "properties": {
        "内容": "バス停: 前沢新屋敷 (北杜市民バス)",
        "name": "前沢新屋敷",
        "operator": "北杜市民バス",
        "ref": "",
        "url": "",
        "url2": ""
      }
    },
    {
      "type": "Feature",
      "geometry": {
        "type": "Point",
        "coordinates": [
          138.3142769,
          35.8252001
        ]
      },
      "properties": {
        "内容": "バス停: 県営白州団地入口 (山梨交通)",
        "name": "県営白州団地入口",
        "operator": "山梨交通",
        "ref": "",
        "url": "",
        "url2": ""
      }
    },
    {
      "type": "Feature",
      "geometry": {
        "type": "Point",
        "coordinates": [
          138.3075976,
          35.8306297
        ]
      },
      "properties": {
        "内容": "バス停: 松原上 (山梨交通)",
        "name": "松原上",
        "operator": "山梨交通",
        "ref": "",
        "url": "",
        "url2": ""
      }
    },
    {
      "type": "Feature",
      "geometry": {
        "type": "Point",
        "coordinates": [
          138.3012032,
          35.8438572
        ]
      },
      "properties": {
        "内容": "バス停: 下教来石上 (北杜市民バス)",
        "name": "下教来石上",
        "operator": "北杜市民バス",
        "ref": "",
        "url": "",
        "url2": ""
      }
    },
    {
      "type": "Feature",
      "geometry": {
        "type": "Point",
        "coordinates": [
          138.2978075,
          35.847705
        ]
      },
      "properties": {
        "内容": "バス停: 名称不明バス停 (北杜市民バス)",
        "name": "名称不明バス停",
        "operator": "北杜市民バス",
        "ref": "",
        "url": "",
        "url2": ""
      }
    },
    {
      "type": "Feature",
      "geometry": {
        "type": "Point",
        "coordinates": [
          138.2933832,
          35.8539326
        ]
      },
      "properties": {
        "内容": "バス停: 山口スクールバス亭 (北杜市民バス)",
        "name": "山口スクールバス亭",
        "operator": "北杜市民バス",
        "ref": "",
        "url": "",
        "url2": ""
      }
    },
    {
      "type": "Feature",
      "geometry": {
        "type": "Point",
        "coordinates": [
          138.6396892,
          35.6501259
        ]
      },
      "properties": {
        "内容": "バス停: 鵜飼山",
        "name": "鵜飼山",
        "operator": "事業者不明",
        "ref": "",
        "url": "",
        "url2": ""
      }
    },
    {
      "type": "Feature",
      "geometry": {
        "type": "Point",
        "coordinates": [
          138.6441953,
          35.6521201
        ]
      },
      "properties": {
        "内容": "バス停: 八田公民館",
        "name": "八田公民館",
        "operator": "事業者不明",
        "ref": "",
        "url": "",
        "url2": ""
      }
    },
    {
      "type": "Feature",
      "geometry": {
        "type": "Point",
        "coordinates": [
          138.6496134,
          35.6549431
        ]
      },
      "properties": {
        "内容": "バス停: 川中島公民館",
        "name": "川中島公民館",
        "operator": "事業者不明",
        "ref": "",
        "url": "",
        "url2": ""
      }
    },
    {
      "type": "Feature",
      "geometry": {
        "type": "Point",
        "coordinates": [
          138.6567266,
          35.6570511
        ]
      },
      "properties": {
        "内容": "バス停: 笛吹橋西",
        "name": "笛吹橋西",
        "operator": "事業者不明",
        "ref": "",
        "url": "",
        "url2": ""
      }
    },
    {
      "type": "Feature",
      "geometry": {
        "type": "Point",
        "coordinates": [
          138.6741073,
          35.6597632
        ]
      },
      "properties": {
        "内容": "バス停: 田中公民館",
        "name": "田中公民館",
        "operator": "事業者不明",
        "ref": "",
        "url": "",
        "url2": ""
      }
    },
    {
      "type": "Feature",
      "geometry": {
        "type": "Point",
        "coordinates": [
          138.6763993,
          35.6599256
        ]
      },
      "properties": {
        "内容": "バス停: 田中",
        "name": "田中",
        "operator": "事業者不明",
        "ref": "2",
        "url": "",
        "url2": ""
      }
    },
    {
      "type": "Feature",
      "geometry": {
        "type": "Point",
        "coordinates": [
          138.6810006,
          35.6627008
        ]
      },
      "properties": {
        "内容": "バス停: 名称不明バス停",
        "name": "名称不明バス停",
        "operator": "事業者不明",
        "ref": "",
        "url": "",
        "url2": ""
      }
    },
    {
      "type": "Feature",
      "geometry": {
        "type": "Point",
        "coordinates": [
          138.6840825,
          35.6621397
        ]
      },
      "properties": {
        "内容": "バス停: 名称不明バス停",
        "name": "名称不明バス停",
        "operator": "事業者不明",
        "ref": "",
        "url": "",
        "url2": ""
      }
    },
    {
      "type": "Feature",
      "geometry": {
        "type": "Point",
        "coordinates": [
          138.6866118,
          35.6620885
        ]
      },
      "properties": {
        "内容": "バス停: 名称不明バス停",
        "name": "名称不明バス停",
        "operator": "事業者不明",
        "ref": "",
        "url": "",
        "url2": ""
      }
    },
    {
      "type": "Feature",
      "geometry": {
        "type": "Point",
        "coordinates": [
          138.6897996,
          35.6630931
        ]
      },
      "properties": {
        "内容": "バス停: 日川小学校",
        "name": "日川小学校",
        "operator": "事業者不明",
        "ref": "",
        "url": "",
        "url2": ""
      }
    },
    {
      "type": "Feature",
      "geometry": {
        "type": "Point",
        "coordinates": [
          138.7046456,
          35.6642688
        ]
      },
      "properties": {
        "内容": "バス停: 矢作橋",
        "name": "矢作橋",
        "operator": "事業者不明",
        "ref": "",
        "url": "",
        "url2": ""
      }
    },
    {
      "type": "Feature",
      "geometry": {
        "type": "Point",
        "coordinates": [
          138.7122644,
          35.6658628
        ]
      },
      "properties": {
        "内容": "バス停: 名称不明バス停",
        "name": "名称不明バス停",
        "operator": "事業者不明",
        "ref": "",
        "url": "",
        "url2": ""
      }
    },
    {
      "type": "Feature",
      "geometry": {
        "type": "Point",
        "coordinates": [
          138.7137464,
          35.6661319
        ]
      },
      "properties": {
        "内容": "バス停: 名称不明バス停",
        "name": "名称不明バス停",
        "operator": "事業者不明",
        "ref": "",
        "url": "",
        "url2": ""
      }
    },
    {
      "type": "Feature",
      "geometry": {
        "type": "Point",
        "coordinates": [
          138.7156507,
          35.6660513
        ]
      },
      "properties": {
        "内容": "バス停: 西嶋石油スタンド前",
        "name": "西嶋石油スタンド前",
        "operator": "事業者不明",
        "ref": "",
        "url": "",
        "url2": ""
      }
    },
    {
      "type": "Feature",
      "geometry": {
        "type": "Point",
        "coordinates": [
          138.7159123,
          35.6660491
        ]
      },
      "properties": {
        "内容": "バス停: 西嶋石油スタンド前",
        "name": "西嶋石油スタンド前",
        "operator": "事業者不明",
        "ref": "",
        "url": "",
        "url2": ""
      }
    },
    {
      "type": "Feature",
      "geometry": {
        "type": "Point",
        "coordinates": [
          138.7188131,
          35.6653681
        ]
      },
      "properties": {
        "内容": "バス停: 諏訪神社",
        "name": "諏訪神社",
        "operator": "事業者不明",
        "ref": "",
        "url": "",
        "url2": ""
      }
    },
    {
      "type": "Feature",
      "geometry": {
        "type": "Point",
        "coordinates": [
          138.6355546,
          35.6537471
        ]
      },
      "properties": {
        "内容": "バス停: 石和橋",
        "name": "石和橋",
        "operator": "事業者不明",
        "ref": "",
        "url": "",
        "url2": ""
      }
    },
    {
      "type": "Feature",
      "geometry": {
        "type": "Point",
        "coordinates": [
          138.6357008,
          35.6538354
        ]
      },
      "properties": {
        "内容": "バス停: 石和橋",
        "name": "石和橋",
        "operator": "事業者不明",
        "ref": "",
        "url": "",
        "url2": ""
      }
    },
    {
      "type": "Feature",
      "geometry": {
        "type": "Point",
        "coordinates": [
          138.6376427,
          35.6500463
        ]
      },
      "properties": {
        "内容": "バス停: 石和温泉駅入口",
        "name": "石和温泉駅入口",
        "operator": "事業者不明",
        "ref": "264",
        "url": "",
        "url2": ""
      }
    },
    {
      "type": "Feature",
      "geometry": {
        "type": "Point",
        "coordinates": [
          138.6375931,
          35.6500474
        ]
      },
      "properties": {
        "内容": "バス停: 石和八幡宮",
        "name": "石和八幡宮",
        "operator": "事業者不明",
        "ref": "",
        "url": "",
        "url2": ""
      }
    },
    {
      "type": "Feature",
      "geometry": {
        "type": "Point",
        "coordinates": [
          138.8523671,
          35.5229904
        ]
      },
      "properties": {
        "内容": "バス停: 中央道西桂",
        "name": "中央道西桂",
        "operator": "事業者不明",
        "ref": "",
        "url": "",
        "url2": ""
      }
    },
    {
      "type": "Feature",
      "geometry": {
        "type": "Point",
        "coordinates": [
          138.6918702,
          35.4761913
        ]
      },
      "properties": {
        "内容": "バス停: Free Pick Up to Kawaguchiko Station",
        "name": "Free Pick Up to Kawaguchiko Station",
        "operator": "事業者不明",
        "ref": "",
        "url": "",
        "url2": ""
      }
    },
    {
      "type": "Feature",
      "geometry": {
        "type": "Point",
        "coordinates": [
          138.7692608,
          35.4982575
        ]
      },
      "properties": {
        "内容": "バス停: 河口湖駅",
        "name": "河口湖駅",
        "operator": "事業者不明",
        "ref": "",
        "url": "",
        "url2": ""
      }
    },
    {
      "type": "Feature",
      "geometry": {
        "type": "Point",
        "coordinates": [
          138.8525268,
          35.5239054
        ]
      },
      "properties": {
        "内容": "バス停: 中央道西桂",
        "name": "中央道西桂",
        "operator": "事業者不明",
        "ref": "",
        "url": "",
        "url2": ""
      }
    },
    {
      "type": "Feature",
      "geometry": {
        "type": "Point",
        "coordinates": [
          138.9242153,
          35.5899002
        ]
      },
      "properties": {
        "内容": "バス停: 中央道小形山",
        "name": "中央道小形山",
        "operator": "事業者不明",
        "ref": "",
        "url": "",
        "url2": ""
      }
    },
    {
      "type": "Feature",
      "geometry": {
        "type": "Point",
        "coordinates": [
          138.9245592,
          35.5905243
        ]
      },
      "properties": {
        "内容": "バス停: 中央道小形山",
        "name": "中央道小形山",
        "operator": "事業者不明",
        "ref": "",
        "url": "",
        "url2": ""
      }
    },
    {
      "type": "Feature",
      "geometry": {
        "type": "Point",
        "coordinates": [
          138.7699889,
          35.6365909
        ]
      },
      "properties": {
        "内容": "バス停: 日影",
        "name": "日影",
        "operator": "事業者不明",
        "ref": "",
        "url": "",
        "url2": ""
      }
    },
    {
      "type": "Feature",
      "geometry": {
        "type": "Point",
        "coordinates": [
          138.8346054,
          35.6050894
        ]
      },
      "properties": {
        "内容": "バス停: 笹子川橋",
        "name": "笹子川橋",
        "operator": "事業者不明",
        "ref": "",
        "url": "",
        "url2": ""
      }
    },
    {
      "type": "Feature",
      "geometry": {
        "type": "Point",
        "coordinates": [
          138.8296513,
          35.604265
        ]
      },
      "properties": {
        "内容": "バス停: 笹子局前",
        "name": "笹子局前",
        "operator": "事業者不明",
        "ref": "",
        "url": "",
        "url2": ""
      }
    },
    {
      "type": "Feature",
      "geometry": {
        "type": "Point",
        "coordinates": [
          138.8445261,
          35.6023716
        ]
      },
      "properties": {
        "内容": "バス停: 原公民館前",
        "name": "原公民館前",
        "operator": "事業者不明",
        "ref": "",
        "url": "",
        "url2": ""
      }
    },
    {
      "type": "Feature",
      "geometry": {
        "type": "Point",
        "coordinates": [
          138.8481063,
          35.6019872
        ]
      },
      "properties": {
        "内容": "バス停: 原",
        "name": "原",
        "operator": "事業者不明",
        "ref": "",
        "url": "",
        "url2": ""
      }
    },
    {
      "type": "Feature",
      "geometry": {
        "type": "Point",
        "coordinates": [
          138.8706663,
          35.5987289
        ]
      },
      "properties": {
        "内容": "バス停: 唐沢橋",
        "name": "唐沢橋",
        "operator": "事業者不明",
        "ref": "",
        "url": "",
        "url2": ""
      }
    },
    {
      "type": "Feature",
      "geometry": {
        "type": "Point",
        "coordinates": [
          138.865601,
          35.6018868
        ]
      },
      "properties": {
        "内容": "バス停: 立河原",
        "name": "立河原",
        "operator": "事業者不明",
        "ref": "",
        "url": "",
        "url2": ""
      }
    },
    {
      "type": "Feature",
      "geometry": {
        "type": "Point",
        "coordinates": [
          138.8573304,
          35.603577
        ]
      },
      "properties": {
        "内容": "バス停: 白野下宿",
        "name": "白野下宿",
        "operator": "事業者不明",
        "ref": "",
        "url": "",
        "url2": ""
      }
    },
    {
      "type": "Feature",
      "geometry": {
        "type": "Point",
        "coordinates": [
          138.8554166,
          35.6035699
        ]
      },
      "properties": {
        "内容": "バス停: 白野中宿",
        "name": "白野中宿",
        "operator": "事業者不明",
        "ref": "",
        "url": "",
        "url2": ""
      }
    },
    {
      "type": "Feature",
      "geometry": {
        "type": "Point",
        "coordinates": [
          138.8527123,
          35.6025558
        ]
      },
      "properties": {
        "内容": "バス停: 白野上宿",
        "name": "白野上宿",
        "operator": "事業者不明",
        "ref": "",
        "url": "",
        "url2": ""
      }
    },
    {
      "type": "Feature",
      "geometry": {
        "type": "Point",
        "coordinates": [
          138.9062244,
          35.6005391
        ]
      },
      "properties": {
        "内容": "バス停: 下真木",
        "name": "下真木",
        "operator": "事業者不明",
        "ref": "",
        "url": "",
        "url2": ""
      }
    },
    {
      "type": "Feature",
      "geometry": {
        "type": "Point",
        "coordinates": [
          138.9060621,
          35.6005718
        ]
      },
      "properties": {
        "内容": "バス停: 下真木",
        "name": "下真木",
        "operator": "事業者不明",
        "ref": "",
        "url": "",
        "url2": ""
      }
    },
    {
      "type": "Feature",
      "geometry": {
        "type": "Point",
        "coordinates": [
          138.8850041,
          35.5964901
        ]
      },
      "properties": {
        "内容": "バス停: 初狩駅前",
        "name": "初狩駅前",
        "operator": "事業者不明",
        "ref": "",
        "url": "",
        "url2": ""
      }
    },
    {
      "type": "Feature",
      "geometry": {
        "type": "Point",
        "coordinates": [
          138.9149241,
          35.5992556
        ]
      },
      "properties": {
        "内容": "バス停: 三軒屋",
        "name": "三軒屋",
        "operator": "事業者不明",
        "ref": "",
        "url": "",
        "url2": ""
      }
    },
    {
      "type": "Feature",
      "geometry": {
        "type": "Point",
        "coordinates": [
          138.9282292,
          35.605399
        ]
      },
      "properties": {
        "内容": "バス停: 下花咲",
        "name": "下花咲",
        "operator": "事業者不明",
        "ref": "",
        "url": "",
        "url2": ""
      }
    },
    {
      "type": "Feature",
      "geometry": {
        "type": "Point",
        "coordinates": [
          138.9268921,
          35.604639
        ]
      },
      "properties": {
        "内容": "バス停: 大月市総合福祉センター前",
        "name": "大月市総合福祉センター前",
        "operator": "事業者不明",
        "ref": "",
        "url": "",
        "url2": ""
      }
    },
    {
      "type": "Feature",
      "geometry": {
        "type": "Point",
        "coordinates": [
          138.9272267,
          35.6050043
        ]
      },
      "properties": {
        "内容": "バス停: 大月市総合福祉センター前",
        "name": "大月市総合福祉センター前",
        "operator": "事業者不明",
        "ref": "",
        "url": "",
        "url2": ""
      }
    },
    {
      "type": "Feature",
      "geometry": {
        "type": "Point",
        "coordinates": [
          138.9223525,
          35.6024593
        ]
      },
      "properties": {
        "内容": "バス停: 西方寺入口",
        "name": "西方寺入口",
        "operator": "事業者不明",
        "ref": "",
        "url": "",
        "url2": ""
      }
    },
    {
      "type": "Feature",
      "geometry": {
        "type": "Point",
        "coordinates": [
          138.9227186,
          35.6027559
        ]
      },
      "properties": {
        "内容": "バス停: 西方寺入口",
        "name": "西方寺入口",
        "operator": "事業者不明",
        "ref": "",
        "url": "",
        "url2": ""
      }
    },
    {
      "type": "Feature",
      "geometry": {
        "type": "Point",
        "coordinates": [
          138.9387763,
          35.6103339
        ]
      },
      "properties": {
        "内容": "バス停: 都留高前",
        "name": "都留高前",
        "operator": "事業者不明",
        "ref": "",
        "url": "",
        "url2": ""
      }
    },
    {
      "type": "Feature",
      "geometry": {
        "type": "Point",
        "coordinates": [
          138.9378315,
          35.6110541
        ]
      },
      "properties": {
        "内容": "バス停: 大月東中入口",
        "name": "大月東中入口",
        "operator": "事業者不明",
        "ref": "",
        "url": "",
        "url2": ""
      }
    },
    {
      "type": "Feature",
      "geometry": {
        "type": "Point",
        "coordinates": [
          138.9340214,
          35.6068917
        ]
      },
      "properties": {
        "内容": "バス停: 北都留合同庁舎入口",
        "name": "北都留合同庁舎入口",
        "operator": "事業者不明",
        "ref": "",
        "url": "",
        "url2": ""
      }
    },
    {
      "type": "Feature",
      "geometry": {
        "type": "Point",
        "coordinates": [
          138.9302865,
          35.6057011
        ]
      },
      "properties": {
        "内容": "バス停: 花咲下宿",
        "name": "花咲下宿",
        "operator": "事業者不明",
        "ref": "",
        "url": "",
        "url2": ""
      }
    },
    {
      "type": "Feature",
      "geometry": {
        "type": "Point",
        "coordinates": [
          138.9306191,
          35.6058406
        ]
      },
      "properties": {
        "内容": "バス停: 花咲下宿",
        "name": "花咲下宿",
        "operator": "事業者不明",
        "ref": "",
        "url": "",
        "url2": ""
      }
    },
    {
      "type": "Feature",
      "geometry": {
        "type": "Point",
        "coordinates": [
          138.928421,
          35.6055659
        ]
      },
      "properties": {
        "内容": "バス停: 下花咲",
        "name": "下花咲",
        "operator": "事業者不明",
        "ref": "",
        "url": "",
        "url2": ""
      }
    },
    {
      "type": "Feature",
      "geometry": {
        "type": "Point",
        "coordinates": [
          138.9569349,
          35.612792
        ]
      },
      "properties": {
        "内容": "バス停: 横尾橋",
        "name": "横尾橋",
        "operator": "事業者不明",
        "ref": "",
        "url": "",
        "url2": ""
      }
    },
    {
      "type": "Feature",
      "geometry": {
        "type": "Point",
        "coordinates": [
          138.9522102,
          35.6132358
        ]
      },
      "properties": {
        "内容": "バス停: 駒橋",
        "name": "駒橋",
        "operator": "事業者不明",
        "ref": "",
        "url": "",
        "url2": ""
      }
    },
    {
      "type": "Feature",
      "geometry": {
        "type": "Point",
        "coordinates": [
          138.9519185,
          35.6133791
        ]
      },
      "properties": {
        "内容": "バス停: 駒橋",
        "name": "駒橋",
        "operator": "事業者不明",
        "ref": "",
        "url": "",
        "url2": ""
      }
    },
    {
      "type": "Feature",
      "geometry": {
        "type": "Point",
        "coordinates": [
          138.9499511,
          35.6138207
        ]
      },
      "properties": {
        "内容": "バス停: 駒橋上宿",
        "name": "駒橋上宿",
        "operator": "事業者不明",
        "ref": "",
        "url": "",
        "url2": ""
      }
    },
    {
      "type": "Feature",
      "geometry": {
        "type": "Point",
        "coordinates": [
          138.9430843,
          35.6128451
        ]
      },
      "properties": {
        "内容": "バス停: 大月駅",
        "name": "大月駅",
        "operator": "事業者不明",
        "ref": "",
        "url": "",
        "url2": ""
      }
    },
    {
      "type": "Feature",
      "geometry": {
        "type": "Point",
        "coordinates": [
          138.9669536,
          35.6140169
        ]
      },
      "properties": {
        "内容": "バス停: 名称不明バス停",
        "name": "名称不明バス停",
        "operator": "事業者不明",
        "ref": "",
        "url": "",
        "url2": ""
      }
    },
    {
      "type": "Feature",
      "geometry": {
        "type": "Point",
        "coordinates": [
          138.5680112,
          35.6660469
        ]
      },
      "properties": {
        "内容": "バス停: 丸の内二丁目東 (山梨交通;富士急バス)",
        "name": "丸の内二丁目東",
        "operator": "山梨交通;富士急バス",
        "ref": "",
        "url": "",
        "url2": ""
      }
    },
    {
      "type": "Feature",
      "geometry": {
        "type": "Point",
        "coordinates": [
          138.5680769,
          35.6646272
        ]
      },
      "properties": {
        "内容": "バス停: 県会議事堂前 (富士急バス)",
        "name": "県会議事堂前",
        "operator": "富士急バス",
        "ref": "",
        "url": "",
        "url2": ""
      }
    },
    {
      "type": "Feature",
      "geometry": {
        "type": "Point",
        "coordinates": [
          138.5678503,
          35.6646754
        ]
      },
      "properties": {
        "内容": "バス停: 県会議事堂 (山梨交通;富士急バス)",
        "name": "県会議事堂",
        "operator": "山梨交通;富士急バス",
        "ref": "",
        "url": "",
        "url2": ""
      }
    },
    {
      "type": "Feature",
      "geometry": {
        "type": "Point",
        "coordinates": [
          139.0095484,
          35.6085981
        ]
      },
      "properties": {
        "内容": "バス停: 竹の入口",
        "name": "竹の入口",
        "operator": "事業者不明",
        "ref": "",
        "url": "",
        "url2": ""
      }
    },
    {
      "type": "Feature",
      "geometry": {
        "type": "Point",
        "coordinates": [
          139.0094552,
          35.6086897
        ]
      },
      "properties": {
        "内容": "バス停: 竹の入口",
        "name": "竹の入口",
        "operator": "事業者不明",
        "ref": "",
        "url": "",
        "url2": ""
      }
    },
    {
      "type": "Feature",
      "geometry": {
        "type": "Point",
        "coordinates": [
          139.0005335,
          35.608814
        ]
      },
      "properties": {
        "内容": "バス停: 上鳥沢",
        "name": "上鳥沢",
        "operator": "事業者不明",
        "ref": "",
        "url": "",
        "url2": ""
      }
    },
    {
      "type": "Feature",
      "geometry": {
        "type": "Point",
        "coordinates": [
          139.0004946,
          35.6089176
        ]
      },
      "properties": {
        "内容": "バス停: 上鳥沢",
        "name": "上鳥沢",
        "operator": "事業者不明",
        "ref": "",
        "url": "",
        "url2": ""
      }
    },
    {
      "type": "Feature",
      "geometry": {
        "type": "Point",
        "coordinates": [
          138.9676926,
          35.6143462
        ]
      },
      "properties": {
        "内容": "バス停: 駅前通り",
        "name": "駅前通り",
        "operator": "事業者不明",
        "ref": "",
        "url": "",
        "url2": ""
      }
    },
    {
      "type": "Feature",
      "geometry": {
        "type": "Point",
        "coordinates": [
          139.047951,
          35.6319377
        ]
      },
      "properties": {
        "内容": "バス停: 矢坪",
        "name": "矢坪",
        "operator": "事業者不明",
        "ref": "",
        "url": "",
        "url2": ""
      }
    },
    {
      "type": "Feature",
      "geometry": {
        "type": "Point",
        "coordinates": [
          139.0384653,
          35.6283515
        ]
      },
      "properties": {
        "内容": "バス停: 安達野",
        "name": "安達野",
        "operator": "事業者不明",
        "ref": "",
        "url": "",
        "url2": ""
      }
    },
    {
      "type": "Feature",
      "geometry": {
        "type": "Point",
        "coordinates": [
          139.0540637,
          35.6326525
        ]
      },
      "properties": {
        "内容": "バス停: 名称不明バス停",
        "name": "名称不明バス停",
        "operator": "事業者不明",
        "ref": "",
        "url": "",
        "url2": ""
      }
    },
    {
      "type": "Feature",
      "geometry": {
        "type": "Point",
        "coordinates": [
          139.0509041,
          35.6324446
        ]
      },
      "properties": {
        "内容": "バス停: 荻野",
        "name": "荻野",
        "operator": "事業者不明",
        "ref": "",
        "url": "",
        "url2": ""
      }
    },
    {
      "type": "Feature",
      "geometry": {
        "type": "Point",
        "coordinates": [
          139.1150008,
          35.6269742
        ]
      },
      "properties": {
        "内容": "バス停: 日大明誠高校入口 (富士急バス)",
        "name": "日大明誠高校入口",
        "operator": "富士急バス",
        "ref": "",
        "url": "",
        "url2": ""
      }
    },
    {
      "type": "Feature",
      "geometry": {
        "type": "Point",
        "coordinates": [
          139.1149918,
          35.6268794
        ]
      },
      "properties": {
        "内容": "バス停: 日大明誠高校入口 (富士急バス)",
        "name": "日大明誠高校入口",
        "operator": "富士急バス",
        "ref": "",
        "url": "",
        "url2": ""
      }
    },
    {
      "type": "Feature",
      "geometry": {
        "type": "Point",
        "coordinates": [
          139.1134518,
          35.6277825
        ]
      },
      "properties": {
        "内容": "バス停: 本町一丁目 (富士急バス)",
        "name": "本町一丁目",
        "operator": "富士急バス",
        "ref": "",
        "url": "",
        "url2": ""
      }
    },
    {
      "type": "Feature",
      "geometry": {
        "type": "Point",
        "coordinates": [
          139.1053597,
          35.6323651
        ]
      },
      "properties": {
        "内容": "バス停: 大向",
        "name": "大向",
        "operator": "事業者不明",
        "ref": "",
        "url": "",
        "url2": ""
      }
    },
    {
      "type": "Feature",
      "geometry": {
        "type": "Point",
        "coordinates": [
          139.1028706,
          35.634109
        ]
      },
      "properties": {
        "内容": "バス停: 名称不明バス停",
        "name": "名称不明バス停",
        "operator": "事業者不明",
        "ref": "",
        "url": "",
        "url2": ""
      }
    },
    {
      "type": "Feature",
      "geometry": {
        "type": "Point",
        "coordinates": [
          139.1022463,
          35.6356159
        ]
      },
      "properties": {
        "内容": "バス停: 鶴川",
        "name": "鶴川",
        "operator": "事業者不明",
        "ref": "",
        "url": "",
        "url2": ""
      }
    },
    {
      "type": "Feature",
      "geometry": {
        "type": "Point",
        "coordinates": [
          138.6349994,
          35.6571502
        ]
      },
      "properties": {
        "内容": "バス停: 石和温泉駅 (栄和交通)",
        "name": "石和温泉駅",
        "operator": "栄和交通",
        "ref": "",
        "url": "",
        "url2": ""
      }
    },
    {
      "type": "Feature",
      "geometry": {
        "type": "Point",
        "coordinates": [
          138.9677596,
          35.6128394
        ]
      },
      "properties": {
        "内容": "バス停: 猿橋駅",
        "name": "猿橋駅",
        "operator": "事業者不明",
        "ref": "",
        "url": "",
        "url2": ""
      }
    },
    {
      "type": "Feature",
      "geometry": {
        "type": "Point",
        "coordinates": [
          138.6059324,
          35.4850911
        ]
      },
      "properties": {
        "内容": "バス停: 名称不明バス停",
        "name": "名称不明バス停",
        "operator": "事業者不明",
        "ref": "",
        "url": "",
        "url2": ""
      }
    },
    {
      "type": "Feature",
      "geometry": {
        "type": "Point",
        "coordinates": [
          138.6024741,
          35.4894566
        ]
      },
      "properties": {
        "内容": "バス停: 名称不明バス停",
        "name": "名称不明バス停",
        "operator": "事業者不明",
        "ref": "",
        "url": "",
        "url2": ""
      }
    },
    {
      "type": "Feature",
      "geometry": {
        "type": "Point",
        "coordinates": [
          138.6116952,
          35.4891512
        ]
      },
      "properties": {
        "内容": "バス停: 名称不明バス停",
        "name": "名称不明バス停",
        "operator": "事業者不明",
        "ref": "",
        "url": "",
        "url2": ""
      }
    },
    {
      "type": "Feature",
      "geometry": {
        "type": "Point",
        "coordinates": [
          138.6646095,
          35.477934
        ]
      },
      "properties": {
        "内容": "バス停: 氷穴",
        "name": "氷穴",
        "operator": "事業者不明",
        "ref": "80",
        "url": "",
        "url2": ""
      }
    },
    {
      "type": "Feature",
      "geometry": {
        "type": "Point",
        "coordinates": [
          138.691013,
          35.4788111
        ]
      },
      "properties": {
        "内容": "バス停: 名称不明バス停",
        "name": "名称不明バス停",
        "operator": "事業者不明",
        "ref": "",
        "url": "",
        "url2": ""
      }
    },
    {
      "type": "Feature",
      "geometry": {
        "type": "Point",
        "coordinates": [
          138.7644821,
          35.5010281
        ]
      },
      "properties": {
        "内容": "バス停: 名称不明バス停",
        "name": "名称不明バス停",
        "operator": "事業者不明",
        "ref": "",
        "url": "",
        "url2": ""
      }
    },
    {
      "type": "Feature",
      "geometry": {
        "type": "Point",
        "coordinates": [
          138.7620866,
          35.5253486
        ]
      },
      "properties": {
        "内容": "バス停: 名称不明バス停",
        "name": "名称不明バス停",
        "operator": "事業者不明",
        "ref": "",
        "url": "",
        "url2": ""
      }
    },
    {
      "type": "Feature",
      "geometry": {
        "type": "Point",
        "coordinates": [
          138.7735701,
          35.4969706
        ]
      },
      "properties": {
        "内容": "バス停: 船津入口",
        "name": "船津入口",
        "operator": "事業者不明",
        "ref": "101",
        "url": "",
        "url2": ""
      }
    },
    {
      "type": "Feature",
      "geometry": {
        "type": "Point",
        "coordinates": [
          138.6122017,
          35.4799943
        ]
      },
      "properties": {
        "内容": "バス停: 名称不明バス停",
        "name": "名称不明バス停",
        "operator": "事業者不明",
        "ref": "",
        "url": "",
        "url2": ""
      }
    },
    {
      "type": "Feature",
      "geometry": {
        "type": "Point",
        "coordinates": [
          138.6037734,
          35.4633175
        ]
      },
      "properties": {
        "内容": "バス停: Lake Motosuko (97)",
        "name": "Lake Motosuko (97)",
        "operator": "事業者不明",
        "ref": "",
        "url": "",
        "url2": ""
      }
    },
    {
      "type": "Feature",
      "geometry": {
        "type": "Point",
        "coordinates": [
          138.6023752,
          35.464984
        ]
      },
      "properties": {
        "内容": "バス停: Motosuko Tourist Information Center (98)",
        "name": "Motosuko Tourist Information Center (98)",
        "operator": "事業者不明",
        "ref": "",
        "url": "",
        "url2": ""
      }
    },
    {
      "type": "Feature",
      "geometry": {
        "type": "Point",
        "coordinates": [
          138.6057224,
          35.4630538
        ]
      },
      "properties": {
        "内容": "バス停: 96",
        "name": "96",
        "operator": "事業者不明",
        "ref": "",
        "url": "",
        "url2": ""
      }
    },
    {
      "type": "Feature",
      "geometry": {
        "type": "Point",
        "coordinates": [
          138.6096117,
          35.4806562
        ]
      },
      "properties": {
        "内容": "バス停: 名称不明バス停",
        "name": "名称不明バス停",
        "operator": "事業者不明",
        "ref": "",
        "url": "",
        "url2": ""
      }
    },
    {
      "type": "Feature",
      "geometry": {
        "type": "Point",
        "coordinates": [
          138.6067584,
          35.4936354
        ]
      },
      "properties": {
        "内容": "バス停: 名称不明バス停",
        "name": "名称不明バス停",
        "operator": "事業者不明",
        "ref": "",
        "url": "",
        "url2": ""
      }
    },
    {
      "type": "Feature",
      "geometry": {
        "type": "Point",
        "coordinates": [
          138.7668098,
          35.5013233
        ]
      },
      "properties": {
        "内容": "バス停: 名称不明バス停",
        "name": "名称不明バス停",
        "operator": "事業者不明",
        "ref": "",
        "url": "",
        "url2": ""
      }
    },
    {
      "type": "Feature",
      "geometry": {
        "type": "Point",
        "coordinates": [
          138.6090957,
          35.4670242
        ]
      },
      "properties": {
        "内容": "バス停: Sekirui(Stone Wall Fence)Ent (95)",
        "name": "Sekirui(Stone Wall Fence)Ent (95)",
        "operator": "事業者不明",
        "ref": "",
        "url": "",
        "url2": ""
      }
    },
    {
      "type": "Feature",
      "geometry": {
        "type": "Point",
        "coordinates": [
          138.5969909,
          35.4713184
        ]
      },
      "properties": {
        "内容": "バス停: Motosu Tunnel",
        "name": "Motosu Tunnel",
        "operator": "事業者不明",
        "ref": "",
        "url": "",
        "url2": ""
      }
    },
    {
      "type": "Feature",
      "geometry": {
        "type": "Point",
        "coordinates": [
          138.5935745,
          35.4770712
        ]
      },
      "properties": {
        "内容": "バス停: Okubo",
        "name": "Okubo",
        "operator": "事業者不明",
        "ref": "",
        "url": "",
        "url2": ""
      }
    },
    {
      "type": "Feature",
      "geometry": {
        "type": "Point",
        "coordinates": [
          138.602452,
          35.4907047
        ]
      },
      "properties": {
        "内容": "バス停: パノラマ台下",
        "name": "パノラマ台下",
        "operator": "事業者不明",
        "ref": "88",
        "url": "",
        "url2": ""
      }
    },
    {
      "type": "Feature",
      "geometry": {
        "type": "Point",
        "coordinates": [
          138.6447087,
          35.4880573
        ]
      },
      "properties": {
        "内容": "バス停: 名称不明バス停",
        "name": "名称不明バス停",
        "operator": "事業者不明",
        "ref": "",
        "url": "",
        "url2": ""
      }
    },
    {
      "type": "Feature",
      "geometry": {
        "type": "Point",
        "coordinates": [
          138.7069984,
          35.481111
        ]
      },
      "properties": {
        "内容": "バス停: 名称不明バス停",
        "name": "名称不明バス停",
        "operator": "事業者不明",
        "ref": "",
        "url": "",
        "url2": ""
      }
    },
    {
      "type": "Feature",
      "geometry": {
        "type": "Point",
        "coordinates": [
          138.7310419,
          35.4948684
        ]
      },
      "properties": {
        "内容": "バス停: 名称不明バス停",
        "name": "名称不明バス停",
        "operator": "事業者不明",
        "ref": "",
        "url": "",
        "url2": ""
      }
    },
    {
      "type": "Feature",
      "geometry": {
        "type": "Point",
        "coordinates": [
          138.7345476,
          35.4986877
        ]
      },
      "properties": {
        "内容": "バス停: 名称不明バス停",
        "name": "名称不明バス停",
        "operator": "事業者不明",
        "ref": "",
        "url": "",
        "url2": ""
      }
    },
    {
      "type": "Feature",
      "geometry": {
        "type": "Point",
        "coordinates": [
          138.7689961,
          35.5126392
        ]
      },
      "properties": {
        "内容": "バス停: 名称不明バス停",
        "name": "名称不明バス停",
        "operator": "事業者不明",
        "ref": "",
        "url": "",
        "url2": ""
      }
    },
    {
      "type": "Feature",
      "geometry": {
        "type": "Point",
        "coordinates": [
          138.7706677,
          35.5036864
        ]
      },
      "properties": {
        "内容": "バス停: 名称不明バス停",
        "name": "名称不明バス停",
        "operator": "事業者不明",
        "ref": "",
        "url": "",
        "url2": ""
      }
    },
    {
      "type": "Feature",
      "geometry": {
        "type": "Point",
        "coordinates": [
          138.6028333,
          35.4913314
        ]
      },
      "properties": {
        "内容": "バス停: 山田屋ホテル前",
        "name": "山田屋ホテル前",
        "operator": "事業者不明",
        "ref": "87",
        "url": "",
        "url2": ""
      }
    },
    {
      "type": "Feature",
      "geometry": {
        "type": "Point",
        "coordinates": [
          138.6001575,
          35.4676598
        ]
      },
      "properties": {
        "内容": "バス停: Kita-no-yama",
        "name": "Kita-no-yama",
        "operator": "事業者不明",
        "ref": "",
        "url": "",
        "url2": ""
      }
    },
    {
      "type": "Feature",
      "geometry": {
        "type": "Point",
        "coordinates": [
          138.7038019,
          35.4806317
        ]
      },
      "properties": {
        "内容": "バス停: 名称不明バス停",
        "name": "名称不明バス停",
        "operator": "事業者不明",
        "ref": "",
        "url": "",
        "url2": ""
      }
    },
    {
      "type": "Feature",
      "geometry": {
        "type": "Point",
        "coordinates": [
          138.7459379,
          35.5063097
        ]
      },
      "properties": {
        "内容": "バス停: Fuji Omuro Sengen-Jinja Shrine Ent.",
        "name": "Fuji Omuro Sengen-Jinja Shrine Ent.",
        "operator": "事業者不明",
        "ref": "",
        "url": "",
        "url2": ""
      }
    },
    {
      "type": "Feature",
      "geometry": {
        "type": "Point",
        "coordinates": [
          138.7582748,
          35.502723
        ]
      },
      "properties": {
        "内容": "バス停: 名称不明バス停",
        "name": "名称不明バス停",
        "operator": "事業者不明",
        "ref": "",
        "url": "",
        "url2": ""
      }
    },
    {
      "type": "Feature",
      "geometry": {
        "type": "Point",
        "coordinates": [
          138.7664705,
          35.5037801
        ]
      },
      "properties": {
        "内容": "バス停: 名称不明バス停",
        "name": "名称不明バス停",
        "operator": "事業者不明",
        "ref": "",
        "url": "",
        "url2": ""
      }
    },
    {
      "type": "Feature",
      "geometry": {
        "type": "Point",
        "coordinates": [
          138.7802999,
          35.4912392
        ]
      },
      "properties": {
        "内容": "バス停: 赤坂",
        "name": "赤坂",
        "operator": "事業者不明",
        "ref": "104",
        "url": "",
        "url2": ""
      }
    },
    {
      "type": "Feature",
      "geometry": {
        "type": "Point",
        "coordinates": [
          138.6094894,
          35.4796443
        ]
      },
      "properties": {
        "内容": "バス停: 名称不明バス停",
        "name": "名称不明バス停",
        "operator": "事業者不明",
        "ref": "",
        "url": "",
        "url2": ""
      }
    },
    {
      "type": "Feature",
      "geometry": {
        "type": "Point",
        "coordinates": [
          138.7251068,
          35.4845533
        ]
      },
      "properties": {
        "内容": "バス停: 名称不明バス停",
        "name": "名称不明バス停",
        "operator": "事業者不明",
        "ref": "",
        "url": "",
        "url2": ""
      }
    },
    {
      "type": "Feature",
      "geometry": {
        "type": "Point",
        "coordinates": [
          138.7408996,
          35.505416
        ]
      },
      "properties": {
        "内容": "バス停: Katsuyama Minshuku-mura",
        "name": "Katsuyama Minshuku-mura",
        "operator": "事業者不明",
        "ref": "",
        "url": "",
        "url2": ""
      }
    },
    {
      "type": "Feature",
      "geometry": {
        "type": "Point",
        "coordinates": [
          138.7719261,
          35.5132742
        ]
      },
      "properties": {
        "内容": "バス停: 名称不明バス停",
        "name": "名称不明バス停",
        "operator": "事業者不明",
        "ref": "",
        "url": "",
        "url2": ""
      }
    },
    {
      "type": "Feature",
      "geometry": {
        "type": "Point",
        "coordinates": [
          138.7433633,
          35.522863
        ]
      },
      "properties": {
        "内容": "バス停: 名称不明バス停",
        "name": "名称不明バス停",
        "operator": "事業者不明",
        "ref": "",
        "url": "",
        "url2": ""
      }
    },
    {
      "type": "Feature",
      "geometry": {
        "type": "Point",
        "coordinates": [
          138.7535415,
          35.5052799
        ]
      },
      "properties": {
        "内容": "バス停: 名称不明バス停",
        "name": "名称不明バス停",
        "operator": "事業者不明",
        "ref": "",
        "url": "",
        "url2": ""
      }
    },
    {
      "type": "Feature",
      "geometry": {
        "type": "Point",
        "coordinates": [
          138.7726082,
          35.5200756
        ]
      },
      "properties": {
        "内容": "バス停: 名称不明バス停",
        "name": "名称不明バス停",
        "operator": "事業者不明",
        "ref": "",
        "url": "",
        "url2": ""
      }
    },
    {
      "type": "Feature",
      "geometry": {
        "type": "Point",
        "coordinates": [
          138.7586888,
          35.4523115
        ]
      },
      "properties": {
        "内容": "バス停: 胎内洞窟入口",
        "name": "胎内洞窟入口",
        "operator": "事業者不明",
        "ref": "",
        "url": "",
        "url2": ""
      }
    },
    {
      "type": "Feature",
      "geometry": {
        "type": "Point",
        "coordinates": [
          138.6562559,
          35.6569225
        ]
      },
      "properties": {
        "内容": "バス停: 笛吹橋西",
        "name": "笛吹橋西",
        "operator": "事業者不明",
        "ref": "",
        "url": "",
        "url2": ""
      }
    },
    {
      "type": "Feature",
      "geometry": {
        "type": "Point",
        "coordinates": [
          138.571178,
          35.6412136
        ]
      },
      "properties": {
        "内容": "バス停: 山梨交通",
        "name": "山梨交通",
        "operator": "事業者不明",
        "ref": "",
        "url": "",
        "url2": ""
      }
    },
    {
      "type": "Feature",
      "geometry": {
        "type": "Point",
        "coordinates": [
          138.990336,
          35.5043755
        ]
      },
      "properties": {
        "内容": "バス停: 神地橋",
        "name": "神地橋",
        "operator": "事業者不明",
        "ref": "",
        "url": "",
        "url2": ""
      }
    },
    {
      "type": "Feature",
      "geometry": {
        "type": "Point",
        "coordinates": [
          138.983138,
          35.4972847
        ]
      },
      "properties": {
        "内容": "バス停: 下善の木",
        "name": "下善の木",
        "operator": "事業者不明",
        "ref": "",
        "url": "",
        "url2": ""
      }
    },
    {
      "type": "Feature",
      "geometry": {
        "type": "Point",
        "coordinates": [
          138.9815408,
          35.4960684
        ]
      },
      "properties": {
        "内容": "バス停: 善の木",
        "name": "善の木",
        "operator": "事業者不明",
        "ref": "",
        "url": "",
        "url2": ""
      }
    },
    {
      "type": "Feature",
      "geometry": {
        "type": "Point",
        "coordinates": [
          138.9885932,
          35.5029012
        ]
      },
      "properties": {
        "内容": "バス停: 中山",
        "name": "中山",
        "operator": "事業者不明",
        "ref": "",
        "url": "",
        "url2": ""
      }
    },
    {
      "type": "Feature",
      "geometry": {
        "type": "Point",
        "coordinates": [
          138.9949714,
          35.5071063
        ]
      },
      "properties": {
        "内容": "バス停: 下神地",
        "name": "下神地",
        "operator": "事業者不明",
        "ref": "",
        "url": "",
        "url2": ""
      }
    },
    {
      "type": "Feature",
      "geometry": {
        "type": "Point",
        "coordinates": [
          138.9972942,
          35.5081304
        ]
      },
      "properties": {
        "内容": "バス停: 石原",
        "name": "石原",
        "operator": "事業者不明",
        "ref": "",
        "url": "",
        "url2": ""
      }
    },
    {
      "type": "Feature",
      "geometry": {
        "type": "Point",
        "coordinates": [
          138.9977247,
          35.5084972
        ]
      },
      "properties": {
        "内容": "バス停: 下石原",
        "name": "下石原",
        "operator": "事業者不明",
        "ref": "",
        "url": "",
        "url2": ""
      }
    },
    {
      "type": "Feature",
      "geometry": {
        "type": "Point",
        "coordinates": [
          138.9938437,
          35.5064009
        ]
      },
      "properties": {
        "内容": "バス停: 中神地",
        "name": "中神地",
        "operator": "事業者不明",
        "ref": "",
        "url": "",
        "url2": ""
      }
    },
    {
      "type": "Feature",
      "geometry": {
        "type": "Point",
        "coordinates": [
          139.1112472,
          35.5390634
        ]
      },
      "properties": {
        "内容": "バス停: 両国屋",
        "name": "両国屋",
        "operator": "事業者不明",
        "ref": "",
        "url": "",
        "url2": ""
      }
    },
    {
      "type": "Feature",
      "geometry": {
        "type": "Point",
        "coordinates": [
          139.0920533,
          35.5347816
        ]
      },
      "properties": {
        "内容": "バス停: 野原犬橋",
        "name": "野原犬橋",
        "operator": "事業者不明",
        "ref": "",
        "url": "",
        "url2": ""
      }
    },
    {
      "type": "Feature",
      "geometry": {
        "type": "Point",
        "coordinates": [
          139.0901892,
          35.5352356
        ]
      },
      "properties": {
        "内容": "バス停: 野原中",
        "name": "野原中",
        "operator": "事業者不明",
        "ref": "",
        "url": "",
        "url2": ""
      }
    },
    {
      "type": "Feature",
      "geometry": {
        "type": "Point",
        "coordinates": [
          139.0844761,
          35.5356318
        ]
      },
      "properties": {
        "内容": "バス停: みなもと体験館前",
        "name": "みなもと体験館前",
        "operator": "事業者不明",
        "ref": "",
        "url": "",
        "url2": ""
      }
    },
    {
      "type": "Feature",
      "geometry": {
        "type": "Point",
        "coordinates": [
          139.0830062,
          35.536029
        ]
      },
      "properties": {
        "内容": "バス停: 久保",
        "name": "久保",
        "operator": "事業者不明",
        "ref": "",
        "url": "",
        "url2": ""
      }
    },
    {
      "type": "Feature",
      "geometry": {
        "type": "Point",
        "coordinates": [
          139.0744473,
          35.535097
        ]
      },
      "properties": {
        "内容": "バス停: 大室橋",
        "name": "大室橋",
        "operator": "事業者不明",
        "ref": "",
        "url": "",
        "url2": ""
      }
    },
    {
      "type": "Feature",
      "geometry": {
        "type": "Point",
        "coordinates": [
          139.0779449,
          35.5345972
        ]
      },
      "properties": {
        "内容": "バス停: 笹久根",
        "name": "笹久根",
        "operator": "事業者不明",
        "ref": "",
        "url": "",
        "url2": ""
      }
    },
    {
      "type": "Feature",
      "geometry": {
        "type": "Point",
        "coordinates": [
          139.0721191,
          35.5337708
        ]
      },
      "properties": {
        "内容": "バス停: 大室指",
        "name": "大室指",
        "operator": "事業者不明",
        "ref": "",
        "url": "",
        "url2": ""
      }
    },
    {
      "type": "Feature",
      "geometry": {
        "type": "Point",
        "coordinates": [
          139.0702094,
          35.533952
        ]
      },
      "properties": {
        "内容": "バス停: 大羽根",
        "name": "大羽根",
        "operator": "事業者不明",
        "ref": "",
        "url": "",
        "url2": ""
      }
    },
    {
      "type": "Feature",
      "geometry": {
        "type": "Point",
        "coordinates": [
          139.0632357,
          35.534812
        ]
      },
      "properties": {
        "内容": "バス停: 砂原",
        "name": "砂原",
        "operator": "事業者不明",
        "ref": "",
        "url": "",
        "url2": ""
      }
    },
    {
      "type": "Feature",
      "geometry": {
        "type": "Point",
        "coordinates": [
          139.0558596,
          35.535159
        ]
      },
      "properties": {
        "内容": "バス停: 椿大橋",
        "name": "椿大橋",
        "operator": "事業者不明",
        "ref": "",
        "url": "",
        "url2": ""
      }
    },
    {
      "type": "Feature",
      "geometry": {
        "type": "Point",
        "coordinates": [
          139.0528287,
          35.5330265
        ]
      },
      "properties": {
        "内容": "バス停: 東原",
        "name": "東原",
        "operator": "事業者不明",
        "ref": "",
        "url": "",
        "url2": ""
      }
    },
    {
      "type": "Feature",
      "geometry": {
        "type": "Point",
        "coordinates": [
          139.0508619,
          35.5325908
        ]
      },
      "properties": {
        "内容": "バス停: 西川",
        "name": "西川",
        "operator": "事業者不明",
        "ref": "",
        "url": "",
        "url2": ""
      }
    },
    {
      "type": "Feature",
      "geometry": {
        "type": "Point",
        "coordinates": [
          139.0492168,
          35.5322371
        ]
      },
      "properties": {
        "内容": "バス停: 湯本",
        "name": "湯本",
        "operator": "事業者不明",
        "ref": "",
        "url": "",
        "url2": ""
      }
    },
    {
      "type": "Feature",
      "geometry": {
        "type": "Point",
        "coordinates": [
          139.0477553,
          35.5321475
        ]
      },
      "properties": {
        "内容": "バス停: 北海屋前",
        "name": "北海屋前",
        "operator": "事業者不明",
        "ref": "",
        "url": "",
        "url2": ""
      }
    },
    {
      "type": "Feature",
      "geometry": {
        "type": "Point",
        "coordinates": [
          139.0463265,
          35.5310069
        ]
      },
      "properties": {
        "内容": "バス停: 大栗",
        "name": "大栗",
        "operator": "事業者不明",
        "ref": "",
        "url": "",
        "url2": ""
      }
    },
    {
      "type": "Feature",
      "geometry": {
        "type": "Point",
        "coordinates": [
          139.042558,
          35.5303717
        ]
      },
      "properties": {
        "内容": "バス停: 馬場東口",
        "name": "馬場東口",
        "operator": "事業者不明",
        "ref": "",
        "url": "",
        "url2": ""
      }
    },
    {
      "type": "Feature",
      "geometry": {
        "type": "Point",
        "coordinates": [
          139.0408038,
          35.5294745
        ]
      },
      "properties": {
        "内容": "バス停: 道志小学校前",
        "name": "道志小学校前",
        "operator": "事業者不明",
        "ref": "",
        "url": "",
        "url2": ""
      }
    },
    {
      "type": "Feature",
      "geometry": {
        "type": "Point",
        "coordinates": [
          139.0381511,
          35.5289253
        ]
      },
      "properties": {
        "内容": "バス停: 馬場西口",
        "name": "馬場西口",
        "operator": "事業者不明",
        "ref": "",
        "url": "",
        "url2": ""
      }
    },
    {
      "type": "Feature",
      "geometry": {
        "type": "Point",
        "coordinates": [
          139.0343001,
          35.5280895
        ]
      },
      "properties": {
        "内容": "バス停: 道志",
        "name": "道志",
        "operator": "事業者不明",
        "ref": "",
        "url": "",
        "url2": ""
      }
    },
    {
      "type": "Feature",
      "geometry": {
        "type": "Point",
        "coordinates": [
          139.0327887,
          35.5275231
        ]
      },
      "properties": {
        "内容": "バス停: 竹の本",
        "name": "竹の本",
        "operator": "事業者不明",
        "ref": "",
        "url": "",
        "url2": ""
      }
    },
    {
      "type": "Feature",
      "geometry": {
        "type": "Point",
        "coordinates": [
          139.0317118,
          35.5273059
        ]
      },
      "properties": {
        "内容": "バス停: 大川戸",
        "name": "大川戸",
        "operator": "事業者不明",
        "ref": "",
        "url": "",
        "url2": ""
      }
    },
    {
      "type": "Feature",
      "geometry": {
        "type": "Point",
        "coordinates": [
          139.0276576,
          35.5266728
        ]
      },
      "properties": {
        "内容": "バス停: 戸渡",
        "name": "戸渡",
        "operator": "事業者不明",
        "ref": "",
        "url": "",
        "url2": ""
      }
    },
    {
      "type": "Feature",
      "geometry": {
        "type": "Point",
        "coordinates": [
          139.0226633,
          35.5219726
        ]
      },
      "properties": {
        "内容": "バス停: 和出村",
        "name": "和出村",
        "operator": "事業者不明",
        "ref": "",
        "url": "",
        "url2": ""
      }
    },
    {
      "type": "Feature",
      "geometry": {
        "type": "Point",
        "coordinates": [
          139.0188707,
          35.5183836
        ]
      },
      "properties": {
        "内容": "バス停: 谷相",
        "name": "谷相",
        "operator": "事業者不明",
        "ref": "",
        "url": "",
        "url2": ""
      }
    },
    {
      "type": "Feature",
      "geometry": {
        "type": "Point",
        "coordinates": [
          139.0227304,
          35.5200428
        ]
      },
      "properties": {
        "内容": "バス停: 道志小中学校前",
        "name": "道志小中学校前",
        "operator": "事業者不明",
        "ref": "",
        "url": "",
        "url2": ""
      }
    },
    {
      "type": "Feature",
      "geometry": {
        "type": "Point",
        "coordinates": [
          139.0208744,
          35.5183174
        ]
      },
      "properties": {
        "内容": "バス停: 医科歯科診療所",
        "name": "医科歯科診療所",
        "operator": "事業者不明",
        "ref": "",
        "url": "",
        "url2": ""
      }
    },
    {
      "type": "Feature",
      "geometry": {
        "type": "Point",
        "coordinates": [
          139.0245592,
          35.5137452
        ]
      },
      "properties": {
        "内容": "バス停: 道志の湯",
        "name": "道志の湯",
        "operator": "事業者不明",
        "ref": "",
        "url": "",
        "url2": ""
      }
    },
    {
      "type": "Feature",
      "geometry": {
        "type": "Point",
        "coordinates": [
          139.0148054,
          35.5168109
        ]
      },
      "properties": {
        "内容": "バス停: 川原畑",
        "name": "川原畑",
        "operator": "事業者不明",
        "ref": "",
        "url": "",
        "url2": ""
      }
    },
    {
      "type": "Feature",
      "geometry": {
        "type": "Point",
        "coordinates": [
          139.0127766,
          35.5145761
        ]
      },
      "properties": {
        "内容": "バス停: 大指",
        "name": "大指",
        "operator": "事業者不明",
        "ref": "",
        "url": "",
        "url2": ""
      }
    },
    {
      "type": "Feature",
      "geometry": {
        "type": "Point",
        "coordinates": [
          139.0113765,
          35.5141831
        ]
      },
      "properties": {
        "内容": "バス停: 曙橋",
        "name": "曙橋",
        "operator": "事業者不明",
        "ref": "",
        "url": "",
        "url2": ""
      }
    },
    {
      "type": "Feature",
      "geometry": {
        "type": "Point",
        "coordinates": [
          139.0236075,
          35.5227519
        ]
      },
      "properties": {
        "内容": "バス停: 和出公民館入口",
        "name": "和出公民館入口",
        "operator": "事業者不明",
        "ref": "",
        "url": "",
        "url2": ""
      }
    },
    {
      "type": "Feature",
      "geometry": {
        "type": "Point",
        "coordinates": [
          139.0058342,
          35.5131731
        ]
      },
      "properties": {
        "内容": "バス停: 上川原畑",
        "name": "上川原畑",
        "operator": "事業者不明",
        "ref": "",
        "url": "",
        "url2": ""
      }
    },
    {
      "type": "Feature",
      "geometry": {
        "type": "Point",
        "coordinates": [
          139.0081194,
          35.5137364
        ]
      },
      "properties": {
        "内容": "バス停: 釜の前",
        "name": "釜の前",
        "operator": "事業者不明",
        "ref": "",
        "url": "",
        "url2": ""
      }
    },
    {
      "type": "Feature",
      "geometry": {
        "type": "Point",
        "coordinates": [
          139.0006038,
          35.5112201
        ]
      },
      "properties": {
        "内容": "バス停: 唐沢",
        "name": "唐沢",
        "operator": "事業者不明",
        "ref": "",
        "url": "",
        "url2": ""
      }
    },
    {
      "type": "Feature",
      "geometry": {
        "type": "Point",
        "coordinates": [
          138.9788343,
          35.4939511
        ]
      },
      "properties": {
        "内容": "バス停: 川村",
        "name": "川村",
        "operator": "事業者不明",
        "ref": "",
        "url": "",
        "url2": ""
      }
    },
    {
      "type": "Feature",
      "geometry": {
        "type": "Point",
        "coordinates": [
          138.9737732,
          35.4915001
        ]
      },
      "properties": {
        "内容": "バス停: 善の木コミュ二ティセンター前",
        "name": "善の木コミュ二ティセンター前",
        "operator": "事業者不明",
        "ref": "",
        "url": "",
        "url2": ""
      }
    },
    {
      "type": "Feature",
      "geometry": {
        "type": "Point",
        "coordinates": [
          138.9704017,
          35.4892436
        ]
      },
      "properties": {
        "内容": "バス停: 板橋",
        "name": "板橋",
        "operator": "事業者不明",
        "ref": "",
        "url": "",
        "url2": ""
      }
    },
    {
      "type": "Feature",
      "geometry": {
        "type": "Point",
        "coordinates": [
          138.9613489,
          35.4843119
        ]
      },
      "properties": {
        "内容": "バス停: 白井平",
        "name": "白井平",
        "operator": "事業者不明",
        "ref": "",
        "url": "",
        "url2": ""
      }
    },
    {
      "type": "Feature",
      "geometry": {
        "type": "Point",
        "coordinates": [
          138.965053,
          35.4860919
        ]
      },
      "properties": {
        "内容": "バス停: 唐沢橋",
        "name": "唐沢橋",
        "operator": "事業者不明",
        "ref": "",
        "url": "",
        "url2": ""
      }
    },
    {
      "type": "Feature",
      "geometry": {
        "type": "Point",
        "coordinates": [
          138.9563943,
          35.4791867
        ]
      },
      "properties": {
        "内容": "バス停: 下村",
        "name": "下村",
        "operator": "事業者不明",
        "ref": "",
        "url": "",
        "url2": ""
      }
    },
    {
      "type": "Feature",
      "geometry": {
        "type": "Point",
        "coordinates": [
          138.9597712,
          35.482452
        ]
      },
      "properties": {
        "内容": "バス停: 御正橋",
        "name": "御正橋",
        "operator": "事業者不明",
        "ref": "",
        "url": "",
        "url2": ""
      }
    },
    {
      "type": "Feature",
      "geometry": {
        "type": "Point",
        "coordinates": [
          138.9302043,
          35.4517627
        ]
      },
      "properties": {
        "内容": "バス停: 山伏峠",
        "name": "山伏峠",
        "operator": "事業者不明",
        "ref": "",
        "url": "",
        "url2": ""
      }
    },
    {
      "type": "Feature",
      "geometry": {
        "type": "Point",
        "coordinates": [
          138.9506597,
          35.4753872
        ]
      },
      "properties": {
        "内容": "バス停: 道志ます釣り場前",
        "name": "道志ます釣り場前",
        "operator": "事業者不明",
        "ref": "",
        "url": "",
        "url2": ""
      }
    },
    {
      "type": "Feature",
      "geometry": {
        "type": "Point",
        "coordinates": [
          138.9181621,
          35.4383352
        ]
      },
      "properties": {
        "内容": "バス停: つくし別荘地入口",
        "name": "つくし別荘地入口",
        "operator": "事業者不明",
        "ref": "",
        "url": "",
        "url2": ""
      }
    },
    {
      "type": "Feature",
      "geometry": {
        "type": "Point",
        "coordinates": [
          138.9115263,
          35.4341043
        ]
      },
      "properties": {
        "内容": "バス停: 紀文寮前",
        "name": "紀文寮前",
        "operator": "事業者不明",
        "ref": "",
        "url": "",
        "url2": ""
      }
    },
    {
      "type": "Feature",
      "geometry": {
        "type": "Point",
        "coordinates": [
          138.9048587,
          35.4305403
        ]
      },
      "properties": {
        "内容": "バス停: 石割山ハイキングコース入口",
        "name": "石割山ハイキングコース入口",
        "operator": "事業者不明",
        "ref": "",
        "url": "",
        "url2": ""
      }
    },
    {
      "type": "Feature",
      "geometry": {
        "type": "Point",
        "coordinates": [
          138.9124455,
          35.5987299
        ]
      },
      "properties": {
        "内容": "バス停: 大月警察署前",
        "name": "大月警察署前",
        "operator": "事業者不明",
        "ref": "",
        "url": "",
        "url2": ""
      }
    },
    {
      "type": "Feature",
      "geometry": {
        "type": "Point",
        "coordinates": [
          138.8920093,
          35.4131901
        ]
      },
      "properties": {
        "内容": "バス停: 湖山荘前",
        "name": "湖山荘前",
        "operator": "事業者不明",
        "ref": "",
        "url": "",
        "url2": ""
      }
    },
    {
      "type": "Feature",
      "geometry": {
        "type": "Point",
        "coordinates": [
          138.8108364,
          35.4680118
        ]
      },
      "properties": {
        "内容": "バス停: 名称不明バス停",
        "name": "名称不明バス停",
        "operator": "事業者不明",
        "ref": "",
        "url": "",
        "url2": ""
      }
    },
    {
      "type": "Feature",
      "geometry": {
        "type": "Point",
        "coordinates": [
          138.8183721,
          35.4564343
        ]
      },
      "properties": {
        "内容": "バス停: 忍野しのびの里",
        "name": "忍野しのびの里",
        "operator": "事業者不明",
        "ref": "121",
        "url": "",
        "url2": ""
      }
    },
    {
      "type": "Feature",
      "geometry": {
        "type": "Point",
        "coordinates": [
          138.8192009,
          35.4565807
        ]
      },
      "properties": {
        "内容": "バス停: 忍野しのびの里",
        "name": "忍野しのびの里",
        "operator": "事業者不明",
        "ref": "121",
        "url": "",
        "url2": ""
      }
    },
    {
      "type": "Feature",
      "geometry": {
        "type": "Point",
        "coordinates": [
          138.8941442,
          35.5423055
        ]
      },
      "properties": {
        "内容": "バス停: 大学入口 (富士急バス)",
        "name": "大学入口",
        "operator": "富士急バス",
        "ref": "",
        "url": "",
        "url2": ""
      }
    },
    {
      "type": "Feature",
      "geometry": {
        "type": "Point",
        "coordinates": [
          138.8967877,
          35.5422661
        ]
      },
      "properties": {
        "内容": "バス停: 都留文科大学駅前 (富士急バス)",
        "name": "都留文科大学駅前",
        "operator": "富士急バス",
        "ref": "",
        "url": "",
        "url2": ""
      }
    },
    {
      "type": "Feature",
      "geometry": {
        "type": "Point",
        "coordinates": [
          139.117975,
          35.6188239
        ]
      },
      "properties": {
        "内容": "バス停: 島田郵便局前",
        "name": "島田郵便局前",
        "operator": "事業者不明",
        "ref": "",
        "url": "",
        "url2": ""
      }
    },
    {
      "type": "Feature",
      "geometry": {
        "type": "Point",
        "coordinates": [
          139.1180975,
          35.6188757
        ]
      },
      "properties": {
        "内容": "バス停: 島田郵便局前",
        "name": "島田郵便局前",
        "operator": "事業者不明",
        "ref": "",
        "url": "",
        "url2": ""
      }
    },
    {
      "type": "Feature",
      "geometry": {
        "type": "Point",
        "coordinates": [
          139.1169404,
          35.6183738
        ]
      },
      "properties": {
        "内容": "バス停: 上野原駅 (富士急バス)",
        "name": "上野原駅",
        "operator": "富士急バス",
        "ref": "",
        "url": "",
        "url2": ""
      }
    },
    {
      "type": "Feature",
      "geometry": {
        "type": "Point",
        "coordinates": [
          139.1168772,
          35.6184771
        ]
      },
      "properties": {
        "内容": "バス停: 上野原駅 (富士急バス)",
        "name": "上野原駅",
        "operator": "富士急バス",
        "ref": "",
        "url": "",
        "url2": ""
      }
    },
    {
      "type": "Feature",
      "geometry": {
        "type": "Point",
        "coordinates": [
          139.1168098,
          35.6184419
        ]
      },
      "properties": {
        "内容": "バス停: 上野原駅 (富士急バス)",
        "name": "上野原駅",
        "operator": "富士急バス",
        "ref": "",
        "url": "",
        "url2": ""
      }
    },
    {
      "type": "Feature",
      "geometry": {
        "type": "Point",
        "coordinates": [
          139.1168748,
          35.6183463
        ]
      },
      "properties": {
        "内容": "バス停: 上野原駅 (富士急バス)",
        "name": "上野原駅",
        "operator": "富士急バス",
        "ref": "",
        "url": "",
        "url2": ""
      }
    },
    {
      "type": "Feature",
      "geometry": {
        "type": "Point",
        "coordinates": [
          139.1165357,
          35.6185137
        ]
      },
      "properties": {
        "内容": "バス停: 上野原駅 (富士急バス)",
        "name": "上野原駅",
        "operator": "富士急バス",
        "ref": "",
        "url": "",
        "url2": ""
      }
    },
    {
      "type": "Feature",
      "geometry": {
        "type": "Point",
        "coordinates": [
          139.1184598,
          35.6177606
        ]
      },
      "properties": {
        "内容": "バス停: 新田 (富士急バス)",
        "name": "新田",
        "operator": "富士急バス",
        "ref": "",
        "url": "",
        "url2": ""
      }
    },
    {
      "type": "Feature",
      "geometry": {
        "type": "Point",
        "coordinates": [
          139.1128078,
          35.6209013
        ]
      },
      "properties": {
        "内容": "バス停: 関山 (富士急バス)",
        "name": "関山",
        "operator": "富士急バス",
        "ref": "",
        "url": "",
        "url2": ""
      }
    },
    {
      "type": "Feature",
      "geometry": {
        "type": "Point",
        "coordinates": [
          139.1126784,
          35.6209689
        ]
      },
      "properties": {
        "内容": "バス停: 関山 (富士急バス)",
        "name": "関山",
        "operator": "富士急バス",
        "ref": "",
        "url": "",
        "url2": ""
      }
    },
    {
      "type": "Feature",
      "geometry": {
        "type": "Point",
        "coordinates": [
          139.1144323,
          35.6229615
        ]
      },
      "properties": {
        "内容": "バス停: 大塚 (富士急バス)",
        "name": "大塚",
        "operator": "富士急バス",
        "ref": "",
        "url": "",
        "url2": ""
      }
    },
    {
      "type": "Feature",
      "geometry": {
        "type": "Point",
        "coordinates": [
          139.1144269,
          35.6230707
        ]
      },
      "properties": {
        "内容": "バス停: 大塚 (富士急バス)",
        "name": "大塚",
        "operator": "富士急バス",
        "ref": "",
        "url": "",
        "url2": ""
      }
    },
    {
      "type": "Feature",
      "geometry": {
        "type": "Point",
        "coordinates": [
          139.1164048,
          35.6255809
        ]
      },
      "properties": {
        "内容": "バス停: 新町 (富士急バス)",
        "name": "新町",
        "operator": "富士急バス",
        "ref": "",
        "url": "",
        "url2": ""
      }
    },
    {
      "type": "Feature",
      "geometry": {
        "type": "Point",
        "coordinates": [
          139.1163624,
          35.6253536
        ]
      },
      "properties": {
        "内容": "バス停: 新町 (富士急バス)",
        "name": "新町",
        "operator": "富士急バス",
        "ref": "",
        "url": "",
        "url2": ""
      }
    },
    {
      "type": "Feature",
      "geometry": {
        "type": "Point",
        "coordinates": [
          139.1107305,
          35.6289873
        ]
      },
      "properties": {
        "内容": "バス停: 本町三丁目",
        "name": "本町三丁目",
        "operator": "事業者不明",
        "ref": "",
        "url": "",
        "url2": ""
      }
    },
    {
      "type": "Feature",
      "geometry": {
        "type": "Point",
        "coordinates": [
          139.1106526,
          35.6290851
        ]
      },
      "properties": {
        "内容": "バス停: 本町三丁目",
        "name": "本町三丁目",
        "operator": "事業者不明",
        "ref": "",
        "url": "",
        "url2": ""
      }
    },
    {
      "type": "Feature",
      "geometry": {
        "type": "Point",
        "coordinates": [
          139.1110384,
          35.629252
        ]
      },
      "properties": {
        "内容": "バス停: 本町三丁目",
        "name": "本町三丁目",
        "operator": "事業者不明",
        "ref": "",
        "url": "",
        "url2": ""
      }
    },
    {
      "type": "Feature",
      "geometry": {
        "type": "Point",
        "coordinates": [
          139.1110419,
          35.6293556
        ]
      },
      "properties": {
        "内容": "バス停: 本町三丁目",
        "name": "本町三丁目",
        "operator": "事業者不明",
        "ref": "",
        "url": "",
        "url2": ""
      }
    },
    {
      "type": "Feature",
      "geometry": {
        "type": "Point",
        "coordinates": [
          139.1104505,
          35.6303024
        ]
      },
      "properties": {
        "内容": "バス停: 営業所前 (富士急バス)",
        "name": "営業所前",
        "operator": "富士急バス",
        "ref": "",
        "url": "",
        "url2": ""
      }
    },
    {
      "type": "Feature",
      "geometry": {
        "type": "Point",
        "coordinates": [
          139.1099546,
          35.6312498
        ]
      },
      "properties": {
        "内容": "バス停: 市立病院入口 (富士急バス)",
        "name": "市立病院入口",
        "operator": "富士急バス",
        "ref": "",
        "url": "",
        "url2": ""
      }
    },
    {
      "type": "Feature",
      "geometry": {
        "type": "Point",
        "coordinates": [
          139.1098095,
          35.6313102
        ]
      },
      "properties": {
        "内容": "バス停: 市立病院入口 (富士急バス)",
        "name": "市立病院入口",
        "operator": "富士急バス",
        "ref": "",
        "url": "",
        "url2": ""
      }
    },
    {
      "type": "Feature",
      "geometry": {
        "type": "Point",
        "coordinates": [
          139.1098887,
          35.6292244
        ]
      },
      "properties": {
        "内容": "バス停: 車庫前 (富士急バス)",
        "name": "車庫前",
        "operator": "富士急バス",
        "ref": "",
        "url": "",
        "url2": ""
      }
    },
    {
      "type": "Feature",
      "geometry": {
        "type": "Point",
        "coordinates": [
          139.1098517,
          35.6291092
        ]
      },
      "properties": {
        "内容": "バス停: 車庫前 (富士急バス)",
        "name": "車庫前",
        "operator": "富士急バス",
        "ref": "",
        "url": "",
        "url2": ""
      }
    },
    {
      "type": "Feature",
      "geometry": {
        "type": "Point",
        "coordinates": [
          139.1047729,
          35.6252885
        ]
      },
      "properties": {
        "内容": "バス停: 新田倉 (富士急バス)",
        "name": "新田倉",
        "operator": "富士急バス",
        "ref": "",
        "url": "",
        "url2": ""
      }
    },
    {
      "type": "Feature",
      "geometry": {
        "type": "Point",
        "coordinates": [
          139.1046092,
          35.625319
        ]
      },
      "properties": {
        "内容": "バス停: 新田倉 (富士急バス)",
        "name": "新田倉",
        "operator": "富士急バス",
        "ref": "",
        "url": "",
        "url2": ""
      }
    },
    {
      "type": "Feature",
      "geometry": {
        "type": "Point",
        "coordinates": [
          139.0980776,
          35.6242951
        ]
      },
      "properties": {
        "内容": "バス停: 帝京科学大学 (富士急バス)",
        "name": "帝京科学大学",
        "operator": "富士急バス",
        "ref": "",
        "url": "",
        "url2": ""
      }
    },
    {
      "type": "Feature",
      "geometry": {
        "type": "Point",
        "coordinates": [
          139.1090056,
          35.6299393
        ]
      },
      "properties": {
        "内容": "バス停: 上野原市役所 (富士急バス)",
        "name": "上野原市役所",
        "operator": "富士急バス",
        "ref": "",
        "url": "",
        "url2": ""
      }
    },
    {
      "type": "Feature",
      "geometry": {
        "type": "Point",
        "coordinates": [
          139.111212,
          35.6311412
        ]
      },
      "properties": {
        "内容": "バス停: 市立病院 (富士急バス)",
        "name": "市立病院",
        "operator": "富士急バス",
        "ref": "",
        "url": "",
        "url2": ""
      }
    },
    {
      "type": "Feature",
      "geometry": {
        "type": "Point",
        "coordinates": [
          139.1093892,
          35.6184234
        ]
      },
      "properties": {
        "内容": "バス停: 厳島橋 (富士急バス)",
        "name": "厳島橋",
        "operator": "富士急バス",
        "ref": "",
        "url": "",
        "url2": ""
      }
    },
    {
      "type": "Feature",
      "geometry": {
        "type": "Point",
        "coordinates": [
          139.1092678,
          35.6186369
        ]
      },
      "properties": {
        "内容": "バス停: 厳島橋 (富士急バス)",
        "name": "厳島橋",
        "operator": "富士急バス",
        "ref": "",
        "url": "",
        "url2": ""
      }
    },
    {
      "type": "Feature",
      "geometry": {
        "type": "Point",
        "coordinates": [
          139.1070792,
          35.6210379
        ]
      },
      "properties": {
        "内容": "バス停: 上野原高校入口 (富士急バス)",
        "name": "上野原高校入口",
        "operator": "富士急バス",
        "ref": "",
        "url": "",
        "url2": ""
      }
    },
    {
      "type": "Feature",
      "geometry": {
        "type": "Point",
        "coordinates": [
          139.1167737,
          35.6299885
        ]
      },
      "properties": {
        "内容": "バス停: 日本大学明誠高校",
        "name": "日本大学明誠高校",
        "operator": "事業者不明",
        "ref": "",
        "url": "",
        "url2": ""
      }
    },
    {
      "type": "Feature",
      "geometry": {
        "type": "Point",
        "coordinates": [
          138.8022968,
          35.458316
        ]
      },
      "properties": {
        "内容": "バス停: 富士山 レーダードーム前",
        "name": "富士山 レーダードーム前",
        "operator": "事業者不明",
        "ref": "118",
        "url": "",
        "url2": ""
      }
    },
    {
      "type": "Feature",
      "geometry": {
        "type": "Point",
        "coordinates": [
          138.8055624,
          35.4567188
        ]
      },
      "properties": {
        "内容": "バス停: サンパークふじ前",
        "name": "サンパークふじ前",
        "operator": "事業者不明",
        "ref": "119",
        "url": "",
        "url2": ""
      }
    },
    {
      "type": "Feature",
      "geometry": {
        "type": "Point",
        "coordinates": [
          138.3640573,
          35.845098
        ]
      },
      "properties": {
        "内容": "バス停: 中央道八ヶ岳",
        "name": "中央道八ヶ岳",
        "operator": "事業者不明",
        "ref": "",
        "url": "",
        "url2": ""
      }
    },
    {
      "type": "Feature",
      "geometry": {
        "type": "Point",
        "coordinates": [
          138.3643,
          35.8456669
        ]
      },
      "properties": {
        "内容": "バス停: 中央道八ヶ岳",
        "name": "中央道八ヶ岳",
        "operator": "事業者不明",
        "ref": "",
        "url": "",
        "url2": ""
      }
    },
    {
      "type": "Feature",
      "geometry": {
        "type": "Point",
        "coordinates": [
          138.7699113,
          35.5220604
        ]
      },
      "properties": {
        "内容": "バス停: Kawaguchiko Music Forest (15)",
        "name": "Kawaguchiko Music Forest (15)",
        "operator": "事業者不明",
        "ref": "",
        "url": "",
        "url2": ""
      }
    },
    {
      "type": "Feature",
      "geometry": {
        "type": "Point",
        "coordinates": [
          138.7737723,
          35.5249692
        ]
      },
      "properties": {
        "内容": "バス停: 名称不明バス停",
        "name": "名称不明バス停",
        "operator": "事業者不明",
        "ref": "",
        "url": "",
        "url2": ""
      }
    },
    {
      "type": "Feature",
      "geometry": {
        "type": "Point",
        "coordinates": [
          138.7729053,
          35.5205987
        ]
      },
      "properties": {
        "内容": "バス停: 名称不明バス停",
        "name": "名称不明バス停",
        "operator": "事業者不明",
        "ref": "",
        "url": "",
        "url2": ""
      }
    },
    {
      "type": "Feature",
      "geometry": {
        "type": "Point",
        "coordinates": [
          138.3181683,
          35.8629268
        ]
      },
      "properties": {
        "内容": "バス停: 中銀小淵沢支店前",
        "name": "中銀小淵沢支店前",
        "operator": "事業者不明",
        "ref": "",
        "url": "",
        "url2": ""
      }
    },
    {
      "type": "Feature",
      "geometry": {
        "type": "Point",
        "coordinates": [
          138.7520786,
          35.5104643
        ]
      },
      "properties": {
        "内容": "バス停: 河口湖ミューズ館入り口",
        "name": "河口湖ミューズ館入り口",
        "operator": "事業者不明",
        "ref": "25",
        "url": "",
        "url2": ""
      }
    },
    {
      "type": "Feature",
      "geometry": {
        "type": "Point",
        "coordinates": [
          138.9266146,
          35.5830945
        ]
      },
      "properties": {
        "内容": "バス停: 県立リニア見学センター (富士急バス)",
        "name": "県立リニア見学センター",
        "operator": "富士急バス",
        "ref": "",
        "url": "",
        "url2": ""
      }
    },
    {
      "type": "Feature",
      "geometry": {
        "type": "Point",
        "coordinates": [
          138.6642707,
          35.4777046
        ]
      },
      "properties": {
        "内容": "バス停: 氷穴",
        "name": "氷穴",
        "operator": "事業者不明",
        "ref": "80",
        "url": "",
        "url2": ""
      }
    },
    {
      "type": "Feature",
      "geometry": {
        "type": "Point",
        "coordinates": [
          138.738009,
          35.6750935
        ]
      },
      "properties": {
        "内容": "バス停: ぶどうの丘",
        "name": "ぶどうの丘",
        "operator": "事業者不明",
        "ref": "",
        "url": "",
        "url2": ""
      }
    },
    {
      "type": "Feature",
      "geometry": {
        "type": "Point",
        "coordinates": [
          138.7380619,
          35.675502
        ]
      },
      "properties": {
        "内容": "バス停: ぶどうの丘",
        "name": "ぶどうの丘",
        "operator": "事業者不明",
        "ref": "",
        "url": "",
        "url2": ""
      }
    },
    {
      "type": "Feature",
      "geometry": {
        "type": "Point",
        "coordinates": [
          138.9627387,
          35.6484773
        ]
      },
      "properties": {
        "内容": "バス停: 浅川入口",
        "name": "浅川入口",
        "operator": "事業者不明",
        "ref": "",
        "url": "",
        "url2": ""
      }
    },
    {
      "type": "Feature",
      "geometry": {
        "type": "Point",
        "coordinates": [
          138.9628993,
          35.6495212
        ]
      },
      "properties": {
        "内容": "バス停: 上平",
        "name": "上平",
        "operator": "事業者不明",
        "ref": "",
        "url": "",
        "url2": ""
      }
    },
    {
      "type": "Feature",
      "geometry": {
        "type": "Point",
        "coordinates": [
          138.9627435,
          35.6560189
        ]
      },
      "properties": {
        "内容": "バス停: 吉平",
        "name": "吉平",
        "operator": "事業者不明",
        "ref": "",
        "url": "",
        "url2": ""
      }
    },
    {
      "type": "Feature",
      "geometry": {
        "type": "Point",
        "coordinates": [
          138.9644915,
          35.65793
        ]
      },
      "properties": {
        "内容": "バス停: 富岡",
        "name": "富岡",
        "operator": "事業者不明",
        "ref": "",
        "url": "",
        "url2": ""
      }
    },
    {
      "type": "Feature",
      "geometry": {
        "type": "Point",
        "coordinates": [
          138.8055786,
          35.4648078
        ]
      },
      "properties": {
        "内容": "バス停: 市立病院",
        "name": "市立病院",
        "operator": "事業者不明",
        "ref": "116",
        "url": "",
        "url2": ""
      }
    },
    {
      "type": "Feature",
      "geometry": {
        "type": "Point",
        "coordinates": [
          138.8325302,
          35.4573359
        ]
      },
      "properties": {
        "内容": "バス停: 名称不明バス停",
        "name": "名称不明バス停",
        "operator": "事業者不明",
        "ref": "",
        "url": "",
        "url2": ""
      }
    },
    {
      "type": "Feature",
      "geometry": {
        "type": "Point",
        "coordinates": [
          138.8026387,
          35.4811876
        ]
      },
      "properties": {
        "内容": "バス停: 合同庁舎北入口",
        "name": "合同庁舎北入口",
        "operator": "事業者不明",
        "ref": "112",
        "url": "",
        "url2": ""
      }
    },
    {
      "type": "Feature",
      "geometry": {
        "type": "Point",
        "coordinates": [
          138.8064177,
          35.4678429
        ]
      },
      "properties": {
        "内容": "バス停: いちやまマート",
        "name": "いちやまマート",
        "operator": "事業者不明",
        "ref": "115",
        "url": "",
        "url2": ""
      }
    },
    {
      "type": "Feature",
      "geometry": {
        "type": "Point",
        "coordinates": [
          138.8037336,
          35.4626655
        ]
      },
      "properties": {
        "内容": "バス停: セメ草",
        "name": "セメ草",
        "operator": "事業者不明",
        "ref": "117",
        "url": "",
        "url2": ""
      }
    },
    {
      "type": "Feature",
      "geometry": {
        "type": "Point",
        "coordinates": [
          138.8220262,
          35.45643
        ]
      },
      "properties": {
        "内容": "バス停: 忍野温泉前",
        "name": "忍野温泉前",
        "operator": "事業者不明",
        "ref": "122",
        "url": "",
        "url2": ""
      }
    },
    {
      "type": "Feature",
      "geometry": {
        "type": "Point",
        "coordinates": [
          138.3012919,
          35.5758584
        ]
      },
      "properties": {
        "内容": "バス停: 名称不明バス停",
        "name": "名称不明バス停",
        "operator": "事業者不明",
        "ref": "",
        "url": "",
        "url2": ""
      }
    },
    {
      "type": "Feature",
      "geometry": {
        "type": "Point",
        "coordinates": [
          138.7450063,
          35.5236603
        ]
      },
      "properties": {
        "内容": "バス停: 名称不明バス停",
        "name": "名称不明バス停",
        "operator": "事業者不明",
        "ref": "",
        "url": "",
        "url2": ""
      }
    },
    {
      "type": "Feature",
      "geometry": {
        "type": "Point",
        "coordinates": [
          138.3755776,
          35.6381668
        ]
      },
      "properties": {
        "内容": "バス停: 芦安",
        "name": "芦安",
        "operator": "事業者不明",
        "ref": "",
        "url": "",
        "url2": ""
      }
    },
    {
      "type": "Feature",
      "geometry": {
        "type": "Point",
        "coordinates": [
          138.7916912,
          35.5560922
        ]
      },
      "properties": {
        "内容": "バス停: 三つ峠登山口 (富士急バス)",
        "name": "三つ峠登山口",
        "operator": "富士急バス",
        "ref": "",
        "url": "",
        "url2": ""
      }
    },
    {
      "type": "Feature",
      "geometry": {
        "type": "Point",
        "coordinates": [
          138.7661558,
          35.497736
        ]
      },
      "properties": {
        "内容": "バス停: 河口湖駅西 (平成エンタープライズ)",
        "name": "河口湖駅西",
        "operator": "平成エンタープライズ",
        "ref": "",
        "url": "",
        "url2": ""
      }
    },
    {
      "type": "Feature",
      "geometry": {
        "type": "Point",
        "coordinates": [
          138.8750706,
          35.4073499
        ]
      },
      "properties": {
        "内容": "バス停: PICA山中湖前",
        "name": "PICA山中湖前",
        "operator": "事業者不明",
        "ref": "",
        "url": "",
        "url2": ""
      }
    },
    {
      "type": "Feature",
      "geometry": {
        "type": "Point",
        "coordinates": [
          138.8787985,
          35.407701
        ]
      },
      "properties": {
        "内容": "バス停: 山中湖ガーデン前",
        "name": "山中湖ガーデン前",
        "operator": "事業者不明",
        "ref": "",
        "url": "",
        "url2": ""
      }
    },
    {
      "type": "Feature",
      "geometry": {
        "type": "Point",
        "coordinates": [
          138.8787967,
          35.4077649
        ]
      },
      "properties": {
        "内容": "バス停: 山中湖ガーデン前",
        "name": "山中湖ガーデン前",
        "operator": "事業者不明",
        "ref": "",
        "url": "",
        "url2": ""
      }
    },
    {
      "type": "Feature",
      "geometry": {
        "type": "Point",
        "coordinates": [
          138.8700493,
          35.4078702
        ]
      },
      "properties": {
        "内容": "バス停: 文学の森公園前",
        "name": "文学の森公園前",
        "operator": "事業者不明",
        "ref": "",
        "url": "",
        "url2": ""
      }
    },
    {
      "type": "Feature",
      "geometry": {
        "type": "Point",
        "coordinates": [
          138.870051,
          35.407775
        ]
      },
      "properties": {
        "内容": "バス停: 文学の森公園前",
        "name": "文学の森公園前",
        "operator": "事業者不明",
        "ref": "",
        "url": "",
        "url2": ""
      }
    },
    {
      "type": "Feature",
      "geometry": {
        "type": "Point",
        "coordinates": [
          138.8735655,
          35.4018641
        ]
      },
      "properties": {
        "内容": "バス停: 富士急別荘地管理事務所前 (富士急バス)",
        "name": "富士急別荘地管理事務所前",
        "operator": "富士急バス",
        "ref": "",
        "url": "",
        "url2": ""
      }
    },
    {
      "type": "Feature",
      "geometry": {
        "type": "Point",
        "coordinates": [
          138.8582466,
          35.4155474
        ]
      },
      "properties": {
        "内容": "バス停: 一之橋 (富士急バス)",
        "name": "一之橋",
        "operator": "富士急バス",
        "ref": "",
        "url": "",
        "url2": ""
      }
    },
    {
      "type": "Feature",
      "geometry": {
        "type": "Point",
        "coordinates": [
          138.7678876,
          35.4854925
        ]
      },
      "properties": {
        "内容": "バス停: 山梨赤十字病院",
        "name": "山梨赤十字病院",
        "operator": "事業者不明",
        "ref": "",
        "url": "",
        "url2": ""
      }
    },
    {
      "type": "Feature",
      "geometry": {
        "type": "Point",
        "coordinates": [
          138.7812144,
          35.4899382
        ]
      },
      "properties": {
        "内容": "バス停: 富士急ハイランド前 (富士急バス;ジェイアールバス関東;京浜急行バス;フジエクスプレス;相鉄バス;富士急湘南バス;東急トランセ;京成バス;西武観光バス;関越交通;ジェイアール東海バス;富士急平和観光;名鉄バス;近鉄バス;京王バス;富士急モビリティ)",
        "name": "富士急ハイランド前",
        "operator": "富士急バス;ジェイアールバス関東;京浜急行バス;フジエクスプレス;相鉄バス;富士急湘南バス;東急トランセ;京成バス;西武観光バス;関越交通;ジェイアール東海バス;富士急平和観光;名鉄バス;近鉄バス;京王バス;富士急モビリティ",
        "ref": "105",
        "url": "",
        "url2": ""
      }
    },
    {
      "type": "Feature",
      "geometry": {
        "type": "Point",
        "coordinates": [
          138.78116,
          35.4900217
        ]
      },
      "properties": {
        "内容": "バス停: 富士急ハイランド前 (富士急バス)",
        "name": "富士急ハイランド前",
        "operator": "富士急バス",
        "ref": "105",
        "url": "",
        "url2": ""
      }
    },
    {
      "type": "Feature",
      "geometry": {
        "type": "Point",
        "coordinates": [
          139.0644037,
          35.6331978
        ]
      },
      "properties": {
        "内容": "バス停: 中央道野田尻",
        "name": "中央道野田尻",
        "operator": "事業者不明",
        "ref": "",
        "url": "",
        "url2": ""
      }
    },
    {
      "type": "Feature",
      "geometry": {
        "type": "Point",
        "coordinates": [
          138.9054996,
          35.6027182
        ]
      },
      "properties": {
        "内容": "バス停: 中央道真木",
        "name": "中央道真木",
        "operator": "事業者不明",
        "ref": "",
        "url": "",
        "url2": ""
      }
    },
    {
      "type": "Feature",
      "geometry": {
        "type": "Point",
        "coordinates": [
          138.9052495,
          35.6031793
        ]
      },
      "properties": {
        "内容": "バス停: 中央道真木",
        "name": "中央道真木",
        "operator": "事業者不明",
        "ref": "",
        "url": "",
        "url2": ""
      }
    },
    {
      "type": "Feature",
      "geometry": {
        "type": "Point",
        "coordinates": [
          138.9311903,
          35.5825385
        ]
      },
      "properties": {
        "内容": "バス停: 道の駅つる (富士急バス)",
        "name": "道の駅つる",
        "operator": "富士急バス",
        "ref": "",
        "url": "",
        "url2": ""
      }
    },
    {
      "type": "Feature",
      "geometry": {
        "type": "Point",
        "coordinates": [
          138.9311916,
          35.5824656
        ]
      },
      "properties": {
        "内容": "バス停: 道の駅つる (富士急バス)",
        "name": "道の駅つる",
        "operator": "富士急バス",
        "ref": "",
        "url": "",
        "url2": ""
      }
    },
    {
      "type": "Feature",
      "geometry": {
        "type": "Point",
        "coordinates": [
          138.9427963,
          35.6127606
        ]
      },
      "properties": {
        "内容": "バス停: 大月駅",
        "name": "大月駅",
        "operator": "事業者不明",
        "ref": "",
        "url": "",
        "url2": ""
      }
    },
    {
      "type": "Feature",
      "geometry": {
        "type": "Point",
        "coordinates": [
          138.9299851,
          35.5929984
        ]
      },
      "properties": {
        "内容": "バス停: 田野倉",
        "name": "田野倉",
        "operator": "事業者不明",
        "ref": "",
        "url": "",
        "url2": ""
      }
    },
    {
      "type": "Feature",
      "geometry": {
        "type": "Point",
        "coordinates": [
          138.9399666,
          35.6107737
        ]
      },
      "properties": {
        "内容": "バス停: 市役所前",
        "name": "市役所前",
        "operator": "事業者不明",
        "ref": "",
        "url": "",
        "url2": ""
      }
    },
    {
      "type": "Feature",
      "geometry": {
        "type": "Point",
        "coordinates": [
          138.9383938,
          35.6100435
        ]
      },
      "properties": {
        "内容": "バス停: 都留高前",
        "name": "都留高前",
        "operator": "事業者不明",
        "ref": "",
        "url": "",
        "url2": ""
      }
    },
    {
      "type": "Feature",
      "geometry": {
        "type": "Point",
        "coordinates": [
          138.9417802,
          35.6115785
        ]
      },
      "properties": {
        "内容": "バス停: 大月一丁目",
        "name": "大月一丁目",
        "operator": "事業者不明",
        "ref": "",
        "url": "",
        "url2": ""
      }
    },
    {
      "type": "Feature",
      "geometry": {
        "type": "Point",
        "coordinates": [
          139.0717989,
          35.6143337
        ]
      },
      "properties": {
        "内容": "バス停: 四方津駅",
        "name": "四方津駅",
        "operator": "事業者不明",
        "ref": "",
        "url": "",
        "url2": ""
      }
    },
    {
      "type": "Feature",
      "geometry": {
        "type": "Point",
        "coordinates": [
          138.768779,
          35.4983381
        ]
      },
      "properties": {
        "内容": "バス停: 河口湖駅 (富士急バス)",
        "name": "河口湖駅",
        "operator": "富士急バス",
        "ref": "1",
        "url": "",
        "url2": ""
      }
    },
    {
      "type": "Feature",
      "geometry": {
        "type": "Point",
        "coordinates": [
          138.7686114,
          35.4983483
        ]
      },
      "properties": {
        "内容": "バス停: 河口湖駅 (富士急バス;ジェイアールバス関東;京浜急行バス;フジエクスプレス;京成バス;西武観光バス;関越交通;名鉄バス;近鉄バス)",
        "name": "河口湖駅",
        "operator": "富士急バス;ジェイアールバス関東;京浜急行バス;フジエクスプレス;京成バス;西武観光バス;関越交通;名鉄バス;近鉄バス",
        "ref": "1",
        "url": "",
        "url2": ""
      }
    },
    {
      "type": "Feature",
      "geometry": {
        "type": "Point",
        "coordinates": [
          138.7684924,
          35.4983534
        ]
      },
      "properties": {
        "内容": "バス停: 河口湖駅 (富士急バス;フジエクスプレス;京王バス)",
        "name": "河口湖駅",
        "operator": "富士急バス;フジエクスプレス;京王バス",
        "ref": "1",
        "url": "",
        "url2": ""
      }
    },
    {
      "type": "Feature",
      "geometry": {
        "type": "Point",
        "coordinates": [
          138.7685395,
          35.4984364
        ]
      },
      "properties": {
        "内容": "バス停: 河口湖駅 (富士急バス)",
        "name": "河口湖駅",
        "operator": "富士急バス",
        "ref": "1",
        "url": "",
        "url2": ""
      }
    },
    {
      "type": "Feature",
      "geometry": {
        "type": "Point",
        "coordinates": [
          138.7686811,
          35.4984295
        ]
      },
      "properties": {
        "内容": "バス停: 河口湖駅 (富士急バス;富士急静岡バス)",
        "name": "河口湖駅",
        "operator": "富士急バス;富士急静岡バス",
        "ref": "1",
        "url": "",
        "url2": ""
      }
    },
    {
      "type": "Feature",
      "geometry": {
        "type": "Point",
        "coordinates": [
          138.7685581,
          35.4986398
        ]
      },
      "properties": {
        "内容": "バス停: 河口湖駅 (富士急バス;フジエクスプレス;相鉄バス)",
        "name": "河口湖駅",
        "operator": "富士急バス;フジエクスプレス;相鉄バス",
        "ref": "",
        "url": "",
        "url2": ""
      }
    },
    {
      "type": "Feature",
      "geometry": {
        "type": "Point",
        "coordinates": [
          138.7683366,
          35.4985629
        ]
      },
      "properties": {
        "内容": "バス停: 河口湖駅 (富士急バス;富士急シティバス;富士急静岡バス;富士急モビリティ;フジエクスプレス;東急バス;神奈川中央交通)",
        "name": "河口湖駅",
        "operator": "富士急バス;富士急シティバス;富士急静岡バス;富士急モビリティ;フジエクスプレス;東急バス;神奈川中央交通",
        "ref": "1",
        "url": "",
        "url2": ""
      }
    },
    {
      "type": "Feature",
      "geometry": {
        "type": "Point",
        "coordinates": [
          138.7702552,
          35.4415838
        ]
      },
      "properties": {
        "内容": "バス停: 中ノ茶屋 (富士急山梨ハイヤー)",
        "name": "中ノ茶屋",
        "operator": "富士急山梨ハイヤー",
        "ref": "",
        "url": "",
        "url2": ""
      }
    },
    {
      "type": "Feature",
      "geometry": {
        "type": "Point",
        "coordinates": [
          138.7704127,
          35.5036256
        ]
      },
      "properties": {
        "内容": "バス停: 名称不明バス停",
        "name": "名称不明バス停",
        "operator": "事業者不明",
        "ref": "",
        "url": "",
        "url2": ""
      }
    },
    {
      "type": "Feature",
      "geometry": {
        "type": "Point",
        "coordinates": [
          138.7698867,
          35.5032506
        ]
      },
      "properties": {
        "内容": "バス停: みはらし前 (204)",
        "name": "みはらし前 (204)",
        "operator": "事業者不明",
        "ref": "",
        "url": "",
        "url2": ""
      }
    },
    {
      "type": "Feature",
      "geometry": {
        "type": "Point",
        "coordinates": [
          138.7664766,
          35.5037535
        ]
      },
      "properties": {
        "内容": "バス停: 名称不明バス停",
        "name": "名称不明バス停",
        "operator": "事業者不明",
        "ref": "",
        "url": "",
        "url2": ""
      }
    },
    {
      "type": "Feature",
      "geometry": {
        "type": "Point",
        "coordinates": [
          138.7684167,
          35.503709
        ]
      },
      "properties": {
        "内容": "バス停: 船津浜温泉街 (8)",
        "name": "船津浜温泉街 (8)",
        "operator": "事業者不明",
        "ref": "",
        "url": "",
        "url2": ""
      }
    },
    {
      "type": "Feature",
      "geometry": {
        "type": "Point",
        "coordinates": [
          138.9020757,
          35.4197527
        ]
      },
      "properties": {
        "内容": "バス停: 山中湖交流プラザ",
        "name": "山中湖交流プラザ",
        "operator": "事業者不明",
        "ref": "159",
        "url": "",
        "url2": ""
      }
    },
    {
      "type": "Feature",
      "geometry": {
        "type": "Point",
        "coordinates": [
          138.9088181,
          35.4348389
        ]
      },
      "properties": {
        "内容": "バス停: 石割の湯",
        "name": "石割の湯",
        "operator": "事業者不明",
        "ref": "164",
        "url": "",
        "url2": ""
      }
    },
    {
      "type": "Feature",
      "geometry": {
        "type": "Point",
        "coordinates": [
          138.8425474,
          35.4299516
        ]
      },
      "properties": {
        "内容": "バス停: 紅富士の湯",
        "name": "紅富士の湯",
        "operator": "事業者不明",
        "ref": "137",
        "url": "",
        "url2": ""
      }
    },
    {
      "type": "Feature",
      "geometry": {
        "type": "Point",
        "coordinates": [
          138.7788476,
          35.4928113
        ]
      },
      "properties": {
        "内容": "バス停: 渡辺整形 外科前",
        "name": "渡辺整形 外科前",
        "operator": "事業者不明",
        "ref": "103",
        "url": "",
        "url2": ""
      }
    },
    {
      "type": "Feature",
      "geometry": {
        "type": "Point",
        "coordinates": [
          138.7771605,
          35.4955018
        ]
      },
      "properties": {
        "内容": "バス停: 富士見台",
        "name": "富士見台",
        "operator": "事業者不明",
        "ref": "102",
        "url": "",
        "url2": ""
      }
    },
    {
      "type": "Feature",
      "geometry": {
        "type": "Point",
        "coordinates": [
          138.7735462,
          35.4970686
        ]
      },
      "properties": {
        "内容": "バス停: 船津入口",
        "name": "船津入口",
        "operator": "事業者不明",
        "ref": "101",
        "url": "",
        "url2": ""
      }
    },
    {
      "type": "Feature",
      "geometry": {
        "type": "Point",
        "coordinates": [
          138.8508488,
          35.4224123
        ]
      },
      "properties": {
        "内容": "バス停: 観光船のりば",
        "name": "観光船のりば",
        "operator": "事業者不明",
        "ref": "139",
        "url": "",
        "url2": ""
      }
    },
    {
      "type": "Feature",
      "geometry": {
        "type": "Point",
        "coordinates": [
          138.8507844,
          35.4223651
        ]
      },
      "properties": {
        "内容": "バス停: 観光船のりば",
        "name": "観光船のりば",
        "operator": "事業者不明",
        "ref": "139",
        "url": "",
        "url2": ""
      }
    },
    {
      "type": "Feature",
      "geometry": {
        "type": "Point",
        "coordinates": [
          138.8493012,
          35.4259957
        ]
      },
      "properties": {
        "内容": "バス停: 富士山山中湖",
        "name": "富士山山中湖",
        "operator": "事業者不明",
        "ref": "138",
        "url": "",
        "url2": ""
      }
    },
    {
      "type": "Feature",
      "geometry": {
        "type": "Point",
        "coordinates": [
          138.8492368,
          35.4257586
        ]
      },
      "properties": {
        "内容": "バス停: 富士山山中湖",
        "name": "富士山山中湖",
        "operator": "事業者不明",
        "ref": "138",
        "url": "",
        "url2": ""
      }
    },
    {
      "type": "Feature",
      "geometry": {
        "type": "Point",
        "coordinates": [
          138.8308469,
          35.4587255
        ]
      },
      "properties": {
        "内容": "バス停: 忍野八海 (富士急バス)",
        "name": "忍野八海",
        "operator": "富士急バス",
        "ref": "126",
        "url": "",
        "url2": ""
      }
    },
    {
      "type": "Feature",
      "geometry": {
        "type": "Point",
        "coordinates": [
          138.8291699,
          35.4600025
        ]
      },
      "properties": {
        "内容": "バス停: えびすや前",
        "name": "えびすや前",
        "operator": "事業者不明",
        "ref": "125",
        "url": "",
        "url2": ""
      }
    },
    {
      "type": "Feature",
      "geometry": {
        "type": "Point",
        "coordinates": [
          138.8274278,
          35.4586731
        ]
      },
      "properties": {
        "内容": "バス停: 下村",
        "name": "下村",
        "operator": "事業者不明",
        "ref": "124",
        "url": "",
        "url2": ""
      }
    },
    {
      "type": "Feature",
      "geometry": {
        "type": "Point",
        "coordinates": [
          138.8276249,
          35.4586698
        ]
      },
      "properties": {
        "内容": "バス停: 下村",
        "name": "下村",
        "operator": "事業者不明",
        "ref": "124",
        "url": "",
        "url2": ""
      }
    },
    {
      "type": "Feature",
      "geometry": {
        "type": "Point",
        "coordinates": [
          138.8249964,
          35.457383
        ]
      },
      "properties": {
        "内容": "バス停: さかな公園",
        "name": "さかな公園",
        "operator": "事業者不明",
        "ref": "123",
        "url": "",
        "url2": ""
      }
    },
    {
      "type": "Feature",
      "geometry": {
        "type": "Point",
        "coordinates": [
          138.8249078,
          35.4573852
        ]
      },
      "properties": {
        "内容": "バス停: さかな公園",
        "name": "さかな公園",
        "operator": "事業者不明",
        "ref": "123",
        "url": "",
        "url2": ""
      }
    },
    {
      "type": "Feature",
      "geometry": {
        "type": "Point",
        "coordinates": [
          138.8223631,
          35.456478
        ]
      },
      "properties": {
        "内容": "バス停: 忍野温泉前",
        "name": "忍野温泉前",
        "operator": "事業者不明",
        "ref": "122",
        "url": "",
        "url2": ""
      }
    },
    {
      "type": "Feature",
      "geometry": {
        "type": "Point",
        "coordinates": [
          138.8065347,
          35.4715556
        ]
      },
      "properties": {
        "内容": "バス停: 城山入口",
        "name": "城山入口",
        "operator": "事業者不明",
        "ref": "114",
        "url": "",
        "url2": ""
      }
    },
    {
      "type": "Feature",
      "geometry": {
        "type": "Point",
        "coordinates": [
          138.8085718,
          35.4764026
        ]
      },
      "properties": {
        "内容": "バス停: 桂橋",
        "name": "桂橋",
        "operator": "事業者不明",
        "ref": "113",
        "url": "",
        "url2": ""
      }
    },
    {
      "type": "Feature",
      "geometry": {
        "type": "Point",
        "coordinates": [
          138.8027085,
          35.4810102
        ]
      },
      "properties": {
        "内容": "バス停: 合同庁舎北入口",
        "name": "合同庁舎北入口",
        "operator": "事業者不明",
        "ref": "112",
        "url": "",
        "url2": ""
      }
    },
    {
      "type": "Feature",
      "geometry": {
        "type": "Point",
        "coordinates": [
          138.7931371,
          35.4844905
        ]
      },
      "properties": {
        "内容": "バス停: 松山",
        "name": "松山",
        "operator": "事業者不明",
        "ref": "108",
        "url": "",
        "url2": ""
      }
    },
    {
      "type": "Feature",
      "geometry": {
        "type": "Point",
        "coordinates": [
          138.7885706,
          35.4852266
        ]
      },
      "properties": {
        "内容": "バス停: 警察署前",
        "name": "警察署前",
        "operator": "事業者不明",
        "ref": "107",
        "url": "",
        "url2": ""
      }
    },
    {
      "type": "Feature",
      "geometry": {
        "type": "Point",
        "coordinates": [
          138.7880905,
          35.485576
        ]
      },
      "properties": {
        "内容": "バス停: 警察署前",
        "name": "警察署前",
        "operator": "事業者不明",
        "ref": "107",
        "url": "",
        "url2": ""
      }
    },
    {
      "type": "Feature",
      "geometry": {
        "type": "Point",
        "coordinates": [
          138.7844642,
          35.4878326
        ]
      },
      "properties": {
        "内容": "バス停: 剣丸尾",
        "name": "剣丸尾",
        "operator": "事業者不明",
        "ref": "106",
        "url": "",
        "url2": ""
      }
    },
    {
      "type": "Feature",
      "geometry": {
        "type": "Point",
        "coordinates": [
          138.7845956,
          35.4877764
        ]
      },
      "properties": {
        "内容": "バス停: 剣丸尾",
        "name": "剣丸尾",
        "operator": "事業者不明",
        "ref": "106",
        "url": "",
        "url2": ""
      }
    },
    {
      "type": "Feature",
      "geometry": {
        "type": "Point",
        "coordinates": [
          139.0676049,
          35.6331264
        ]
      },
      "properties": {
        "内容": "バス停: 中央道野田尻",
        "name": "中央道野田尻",
        "operator": "事業者不明",
        "ref": "",
        "url": "",
        "url2": ""
      }
    },
    {
      "type": "Feature",
      "geometry": {
        "type": "Point",
        "coordinates": [
          138.7774748,
          35.4846785
        ]
      },
      "properties": {
        "内容": "バス停: 名称不明バス停",
        "name": "名称不明バス停",
        "operator": "事業者不明",
        "ref": "",
        "url": "",
        "url2": ""
      }
    },
    {
      "type": "Feature",
      "geometry": {
        "type": "Point",
        "coordinates": [
          138.8308401,
          35.4587555
        ]
      },
      "properties": {
        "内容": "バス停: 名称不明バス停",
        "name": "名称不明バス停",
        "operator": "事業者不明",
        "ref": "",
        "url": "",
        "url2": ""
      }
    },
    {
      "type": "Feature",
      "geometry": {
        "type": "Point",
        "coordinates": [
          138.830688,
          35.458984
        ]
      },
      "properties": {
        "内容": "バス停: 名称不明バス停",
        "name": "名称不明バス停",
        "operator": "事業者不明",
        "ref": "",
        "url": "",
        "url2": ""
      }
    },
    {
      "type": "Feature",
      "geometry": {
        "type": "Point",
        "coordinates": [
          138.6336364,
          35.6507823
        ]
      },
      "properties": {
        "内容": "バス停: 甲運橋 (富士急バス;山梨交通)",
        "name": "甲運橋",
        "operator": "富士急バス;山梨交通",
        "ref": "",
        "url": "",
        "url2": ""
      }
    },
    {
      "type": "Feature",
      "geometry": {
        "type": "Point",
        "coordinates": [
          138.3098816,
          35.8282752
        ]
      },
      "properties": {
        "内容": "バス停: 名称不明バス停",
        "name": "名称不明バス停",
        "operator": "事業者不明",
        "ref": "",
        "url": "",
        "url2": ""
      }
    },
    {
      "type": "Feature",
      "geometry": {
        "type": "Point",
        "coordinates": [
          138.7135878,
          35.6440555
        ]
      },
      "properties": {
        "内容": "バス停: 中央道釈迦堂",
        "name": "中央道釈迦堂",
        "operator": "事業者不明",
        "ref": "",
        "url": "",
        "url2": ""
      }
    },
    {
      "type": "Feature",
      "geometry": {
        "type": "Point",
        "coordinates": [
          138.7136563,
          35.645378
        ]
      },
      "properties": {
        "内容": "バス停: 中央道釈迦堂",
        "name": "中央道釈迦堂",
        "operator": "事業者不明",
        "ref": "",
        "url": "",
        "url2": ""
      }
    },
    {
      "type": "Feature",
      "geometry": {
        "type": "Point",
        "coordinates": [
          138.6364177,
          35.6232008
        ]
      },
      "properties": {
        "内容": "バス停: 中央道八代",
        "name": "中央道八代",
        "operator": "事業者不明",
        "ref": "",
        "url": "",
        "url2": ""
      }
    },
    {
      "type": "Feature",
      "geometry": {
        "type": "Point",
        "coordinates": [
          138.6350327,
          35.6227454
        ]
      },
      "properties": {
        "内容": "バス停: 中央道八代",
        "name": "中央道八代",
        "operator": "事業者不明",
        "ref": "",
        "url": "",
        "url2": ""
      }
    },
    {
      "type": "Feature",
      "geometry": {
        "type": "Point",
        "coordinates": [
          138.5866492,
          35.5983233
        ]
      },
      "properties": {
        "内容": "バス停: 中央道甲府南",
        "name": "中央道甲府南",
        "operator": "事業者不明",
        "ref": "",
        "url": "",
        "url2": ""
      }
    },
    {
      "type": "Feature",
      "geometry": {
        "type": "Point",
        "coordinates": [
          138.4647585,
          35.7208253
        ]
      },
      "properties": {
        "内容": "バス停: 中央道韮崎",
        "name": "中央道韮崎",
        "operator": "事業者不明",
        "ref": "",
        "url": "",
        "url2": ""
      }
    },
    {
      "type": "Feature",
      "geometry": {
        "type": "Point",
        "coordinates": [
          138.4652723,
          35.7207325
        ]
      },
      "properties": {
        "内容": "バス停: 中央道韮崎",
        "name": "中央道韮崎",
        "operator": "事業者不明",
        "ref": "",
        "url": "",
        "url2": ""
      }
    },
    {
      "type": "Feature",
      "geometry": {
        "type": "Point",
        "coordinates": [
          138.423491,
          35.7729863
        ]
      },
      "properties": {
        "内容": "バス停: 中央道須玉",
        "name": "中央道須玉",
        "operator": "事業者不明",
        "ref": "",
        "url": "",
        "url2": ""
      }
    },
    {
      "type": "Feature",
      "geometry": {
        "type": "Point",
        "coordinates": [
          138.4233737,
          35.774316
        ]
      },
      "properties": {
        "内容": "バス停: 中央道須玉",
        "name": "中央道須玉",
        "operator": "事業者不明",
        "ref": "",
        "url": "",
        "url2": ""
      }
    },
    {
      "type": "Feature",
      "geometry": {
        "type": "Point",
        "coordinates": [
          138.3922887,
          35.8326925
        ]
      },
      "properties": {
        "内容": "バス停: 中央道長坂高根",
        "name": "中央道長坂高根",
        "operator": "事業者不明",
        "ref": "",
        "url": "",
        "url2": ""
      }
    },
    {
      "type": "Feature",
      "geometry": {
        "type": "Point",
        "coordinates": [
          138.3921956,
          35.8315972
        ]
      },
      "properties": {
        "内容": "バス停: 中央道長坂高根",
        "name": "中央道長坂高根",
        "operator": "事業者不明",
        "ref": "",
        "url": "",
        "url2": ""
      }
    },
    {
      "type": "Feature",
      "geometry": {
        "type": "Point",
        "coordinates": [
          138.3126976,
          35.8701748
        ]
      },
      "properties": {
        "内容": "バス停: 中央道小淵沢",
        "name": "中央道小淵沢",
        "operator": "事業者不明",
        "ref": "",
        "url": "",
        "url2": ""
      }
    },
    {
      "type": "Feature",
      "geometry": {
        "type": "Point",
        "coordinates": [
          138.3108126,
          35.8712817
        ]
      },
      "properties": {
        "内容": "バス停: 中央道小淵沢",
        "name": "中央道小淵沢",
        "operator": "事業者不明",
        "ref": "",
        "url": "",
        "url2": ""
      }
    },
    {
      "type": "Feature",
      "geometry": {
        "type": "Point",
        "coordinates": [
          138.5217046,
          35.5937553
        ]
      },
      "properties": {
        "内容": "バス停: 花輪 (山梨交通鰍沢営業所)",
        "name": "花輪",
        "operator": "山梨交通鰍沢営業所",
        "ref": "",
        "url": "",
        "url2": ""
      }
    },
    {
      "type": "Feature",
      "geometry": {
        "type": "Point",
        "coordinates": [
          138.5227513,
          35.6054451
        ]
      },
      "properties": {
        "内容": "バス停: 小井川駅入口 (山梨交通)",
        "name": "小井川駅入口",
        "operator": "山梨交通",
        "ref": "",
        "url": "",
        "url2": ""
      }
    },
    {
      "type": "Feature",
      "geometry": {
        "type": "Point",
        "coordinates": [
          138.5227067,
          35.5973852
        ]
      },
      "properties": {
        "内容": "バス停: 田富学校 (山梨交通)",
        "name": "田富学校",
        "operator": "山梨交通",
        "ref": "",
        "url": "",
        "url2": ""
      }
    },
    {
      "type": "Feature",
      "geometry": {
        "type": "Point",
        "coordinates": [
          138.5227969,
          35.5970254
        ]
      },
      "properties": {
        "内容": "バス停: 田富学校 (山梨交通)",
        "name": "田富学校",
        "operator": "山梨交通",
        "ref": "",
        "url": "",
        "url2": ""
      }
    },
    {
      "type": "Feature",
      "geometry": {
        "type": "Point",
        "coordinates": [
          138.5225668,
          35.6023507
        ]
      },
      "properties": {
        "内容": "バス停: 妙泉寺",
        "name": "妙泉寺",
        "operator": "事業者不明",
        "ref": "",
        "url": "",
        "url2": ""
      }
    },
    {
      "type": "Feature",
      "geometry": {
        "type": "Point",
        "coordinates": [
          138.564548,
          35.647593
        ]
      },
      "properties": {
        "内容": "バス停: 千秋橋 (山梨交通)",
        "name": "千秋橋",
        "operator": "山梨交通",
        "ref": "",
        "url": "",
        "url2": ""
      }
    },
    {
      "type": "Feature",
      "geometry": {
        "type": "Point",
        "coordinates": [
          138.7951353,
          35.483725
        ]
      },
      "properties": {
        "内容": "バス停: 富士山駅",
        "name": "富士山駅",
        "operator": "事業者不明",
        "ref": "",
        "url": "",
        "url2": ""
      }
    },
    {
      "type": "Feature",
      "geometry": {
        "type": "Point",
        "coordinates": [
          138.5655801,
          35.7384478
        ]
      },
      "properties": {
        "内容": "バス停: ｸﾞﾘｰﾝﾗｲﾝ 昇仙峡",
        "name": "ｸﾞﾘｰﾝﾗｲﾝ 昇仙峡",
        "operator": "事業者不明",
        "ref": "",
        "url": "",
        "url2": ""
      }
    },
    {
      "type": "Feature",
      "geometry": {
        "type": "Point",
        "coordinates": [
          138.5664219,
          35.7509182
        ]
      },
      "properties": {
        "内容": "バス停: 昇仙峡滝上",
        "name": "昇仙峡滝上",
        "operator": "事業者不明",
        "ref": "",
        "url": "",
        "url2": ""
      }
    },
    {
      "type": "Feature",
      "geometry": {
        "type": "Point",
        "coordinates": [
          138.5497987,
          35.7252576
        ]
      },
      "properties": {
        "内容": "バス停: 昇仙峡入口・天神森",
        "name": "昇仙峡入口・天神森",
        "operator": "事業者不明",
        "ref": "",
        "url": "",
        "url2": ""
      }
    },
    {
      "type": "Feature",
      "geometry": {
        "type": "Point",
        "coordinates": [
          138.7463185,
          35.5063644
        ]
      },
      "properties": {
        "内容": "バス停: 名称不明バス停",
        "name": "名称不明バス停",
        "operator": "事業者不明",
        "ref": "",
        "url": "",
        "url2": ""
      }
    },
    {
      "type": "Feature",
      "geometry": {
        "type": "Point",
        "coordinates": [
          138.8437622,
          35.445344
        ]
      },
      "properties": {
        "内容": "バス停: ファナック前",
        "name": "ファナック前",
        "operator": "事業者不明",
        "ref": "186",
        "url": "",
        "url2": ""
      }
    },
    {
      "type": "Feature",
      "geometry": {
        "type": "Point",
        "coordinates": [
          138.6421465,
          35.6165255
        ]
      },
      "properties": {
        "内容": "バス停: 笛吹市八代支所",
        "name": "笛吹市八代支所",
        "operator": "事業者不明",
        "ref": "",
        "url": "",
        "url2": ""
      }
    },
    {
      "type": "Feature",
      "geometry": {
        "type": "Point",
        "coordinates": [
          138.6430639,
          35.6160899
        ]
      },
      "properties": {
        "内容": "バス停: 笛吹市八代支所",
        "name": "笛吹市八代支所",
        "operator": "事業者不明",
        "ref": "",
        "url": "",
        "url2": ""
      }
    },
    {
      "type": "Feature",
      "geometry": {
        "type": "Point",
        "coordinates": [
          138.4457991,
          35.3692191
        ]
      },
      "properties": {
        "内容": "バス停: 隧道北口",
        "name": "隧道北口",
        "operator": "事業者不明",
        "ref": "",
        "url": "",
        "url2": ""
      }
    },
    {
      "type": "Feature",
      "geometry": {
        "type": "Point",
        "coordinates": [
          138.4461692,
          35.369136
        ]
      },
      "properties": {
        "内容": "バス停: 隧道北口",
        "name": "隧道北口",
        "operator": "事業者不明",
        "ref": "",
        "url": "",
        "url2": ""
      }
    },
    {
      "type": "Feature",
      "geometry": {
        "type": "Point",
        "coordinates": [
          138.4494066,
          35.3650415
        ]
      },
      "properties": {
        "内容": "バス停: 大野",
        "name": "大野",
        "operator": "事業者不明",
        "ref": "",
        "url": "",
        "url2": ""
      }
    },
    {
      "type": "Feature",
      "geometry": {
        "type": "Point",
        "coordinates": [
          138.4493905,
          35.3653564
        ]
      },
      "properties": {
        "内容": "バス停: 大野",
        "name": "大野",
        "operator": "事業者不明",
        "ref": "",
        "url": "",
        "url2": ""
      }
    },
    {
      "type": "Feature",
      "geometry": {
        "type": "Point",
        "coordinates": [
          138.4531027,
          35.3641709
        ]
      },
      "properties": {
        "内容": "バス停: 身延橋南",
        "name": "身延橋南",
        "operator": "事業者不明",
        "ref": "",
        "url": "",
        "url2": ""
      }
    },
    {
      "type": "Feature",
      "geometry": {
        "type": "Point",
        "coordinates": [
          138.4529364,
          35.3643722
        ]
      },
      "properties": {
        "内容": "バス停: 身延橋南",
        "name": "身延橋南",
        "operator": "事業者不明",
        "ref": "",
        "url": "",
        "url2": ""
      }
    },
    {
      "type": "Feature",
      "geometry": {
        "type": "Point",
        "coordinates": [
          138.4527406,
          35.362736
        ]
      },
      "properties": {
        "内容": "バス停: しょうにん会館",
        "name": "しょうにん会館",
        "operator": "事業者不明",
        "ref": "",
        "url": "",
        "url2": ""
      }
    },
    {
      "type": "Feature",
      "geometry": {
        "type": "Point",
        "coordinates": [
          138.452644,
          35.3629307
        ]
      },
      "properties": {
        "内容": "バス停: しょうにん会館",
        "name": "しょうにん会館",
        "operator": "事業者不明",
        "ref": "",
        "url": "",
        "url2": ""
      }
    },
    {
      "type": "Feature",
      "geometry": {
        "type": "Point",
        "coordinates": [
          138.4525475,
          35.3611644
        ]
      },
      "properties": {
        "内容": "バス停: 身延駅",
        "name": "身延駅",
        "operator": "事業者不明",
        "ref": "",
        "url": "",
        "url2": ""
      }
    },
    {
      "type": "Feature",
      "geometry": {
        "type": "Point",
        "coordinates": [
          138.4251004,
          35.3766661
        ]
      },
      "properties": {
        "内容": "バス停: 身延山",
        "name": "身延山",
        "operator": "事業者不明",
        "ref": "",
        "url": "",
        "url2": ""
      }
    },
    {
      "type": "Feature",
      "geometry": {
        "type": "Point",
        "coordinates": [
          138.5692407,
          35.6636796
        ]
      },
      "properties": {
        "内容": "バス停: 県庁前",
        "name": "県庁前",
        "operator": "事業者不明",
        "ref": "",
        "url": "",
        "url2": ""
      }
    },
    {
      "type": "Feature",
      "geometry": {
        "type": "Point",
        "coordinates": [
          138.5694241,
          35.6637626
        ]
      },
      "properties": {
        "内容": "バス停: 県庁前",
        "name": "県庁前",
        "operator": "事業者不明",
        "ref": "",
        "url": "",
        "url2": ""
      }
    },
    {
      "type": "Feature",
      "geometry": {
        "type": "Point",
        "coordinates": [
          138.679725,
          35.6639801
        ]
      },
      "properties": {
        "内容": "バス停: 一町田中 (山梨市)",
        "name": "一町田中",
        "operator": "山梨市",
        "ref": "",
        "url": "",
        "url2": ""
      }
    },
    {
      "type": "Feature",
      "geometry": {
        "type": "Point",
        "coordinates": [
          138.5263728,
          35.5944703
        ]
      },
      "properties": {
        "内容": "バス停: 東花輪駅",
        "name": "東花輪駅",
        "operator": "事業者不明",
        "ref": "",
        "url": "",
        "url2": ""
      }
    },
    {
      "type": "Feature",
      "geometry": {
        "type": "Point",
        "coordinates": [
          138.5269504,
          35.6145232
        ]
      },
      "properties": {
        "内容": "バス停: 名称不明バス停",
        "name": "名称不明バス停",
        "operator": "事業者不明",
        "ref": "",
        "url": "",
        "url2": ""
      }
    },
    {
      "type": "Feature",
      "geometry": {
        "type": "Point",
        "coordinates": [
          138.5237049,
          35.6101947
        ]
      },
      "properties": {
        "内容": "バス停: 山之神入口",
        "name": "山之神入口",
        "operator": "事業者不明",
        "ref": "",
        "url": "",
        "url2": ""
      }
    },
    {
      "type": "Feature",
      "geometry": {
        "type": "Point",
        "coordinates": [
          138.522829,
          35.6008521
        ]
      },
      "properties": {
        "内容": "バス停: 中央市田富庁舎入口",
        "name": "中央市田富庁舎入口",
        "operator": "事業者不明",
        "ref": "",
        "url": "",
        "url2": ""
      }
    },
    {
      "type": "Feature",
      "geometry": {
        "type": "Point",
        "coordinates": [
          138.4508256,
          35.6990517
        ]
      },
      "properties": {
        "内容": "バス停: 名称不明バス停",
        "name": "名称不明バス停",
        "operator": "事業者不明",
        "ref": "",
        "url": "",
        "url2": ""
      }
    },
    {
      "type": "Feature",
      "geometry": {
        "type": "Point",
        "coordinates": [
          138.5453953,
          35.6082283
        ]
      },
      "properties": {
        "内容": "バス停: 上成島 (山梨交通)",
        "name": "上成島",
        "operator": "山梨交通",
        "ref": "",
        "url": "",
        "url2": ""
      }
    },
    {
      "type": "Feature",
      "geometry": {
        "type": "Point",
        "coordinates": [
          138.5487785,
          35.6101944
        ]
      },
      "properties": {
        "内容": "バス停: 中楯 (山梨交通)",
        "name": "中楯",
        "operator": "山梨交通",
        "ref": "",
        "url": "",
        "url2": ""
      }
    },
    {
      "type": "Feature",
      "geometry": {
        "type": "Point",
        "coordinates": [
          138.5770615,
          35.6437243
        ]
      },
      "properties": {
        "内容": "バス停: 南甲府駅 (山梨交通)",
        "name": "南甲府駅",
        "operator": "山梨交通",
        "ref": "",
        "url": "",
        "url2": ""
      }
    },
    {
      "type": "Feature",
      "geometry": {
        "type": "Point",
        "coordinates": [
          138.5266075,
          35.6220575
        ]
      },
      "properties": {
        "内容": "バス停: 名称不明バス停",
        "name": "名称不明バス停",
        "operator": "事業者不明",
        "ref": "",
        "url": "",
        "url2": ""
      }
    },
    {
      "type": "Feature",
      "geometry": {
        "type": "Point",
        "coordinates": [
          138.655816,
          35.6334202
        ]
      },
      "properties": {
        "内容": "バス停: 名称不明バス停",
        "name": "名称不明バス停",
        "operator": "事業者不明",
        "ref": "",
        "url": "",
        "url2": ""
      }
    },
    {
      "type": "Feature",
      "geometry": {
        "type": "Point",
        "coordinates": [
          138.5227194,
          35.6000157
        ]
      },
      "properties": {
        "内容": "バス停: 中央市田富庁舎入口",
        "name": "中央市田富庁舎入口",
        "operator": "事業者不明",
        "ref": "",
        "url": "",
        "url2": ""
      }
    },
    {
      "type": "Feature",
      "geometry": {
        "type": "Point",
        "coordinates": [
          138.5680789,
          35.6646607
        ]
      },
      "properties": {
        "内容": "バス停: 県会議事堂 (山梨交通)",
        "name": "県会議事堂",
        "operator": "山梨交通",
        "ref": "",
        "url": "",
        "url2": ""
      }
    },
    {
      "type": "Feature",
      "geometry": {
        "type": "Point",
        "coordinates": [
          138.5678,
          35.6621289
        ]
      },
      "properties": {
        "内容": "バス停: 甲府市役所前 (富士急バス)",
        "name": "甲府市役所前",
        "operator": "富士急バス",
        "ref": "",
        "url": "",
        "url2": ""
      }
    },
    {
      "type": "Feature",
      "geometry": {
        "type": "Point",
        "coordinates": [
          138.5673083,
          35.6600013
        ]
      },
      "properties": {
        "内容": "バス停: 甲府地方裁判所 (山梨交通)",
        "name": "甲府地方裁判所",
        "operator": "山梨交通",
        "ref": "",
        "url": "",
        "url2": ""
      }
    },
    {
      "type": "Feature",
      "geometry": {
        "type": "Point",
        "coordinates": [
          138.5683114,
          35.6505907
        ]
      },
      "properties": {
        "内容": "バス停: 伊勢一丁目 (山梨交通)",
        "name": "伊勢一丁目",
        "operator": "山梨交通",
        "ref": "",
        "url": "",
        "url2": ""
      }
    },
    {
      "type": "Feature",
      "geometry": {
        "type": "Point",
        "coordinates": [
          138.5643948,
          35.6473104
        ]
      },
      "properties": {
        "内容": "バス停: 千秋橋 (山梨交通)",
        "name": "千秋橋",
        "operator": "山梨交通",
        "ref": "",
        "url": "",
        "url2": ""
      }
    },
    {
      "type": "Feature",
      "geometry": {
        "type": "Point",
        "coordinates": [
          138.5620602,
          35.6454535
        ]
      },
      "properties": {
        "内容": "バス停: 国母一丁目 (山梨交通)",
        "name": "国母一丁目",
        "operator": "山梨交通",
        "ref": "",
        "url": "",
        "url2": ""
      }
    },
    {
      "type": "Feature",
      "geometry": {
        "type": "Point",
        "coordinates": [
          138.560517,
          35.6442429
        ]
      },
      "properties": {
        "内容": "バス停: 国母・下石田四ツ角 (山梨交通)",
        "name": "国母・下石田四ツ角",
        "operator": "山梨交通",
        "ref": "",
        "url": "",
        "url2": ""
      }
    },
    {
      "type": "Feature",
      "geometry": {
        "type": "Point",
        "coordinates": [
          138.5567853,
          35.6412873
        ]
      },
      "properties": {
        "内容": "バス停: 国母小学校 (山梨交通)",
        "name": "国母小学校",
        "operator": "山梨交通",
        "ref": "",
        "url": "",
        "url2": ""
      }
    },
    {
      "type": "Feature",
      "geometry": {
        "type": "Point",
        "coordinates": [
          138.5540702,
          35.6391155
        ]
      },
      "properties": {
        "内容": "バス停: 甲府市地方卸売市場入口 (山梨交通)",
        "name": "甲府市地方卸売市場入口",
        "operator": "山梨交通",
        "ref": "",
        "url": "",
        "url2": ""
      }
    },
    {
      "type": "Feature",
      "geometry": {
        "type": "Point",
        "coordinates": [
          138.5511201,
          35.6364224
        ]
      },
      "properties": {
        "内容": "バス停: 上条 (山梨交通)",
        "name": "上条",
        "operator": "山梨交通",
        "ref": "",
        "url": "",
        "url2": ""
      }
    },
    {
      "type": "Feature",
      "geometry": {
        "type": "Point",
        "coordinates": [
          138.5484227,
          35.6339391
        ]
      },
      "properties": {
        "内容": "バス停: 国母八丁目 (山梨交通)",
        "name": "国母八丁目",
        "operator": "山梨交通",
        "ref": "",
        "url": "",
        "url2": ""
      }
    },
    {
      "type": "Feature",
      "geometry": {
        "type": "Point",
        "coordinates": [
          138.5458985,
          35.6310499
        ]
      },
      "properties": {
        "内容": "バス停: 国母駅入口 (山梨交通)",
        "name": "国母駅入口",
        "operator": "山梨交通",
        "ref": "",
        "url": "",
        "url2": ""
      }
    },
    {
      "type": "Feature",
      "geometry": {
        "type": "Point",
        "coordinates": [
          138.5350251,
          35.6213069
        ]
      },
      "properties": {
        "内容": "バス停: 中島 (山梨交通)",
        "name": "中島",
        "operator": "山梨交通",
        "ref": "",
        "url": "",
        "url2": ""
      }
    },
    {
      "type": "Feature",
      "geometry": {
        "type": "Point",
        "coordinates": [
          138.532846,
          35.6194836
        ]
      },
      "properties": {
        "内容": "バス停: 上河東四ツ角 (山梨交通)",
        "name": "上河東四ツ角",
        "operator": "山梨交通",
        "ref": "",
        "url": "",
        "url2": ""
      }
    },
    {
      "type": "Feature",
      "geometry": {
        "type": "Point",
        "coordinates": [
          138.4928569,
          35.6234392
        ]
      },
      "properties": {
        "内容": "バス停: 県営下今井団地",
        "name": "県営下今井団地",
        "operator": "事業者不明",
        "ref": "",
        "url": "",
        "url2": ""
      }
    },
    {
      "type": "Feature",
      "geometry": {
        "type": "Point",
        "coordinates": [
          138.4628048,
          35.625093
        ]
      },
      "properties": {
        "内容": "バス停: 名称不明バス停",
        "name": "名称不明バス停",
        "operator": "事業者不明",
        "ref": "",
        "url": "",
        "url2": ""
      }
    },
    {
      "type": "Feature",
      "geometry": {
        "type": "Point",
        "coordinates": [
          138.4703756,
          35.6153531
        ]
      },
      "properties": {
        "内容": "バス停: 名称不明バス停",
        "name": "名称不明バス停",
        "operator": "事業者不明",
        "ref": "",
        "url": "",
        "url2": ""
      }
    },
    {
      "type": "Feature",
      "geometry": {
        "type": "Point",
        "coordinates": [
          138.518437,
          35.5937337
        ]
      },
      "properties": {
        "内容": "バス停: 花輪西",
        "name": "花輪西",
        "operator": "事業者不明",
        "ref": "",
        "url": "",
        "url2": ""
      }
    },
    {
      "type": "Feature",
      "geometry": {
        "type": "Point",
        "coordinates": [
          138.5700923,
          35.6666112
        ]
      },
      "properties": {
        "内容": "バス停: 甲府駅（陸橋） (山梨交通)",
        "name": "甲府駅（陸橋）",
        "operator": "山梨交通",
        "ref": "",
        "url": "",
        "url2": ""
      }
    },
    {
      "type": "Feature",
      "geometry": {
        "type": "Point",
        "coordinates": [
          138.5701707,
          35.6666474
        ]
      },
      "properties": {
        "内容": "バス停: 甲府駅（陸橋） (山梨交通)",
        "name": "甲府駅（陸橋）",
        "operator": "山梨交通",
        "ref": "",
        "url": "",
        "url2": ""
      }
    },
    {
      "type": "Feature",
      "geometry": {
        "type": "Point",
        "coordinates": [
          138.5702901,
          35.6709448
        ]
      },
      "properties": {
        "内容": "バス停: 新紺屋小学校",
        "name": "新紺屋小学校",
        "operator": "事業者不明",
        "ref": "",
        "url": "",
        "url2": ""
      }
    },
    {
      "type": "Feature",
      "geometry": {
        "type": "Point",
        "coordinates": [
          138.5703435,
          35.6712995
        ]
      },
      "properties": {
        "内容": "バス停: 新紺屋小学校 (山梨交通)",
        "name": "新紺屋小学校",
        "operator": "山梨交通",
        "ref": "",
        "url": "",
        "url2": ""
      }
    },
    {
      "type": "Feature",
      "geometry": {
        "type": "Point",
        "coordinates": [
          138.5665678,
          35.6717386
        ]
      },
      "properties": {
        "内容": "バス停: 朝日五丁目南 (山梨交通)",
        "name": "朝日五丁目南",
        "operator": "山梨交通",
        "ref": "",
        "url": "",
        "url2": ""
      }
    },
    {
      "type": "Feature",
      "geometry": {
        "type": "Point",
        "coordinates": [
          138.5658172,
          35.6699396
        ]
      },
      "properties": {
        "内容": "バス停: 甲府駅北入口",
        "name": "甲府駅北入口",
        "operator": "事業者不明",
        "ref": "",
        "url": "",
        "url2": ""
      }
    }
  ]
}