{
"type": "FeatureCollection",
"name": "geo_19_5",
"crs": { "type": "name", "properties": { "name": "urn:ogc:def:crs:OGC:1.3:CRS84" } },
"features": [
{ "type": "Feature", "properties": { "ID": 1956192000001, "正式名称": "㈱板山薬泉堂", "機関区分": 5, "都道府県コード": 19, "市区町村コード": 201, "所在地": "山梨県甲府市中央４－２－１０", "緯度": 35.659652, "経度": 138.573002, "url": "https://www.iryou.teikyouseido.mhlw.go.jp/znk-web/juminkanja/S2430/initialize?prefCd=19&kikanCd=6192000001&kikanKbn=5", "url2": null, "内容": "㈱板山薬泉堂【5:薬局】山梨県甲府市中央４－２－１０" }, "geometry": { "type": "Point", "coordinates": [ 138.573002, 35.659652 ] } },
{ "type": "Feature", "properties": { "ID": 1956192000003, "正式名称": "マルジン薬局", "機関区分": 5, "都道府県コード": 19, "市区町村コード": 201, "所在地": "山梨県甲府市朝日４－１－１", "緯度": 35.67154, "経度": 138.566641, "url": "https://www.iryou.teikyouseido.mhlw.go.jp/znk-web/juminkanja/S2430/initialize?prefCd=19&kikanCd=6192000003&kikanKbn=5", "url2": null, "内容": "マルジン薬局【5:薬局】山梨県甲府市朝日４－１－１" }, "geometry": { "type": "Point", "coordinates": [ 138.566641, 35.67154 ] } },
{ "type": "Feature", "properties": { "ID": 1956192000004, "正式名称": "（有）神津薬局", "機関区分": 5, "都道府県コード": 19, "市区町村コード": 201, "所在地": "山梨県甲府市丸の内２－２９－１", "緯度": 35.664208, "経度": 138.567585, "url": "https://www.iryou.teikyouseido.mhlw.go.jp/znk-web/juminkanja/S2430/initialize?prefCd=19&kikanCd=6192000004&kikanKbn=5", "url2": null, "内容": "（有）神津薬局【5:薬局】山梨県甲府市丸の内２－２９－１" }, "geometry": { "type": "Point", "coordinates": [ 138.567585, 35.664208 ] } },
{ "type": "Feature", "properties": { "ID": 1956192000005, "正式名称": "㈲木綿屋薬局", "機関区分": 5, "都道府県コード": 19, "市区町村コード": 201, "所在地": "山梨県甲府市中央１－１２－４", "緯度": 35.659486, "経度": 138.569474, "url": "https://www.iryou.teikyouseido.mhlw.go.jp/znk-web/juminkanja/S2430/initialize?prefCd=19&kikanCd=6192000005&kikanKbn=5", "url2": null, "内容": "㈲木綿屋薬局【5:薬局】山梨県甲府市中央１－１２－４" }, "geometry": { "type": "Point", "coordinates": [ 138.569474, 35.659486 ] } },
{ "type": "Feature", "properties": { "ID": 1956192000006, "正式名称": "（有）ハタノ薬局", "機関区分": 5, "都道府県コード": 19, "市区町村コード": 201, "所在地": "山梨県甲府市中央４－４－２４", "緯度": 35.65943, "経度": 138.571141, "url": "https://www.iryou.teikyouseido.mhlw.go.jp/znk-web/juminkanja/S2430/initialize?prefCd=19&kikanCd=6192000006&kikanKbn=5", "url2": "https://www.hatano-pharmacy.com/", "内容": "（有）ハタノ薬局【5:薬局】山梨県甲府市中央４－４－２４" }, "geometry": { "type": "Point", "coordinates": [ 138.571141, 35.65943 ] } },
{ "type": "Feature", "properties": { "ID": 1956192000009, "正式名称": "佐野薬局　東支店", "機関区分": 5, "都道府県コード": 19, "市区町村コード": 201, "所在地": "山梨県甲府市塩部１－１５－１６", "緯度": 35.676289, "経度": 138.560308, "url": "https://www.iryou.teikyouseido.mhlw.go.jp/znk-web/juminkanja/S2430/initialize?prefCd=19&kikanCd=6192000009&kikanKbn=5", "url2": null, "内容": "佐野薬局　東支店【5:薬局】山梨県甲府市塩部１－１５－１６" }, "geometry": { "type": "Point", "coordinates": [ 138.560308, 35.676289 ] } },
{ "type": "Feature", "properties": { "ID": 1956192000010, "正式名称": "日の出薬局", "機関区分": 5, "都道府県コード": 19, "市区町村コード": 201, "所在地": "山梨県甲府市中央２－１２－２６", "緯度": 35.661597, "経度": 138.57278, "url": "https://www.iryou.teikyouseido.mhlw.go.jp/znk-web/juminkanja/S2430/initialize?prefCd=19&kikanCd=6192000010&kikanKbn=5", "url2": "http://www.hinode2go.com/", "内容": "日の出薬局【5:薬局】山梨県甲府市中央２－１２－２６" }, "geometry": { "type": "Point", "coordinates": [ 138.57278, 35.661597 ] } },
{ "type": "Feature", "properties": { "ID": 1956192000012, "正式名称": "内田方伎堂薬局", "機関区分": 5, "都道府県コード": 19, "市区町村コード": 201, "所在地": "山梨県甲府市徳行４－１１－３０", "緯度": 35.65157, "経度": 138.537727, "url": "https://www.iryou.teikyouseido.mhlw.go.jp/znk-web/juminkanja/S2430/initialize?prefCd=19&kikanCd=6192000012&kikanKbn=5", "url2": null, "内容": "内田方伎堂薬局【5:薬局】山梨県甲府市徳行４－１１－３０" }, "geometry": { "type": "Point", "coordinates": [ 138.537727, 35.65157 ] } },
{ "type": "Feature", "properties": { "ID": 1956192000013, "正式名称": "宮坂薬局", "機関区分": 5, "都道府県コード": 19, "市区町村コード": 201, "所在地": "山梨県甲府市北新２－１０－２４", "緯度": 35.682234, "経度": 138.568779, "url": "https://www.iryou.teikyouseido.mhlw.go.jp/znk-web/juminkanja/S2430/initialize?prefCd=19&kikanCd=6192000013&kikanKbn=5", "url2": null, "内容": "宮坂薬局【5:薬局】山梨県甲府市北新２－１０－２４" }, "geometry": { "type": "Point", "coordinates": [ 138.568779, 35.682234 ] } },
{ "type": "Feature", "properties": { "ID": 1956192000014, "正式名称": "新海薬局", "機関区分": 5, "都道府県コード": 19, "市区町村コード": 201, "所在地": "山梨県甲府市中央２－５－３２", "緯度": 35.665541, "経度": 138.573001, "url": "https://www.iryou.teikyouseido.mhlw.go.jp/znk-web/juminkanja/S2430/initialize?prefCd=19&kikanCd=6192000014&kikanKbn=5", "url2": "http://www.shinkai-kanpo.com/", "内容": "新海薬局【5:薬局】山梨県甲府市中央２－５－３２" }, "geometry": { "type": "Point", "coordinates": [ 138.573001, 35.665541 ] } },
{ "type": "Feature", "properties": { "ID": 1956192000017, "正式名称": "日眼甲府薬局湯村支店", "機関区分": 5, "都道府県コード": 19, "市区町村コード": 201, "所在地": "山梨県甲府市湯村１－９－２３", "緯度": 35.678706, "経度": 138.551114, "url": "https://www.iryou.teikyouseido.mhlw.go.jp/znk-web/juminkanja/S2430/initialize?prefCd=19&kikanCd=6192000017&kikanKbn=5", "url2": null, "内容": "日眼甲府薬局湯村支店【5:薬局】山梨県甲府市湯村１－９－２３" }, "geometry": { "type": "Point", "coordinates": [ 138.551114, 35.678706 ] } },
{ "type": "Feature", "properties": { "ID": 1956192000018, "正式名称": "正和堂薬局", "機関区分": 5, "都道府県コード": 19, "市区町村コード": 201, "所在地": "山梨県甲府市塩部１－１１－１１", "緯度": 35.675234, "経度": 138.560308, "url": "https://www.iryou.teikyouseido.mhlw.go.jp/znk-web/juminkanja/S2430/initialize?prefCd=19&kikanCd=6192000018&kikanKbn=5", "url2": null, "内容": "正和堂薬局【5:薬局】山梨県甲府市塩部１－１１－１１" }, "geometry": { "type": "Point", "coordinates": [ 138.560308, 35.675234 ] } },
{ "type": "Feature", "properties": { "ID": 1956192000019, "正式名称": "有限会社日眼甲府薬局バイパス店", "機関区分": 5, "都道府県コード": 19, "市区町村コード": 201, "所在地": "山梨県甲府市徳行３－１４－２７", "緯度": 35.646431, "経度": 138.539783, "url": "https://www.iryou.teikyouseido.mhlw.go.jp/znk-web/juminkanja/S2430/initialize?prefCd=19&kikanCd=6192000019&kikanKbn=5", "url2": null, "内容": "有限会社日眼甲府薬局バイパス店【5:薬局】山梨県甲府市徳行３－１４－２７" }, "geometry": { "type": "Point", "coordinates": [ 138.539783, 35.646431 ] } },
{ "type": "Feature", "properties": { "ID": 1956192000022, "正式名称": "小沢薬局", "機関区分": 5, "都道府県コード": 19, "市区町村コード": 201, "所在地": "山梨県甲府市湯田２－１－１９", "緯度": 35.647516, "経度": 138.577558, "url": "https://www.iryou.teikyouseido.mhlw.go.jp/znk-web/juminkanja/S2430/initialize?prefCd=19&kikanCd=6192000022&kikanKbn=5", "url2": null, "内容": "小沢薬局【5:薬局】山梨県甲府市湯田２－１－１９" }, "geometry": { "type": "Point", "coordinates": [ 138.577558, 35.647516 ] } },
{ "type": "Feature", "properties": { "ID": 1956192000025, "正式名称": "あめみや調剤薬局", "機関区分": 5, "都道府県コード": 19, "市区町村コード": 201, "所在地": "山梨県甲府市下小河原町３０－７", "緯度": 35.630101, "経度": 138.579863, "url": "https://www.iryou.teikyouseido.mhlw.go.jp/znk-web/juminkanja/S2430/initialize?prefCd=19&kikanCd=6192000025&kikanKbn=5", "url2": null, "内容": "あめみや調剤薬局【5:薬局】山梨県甲府市下小河原町３０－７" }, "geometry": { "type": "Point", "coordinates": [ 138.579863, 35.630101 ] } },
{ "type": "Feature", "properties": { "ID": 1956192000028, "正式名称": "健康堂調剤薬局丸の内店", "機関区分": 5, "都道府県コード": 19, "市区町村コード": 201, "所在地": "山梨県甲府市丸の内２－９－１５", "緯度": 35.666346, "経度": 138.564474, "url": "https://www.iryou.teikyouseido.mhlw.go.jp/znk-web/juminkanja/S2430/initialize?prefCd=19&kikanCd=6192000028&kikanKbn=5", "url2": null, "内容": "健康堂調剤薬局丸の内店【5:薬局】山梨県甲府市丸の内２－９－１５" }, "geometry": { "type": "Point", "coordinates": [ 138.564474, 35.666346 ] } },
{ "type": "Feature", "properties": { "ID": 1956192000029, "正式名称": "トミタケ薬局", "機関区分": 5, "都道府県コード": 19, "市区町村コード": 201, "所在地": "山梨県甲府市富竹１－７－３２", "緯度": 35.656847, "経度": 138.548782, "url": "https://www.iryou.teikyouseido.mhlw.go.jp/znk-web/juminkanja/S2430/initialize?prefCd=19&kikanCd=6192000029&kikanKbn=5", "url2": null, "内容": "トミタケ薬局【5:薬局】山梨県甲府市富竹１－７－３２" }, "geometry": { "type": "Point", "coordinates": [ 138.548782, 35.656847 ] } },
{ "type": "Feature", "properties": { "ID": 1956192000033, "正式名称": "ドラッグストアー健康館サワ", "機関区分": 5, "都道府県コード": 19, "市区町村コード": 201, "所在地": "山梨県甲府市和戸町１００２－３", "緯度": 35.653543, "経度": 138.614055, "url": "https://www.iryou.teikyouseido.mhlw.go.jp/znk-web/juminkanja/S2430/initialize?prefCd=19&kikanCd=6192000033&kikanKbn=5", "url2": null, "内容": "ドラッグストアー健康館サワ【5:薬局】山梨県甲府市和戸町１００２－３" }, "geometry": { "type": "Point", "coordinates": [ 138.614055, 35.653543 ] } },
{ "type": "Feature", "properties": { "ID": 1956192000034, "正式名称": "十字堂ないとう薬局", "機関区分": 5, "都道府県コード": 19, "市区町村コード": 201, "所在地": "山梨県甲府市中村町１３－４", "緯度": 35.664651, "経度": 138.535144, "url": "https://www.iryou.teikyouseido.mhlw.go.jp/znk-web/juminkanja/S2430/initialize?prefCd=19&kikanCd=6192000034&kikanKbn=5", "url2": null, "内容": "十字堂ないとう薬局【5:薬局】山梨県甲府市中村町１３－４" }, "geometry": { "type": "Point", "coordinates": [ 138.535144, 35.664651 ] } },
{ "type": "Feature", "properties": { "ID": 1956192000035, "正式名称": "有限会社漢方堺屋薬局", "機関区分": 5, "都道府県コード": 19, "市区町村コード": 201, "所在地": "山梨県甲府市中央４－４－１４", "緯度": 35.658514, "経度": 138.571085, "url": "https://www.iryou.teikyouseido.mhlw.go.jp/znk-web/juminkanja/S2430/initialize?prefCd=19&kikanCd=6192000035&kikanKbn=5", "url2": null, "内容": "有限会社漢方堺屋薬局【5:薬局】山梨県甲府市中央４－４－１４" }, "geometry": { "type": "Point", "coordinates": [ 138.571085, 35.658514 ] } },
{ "type": "Feature", "properties": { "ID": 1956192000038, "正式名称": "明治堂　志村薬局", "機関区分": 5, "都道府県コード": 19, "市区町村コード": 210, "所在地": "山梨県甲斐市中下条１５８０－１", "緯度": 35.683177, "経度": 138.528421, "url": "https://www.iryou.teikyouseido.mhlw.go.jp/znk-web/juminkanja/S2430/initialize?prefCd=19&kikanCd=6192000038&kikanKbn=5", "url2": null, "内容": "明治堂　志村薬局【5:薬局】山梨県甲斐市中下条１５８０－１" }, "geometry": { "type": "Point", "coordinates": [ 138.528421, 35.683177 ] } },
{ "type": "Feature", "properties": { "ID": 1956192000040, "正式名称": "甲典堂板山薬局", "機関区分": 5, "都道府県コード": 19, "市区町村コード": 201, "所在地": "山梨県甲府市住吉１－２－１７", "緯度": 35.642182, "経度": 138.573141, "url": "https://www.iryou.teikyouseido.mhlw.go.jp/znk-web/juminkanja/S2430/initialize?prefCd=19&kikanCd=6192000040&kikanKbn=5", "url2": null, "内容": "甲典堂板山薬局【5:薬局】山梨県甲府市住吉１－２－１７" }, "geometry": { "type": "Point", "coordinates": [ 138.573141, 35.642182 ] } },
{ "type": "Feature", "properties": { "ID": 1956192000041, "正式名称": "ひまわり薬局", "機関区分": 5, "都道府県コード": 19, "市区町村コード": 201, "所在地": "山梨県甲府市荒川１－１１－１２", "緯度": 35.675984, "経度": 138.539199, "url": "https://www.iryou.teikyouseido.mhlw.go.jp/znk-web/juminkanja/S2430/initialize?prefCd=19&kikanCd=6192000041&kikanKbn=5", "url2": null, "内容": "ひまわり薬局【5:薬局】山梨県甲府市荒川１－１１－１２" }, "geometry": { "type": "Point", "coordinates": [ 138.539199, 35.675984 ] } },
{ "type": "Feature", "properties": { "ID": 1956192000042, "正式名称": "朝日調剤薬局", "機関区分": 5, "都道府県コード": 19, "市区町村コード": 201, "所在地": "山梨県甲府市朝日１－６－１", "緯度": 35.669929, "経度": 138.566085, "url": "https://www.iryou.teikyouseido.mhlw.go.jp/znk-web/juminkanja/S2430/initialize?prefCd=19&kikanCd=6192000042&kikanKbn=5", "url2": null, "内容": "朝日調剤薬局【5:薬局】山梨県甲府市朝日１－６－１" }, "geometry": { "type": "Point", "coordinates": [ 138.566085, 35.669929 ] } },
{ "type": "Feature", "properties": { "ID": 1956192000043, "正式名称": "マルジン薬局北口店", "機関区分": 5, "都道府県コード": 19, "市区町村コード": 201, "所在地": "山梨県甲府市北口１－６－８", "緯度": 35.670513, "経度": 138.568058, "url": "https://www.iryou.teikyouseido.mhlw.go.jp/znk-web/juminkanja/S2430/initialize?prefCd=19&kikanCd=6192000043&kikanKbn=5", "url2": null, "内容": "マルジン薬局北口店【5:薬局】山梨県甲府市北口１－６－８" }, "geometry": { "type": "Point", "coordinates": [ 138.568058, 35.670513 ] } },
{ "type": "Feature", "properties": { "ID": 1956192000044, "正式名称": "（有）武田武藤薬局", "機関区分": 5, "都道府県コード": 19, "市区町村コード": 201, "所在地": "山梨県甲府市大手１－２－３", "緯度": 35.68015, "経度": 138.574362, "url": "https://www.iryou.teikyouseido.mhlw.go.jp/znk-web/juminkanja/S2430/initialize?prefCd=19&kikanCd=6192000044&kikanKbn=5", "url2": null, "内容": "（有）武田武藤薬局【5:薬局】山梨県甲府市大手１－２－３" }, "geometry": { "type": "Point", "coordinates": [ 138.574362, 35.68015 ] } },
{ "type": "Feature", "properties": { "ID": 1956192000045, "正式名称": "㈲ホルモン堂薬局", "機関区分": 5, "都道府県コード": 19, "市区町村コード": 201, "所在地": "山梨県甲府市朝日５－７－１７", "緯度": 35.673346, "経度": 138.566697, "url": "https://www.iryou.teikyouseido.mhlw.go.jp/znk-web/juminkanja/S2430/initialize?prefCd=19&kikanCd=6192000045&kikanKbn=5", "url2": null, "内容": "㈲ホルモン堂薬局【5:薬局】山梨県甲府市朝日５－７－１７" }, "geometry": { "type": "Point", "coordinates": [ 138.566697, 35.673346 ] } },
{ "type": "Feature", "properties": { "ID": 1956192000046, "正式名称": "㈲日眼甲府薬局", "機関区分": 5, "都道府県コード": 19, "市区町村コード": 201, "所在地": "山梨県甲府市丸の内２－２５－９　小林ビル", "緯度": 35.663847, "経度": 138.565113, "url": "https://www.iryou.teikyouseido.mhlw.go.jp/znk-web/juminkanja/S2430/initialize?prefCd=19&kikanCd=6192000046&kikanKbn=5", "url2": null, "内容": "㈲日眼甲府薬局【5:薬局】山梨県甲府市丸の内２－２５－９　小林ビル" }, "geometry": { "type": "Point", "coordinates": [ 138.565113, 35.663847 ] } },
{ "type": "Feature", "properties": { "ID": 1956192000048, "正式名称": "工藤薬局", "機関区分": 5, "都道府県コード": 19, "市区町村コード": 201, "所在地": "山梨県甲府市青沼１－１７－９", "緯度": 35.653237, "経度": 138.574613, "url": "https://www.iryou.teikyouseido.mhlw.go.jp/znk-web/juminkanja/S2430/initialize?prefCd=19&kikanCd=6192000048&kikanKbn=5", "url2": null, "内容": "工藤薬局【5:薬局】山梨県甲府市青沼１－１７－９" }, "geometry": { "type": "Point", "coordinates": [ 138.574613, 35.653237 ] } },
{ "type": "Feature", "properties": { "ID": 1956192000049, "正式名称": "㈲日眼甲府薬局住吉店", "機関区分": 5, "都道府県コード": 19, "市区町村コード": 201, "所在地": "山梨県甲府市住吉１－１１－２２", "緯度": 35.641099, "経度": 138.572892, "url": "https://www.iryou.teikyouseido.mhlw.go.jp/znk-web/juminkanja/S2430/initialize?prefCd=19&kikanCd=6192000049&kikanKbn=5", "url2": null, "内容": "㈲日眼甲府薬局住吉店【5:薬局】山梨県甲府市住吉１－１１－２２" }, "geometry": { "type": "Point", "coordinates": [ 138.572892, 35.641099 ] } },
{ "type": "Feature", "properties": { "ID": 1956192000051, "正式名称": "ナオル薬品", "機関区分": 5, "都道府県コード": 19, "市区町村コード": 201, "所在地": "山梨県甲府市住吉５－１８－２６", "緯度": 35.635767, "経度": 138.575975, "url": "https://www.iryou.teikyouseido.mhlw.go.jp/znk-web/juminkanja/S2430/initialize?prefCd=19&kikanCd=6192000051&kikanKbn=5", "url2": null, "内容": "ナオル薬品【5:薬局】山梨県甲府市住吉５－１８－２６" }, "geometry": { "type": "Point", "coordinates": [ 138.575975, 35.635767 ] } },
{ "type": "Feature", "properties": { "ID": 1956192000052, "正式名称": "佐田薬局", "機関区分": 5, "都道府県コード": 19, "市区町村コード": 201, "所在地": "山梨県甲府市幸町２８－１３", "緯度": 35.643932, "経度": 138.56992, "url": "https://www.iryou.teikyouseido.mhlw.go.jp/znk-web/juminkanja/S2430/initialize?prefCd=19&kikanCd=6192000052&kikanKbn=5", "url2": null, "内容": "佐田薬局【5:薬局】山梨県甲府市幸町２８－１３" }, "geometry": { "type": "Point", "coordinates": [ 138.56992, 35.643932 ] } },
{ "type": "Feature", "properties": { "ID": 1956192000054, "正式名称": "住吉薬局", "機関区分": 5, "都道府県コード": 19, "市区町村コード": 201, "所在地": "山梨県甲府市住吉２－１－１", "緯度": 35.63896, "経度": 138.569809, "url": "https://www.iryou.teikyouseido.mhlw.go.jp/znk-web/juminkanja/S2430/initialize?prefCd=19&kikanCd=6192000054&kikanKbn=5", "url2": null, "内容": "住吉薬局【5:薬局】山梨県甲府市住吉２－１－１" }, "geometry": { "type": "Point", "coordinates": [ 138.569809, 35.63896 ] } },
{ "type": "Feature", "properties": { "ID": 1956192000055, "正式名称": "フクシマヤ薬局", "機関区分": 5, "都道府県コード": 19, "市区町村コード": 201, "所在地": "山梨県甲府市伊勢１－４－５", "緯度": 35.651042, "経度": 138.567863, "url": "https://www.iryou.teikyouseido.mhlw.go.jp/znk-web/juminkanja/S2430/initialize?prefCd=19&kikanCd=6192000055&kikanKbn=5", "url2": null, "内容": "フクシマヤ薬局【5:薬局】山梨県甲府市伊勢１－４－５" }, "geometry": { "type": "Point", "coordinates": [ 138.567863, 35.651042 ] } },
{ "type": "Feature", "properties": { "ID": 1956192000058, "正式名称": "有限会社田富調剤薬局", "機関区分": 5, "都道府県コード": 19, "市区町村コード": 214, "所在地": "山梨県中央市西花輪３５９０－１", "緯度": 35.592882, "経度": 138.518648, "url": "https://www.iryou.teikyouseido.mhlw.go.jp/znk-web/juminkanja/S2430/initialize?prefCd=19&kikanCd=6192000058&kikanKbn=5", "url2": null, "内容": "有限会社田富調剤薬局【5:薬局】山梨県中央市西花輪３５９０－１" }, "geometry": { "type": "Point", "coordinates": [ 138.518648, 35.592882 ] } },
{ "type": "Feature", "properties": { "ID": 1956192000059, "正式名称": "ウエノ中央薬局", "機関区分": 5, "都道府県コード": 19, "市区町村コード": 201, "所在地": "山梨県甲府市中央１－１１－１０", "緯度": 35.659041, "経度": 138.567835, "url": "https://www.iryou.teikyouseido.mhlw.go.jp/znk-web/juminkanja/S2430/initialize?prefCd=19&kikanCd=6192000059&kikanKbn=5", "url2": "http://www.ueno.vc", "内容": "ウエノ中央薬局【5:薬局】山梨県甲府市中央１－１１－１０" }, "geometry": { "type": "Point", "coordinates": [ 138.567835, 35.659041 ] } },
{ "type": "Feature", "properties": { "ID": 1956192000060, "正式名称": "佐野薬局　西支店", "機関区分": 5, "都道府県コード": 19, "市区町村コード": 201, "所在地": "山梨県甲府市緑が丘１－１－１８", "緯度": 35.677234, "経度": 138.558002, "url": "https://www.iryou.teikyouseido.mhlw.go.jp/znk-web/juminkanja/S2430/initialize?prefCd=19&kikanCd=6192000060&kikanKbn=5", "url2": null, "内容": "佐野薬局　西支店【5:薬局】山梨県甲府市緑が丘１－１－１８" }, "geometry": { "type": "Point", "coordinates": [ 138.558002, 35.677234 ] } },
{ "type": "Feature", "properties": { "ID": 1956192000062, "正式名称": "（有）野口　野口快明堂", "機関区分": 5, "都道府県コード": 19, "市区町村コード": 201, "所在地": "山梨県甲府市千塚１－６－１７", "緯度": 35.678373, "経度": 138.544253, "url": "https://www.iryou.teikyouseido.mhlw.go.jp/znk-web/juminkanja/S2430/initialize?prefCd=19&kikanCd=6192000062&kikanKbn=5", "url2": null, "内容": "（有）野口　野口快明堂【5:薬局】山梨県甲府市千塚１－６－１７" }, "geometry": { "type": "Point", "coordinates": [ 138.544253, 35.678373 ] } },
{ "type": "Feature", "properties": { "ID": 1956192000063, "正式名称": "屋形調剤薬局中央店", "機関区分": 5, "都道府県コード": 19, "市区町村コード": 201, "所在地": "山梨県甲府市中央２－８－１７", "緯度": 35.663819, "経度": 138.572224, "url": "https://www.iryou.teikyouseido.mhlw.go.jp/znk-web/juminkanja/S2430/initialize?prefCd=19&kikanCd=6192000063&kikanKbn=5", "url2": null, "内容": "屋形調剤薬局中央店【5:薬局】山梨県甲府市中央２－８－１７" }, "geometry": { "type": "Point", "coordinates": [ 138.572224, 35.663819 ] } },
{ "type": "Feature", "properties": { "ID": 1956192000064, "正式名称": "カブシキガイシャ　日医調剤　相川調剤薬局", "機関区分": 5, "都道府県コード": 19, "市区町村コード": 201, "所在地": "山梨県甲府市屋形２－１－７", "緯度": 35.68065, "経度": 138.572362, "url": "https://www.iryou.teikyouseido.mhlw.go.jp/znk-web/juminkanja/S2430/initialize?prefCd=19&kikanCd=6192000064&kikanKbn=5", "url2": "http://www.nichiiko-yamanashi.co.jp/", "内容": "カブシキガイシャ　日医調剤　相川調剤薬局【5:薬局】山梨県甲府市屋形２－１－７" }, "geometry": { "type": "Point", "coordinates": [ 138.572362, 35.68065 ] } },
{ "type": "Feature", "properties": { "ID": 1956192000065, "正式名称": "かしのき薬局", "機関区分": 5, "都道府県コード": 19, "市区町村コード": 210, "所在地": "山梨県甲斐市西八幡４３９５－１２", "緯度": 35.63846, "経度": 138.511591, "url": "https://www.iryou.teikyouseido.mhlw.go.jp/znk-web/juminkanja/S2430/initialize?prefCd=19&kikanCd=6192000065&kikanKbn=5", "url2": null, "内容": "かしのき薬局【5:薬局】山梨県甲斐市西八幡４３９５－１２" }, "geometry": { "type": "Point", "coordinates": [ 138.511591, 35.63846 ] } },
{ "type": "Feature", "properties": { "ID": 1956192000066, "正式名称": "サンロード調剤西八幡店", "機関区分": 5, "都道府県コード": 19, "市区町村コード": 210, "所在地": "山梨県甲斐市西八幡７０２－３", "緯度": 35.650597, "経度": 138.51559, "url": "https://www.iryou.teikyouseido.mhlw.go.jp/znk-web/juminkanja/S2430/initialize?prefCd=19&kikanCd=6192000066&kikanKbn=5", "url2": null, "内容": "サンロード調剤西八幡店【5:薬局】山梨県甲斐市西八幡７０２－３" }, "geometry": { "type": "Point", "coordinates": [ 138.51559, 35.650597 ] } },
{ "type": "Feature", "properties": { "ID": 1956192000067, "正式名称": "ながつか薬局", "機関区分": 5, "都道府県コード": 19, "市区町村コード": 210, "所在地": "山梨県甲斐市長塚１１５－１０", "緯度": 35.674206, "経度": 138.532699, "url": "https://www.iryou.teikyouseido.mhlw.go.jp/znk-web/juminkanja/S2430/initialize?prefCd=19&kikanCd=6192000067&kikanKbn=5", "url2": null, "内容": "ながつか薬局【5:薬局】山梨県甲斐市長塚１１５－１０" }, "geometry": { "type": "Point", "coordinates": [ 138.532699, 35.674206 ] } },
{ "type": "Feature", "properties": { "ID": 1956192000068, "正式名称": "菜の花薬局", "機関区分": 5, "都道府県コード": 19, "市区町村コード": 214, "所在地": "山梨県中央市東花輪５０－３０", "緯度": 35.591548, "経度": 138.523592, "url": "https://www.iryou.teikyouseido.mhlw.go.jp/znk-web/juminkanja/S2430/initialize?prefCd=19&kikanCd=6192000068&kikanKbn=5", "url2": null, "内容": "菜の花薬局【5:薬局】山梨県中央市東花輪５０－３０" }, "geometry": { "type": "Point", "coordinates": [ 138.523592, 35.591548 ] } },
{ "type": "Feature", "properties": { "ID": 1956192000069, "正式名称": "井出薬局", "機関区分": 5, "都道府県コード": 19, "市区町村コード": 201, "所在地": "山梨県甲府市富士見１－２２－３", "緯度": 35.675178, "経度": 138.552309, "url": "https://www.iryou.teikyouseido.mhlw.go.jp/znk-web/juminkanja/S2430/initialize?prefCd=19&kikanCd=6192000069&kikanKbn=5", "url2": null, "内容": "井出薬局【5:薬局】山梨県甲府市富士見１－２２－３" }, "geometry": { "type": "Point", "coordinates": [ 138.552309, 35.675178 ] } },
{ "type": "Feature", "properties": { "ID": 1956192000073, "正式名称": "幸町薬局", "機関区分": 5, "都道府県コード": 19, "市区町村コード": 201, "所在地": "山梨県甲府市幸町２５－１", "緯度": 35.644293, "経度": 138.572002, "url": "https://www.iryou.teikyouseido.mhlw.go.jp/znk-web/juminkanja/S2430/initialize?prefCd=19&kikanCd=6192000073&kikanKbn=5", "url2": null, "内容": "幸町薬局【5:薬局】山梨県甲府市幸町２５－１" }, "geometry": { "type": "Point", "coordinates": [ 138.572002, 35.644293 ] } },
{ "type": "Feature", "properties": { "ID": 1956192000074, "正式名称": "みどり薬局玉穂店", "機関区分": 5, "都道府県コード": 19, "市区町村コード": 214, "所在地": "山梨県中央市若宮２７－６", "緯度": 35.610907, "経度": 138.538452, "url": "https://www.iryou.teikyouseido.mhlw.go.jp/znk-web/juminkanja/S2430/initialize?prefCd=19&kikanCd=6192000074&kikanKbn=5", "url2": "http://www.midori-wakaba.co.jp", "内容": "みどり薬局玉穂店【5:薬局】山梨県中央市若宮２７－６" }, "geometry": { "type": "Point", "coordinates": [ 138.538452, 35.610907 ] } },
{ "type": "Feature", "properties": { "ID": 1956192000076, "正式名称": "あすなろ甲府薬局", "機関区分": 5, "都道府県コード": 19, "市区町村コード": 201, "所在地": "山梨県甲府市宝１－９－１", "緯度": 35.667207, "経度": 138.564585, "url": "https://www.iryou.teikyouseido.mhlw.go.jp/znk-web/juminkanja/S2430/initialize?prefCd=19&kikanCd=6192000076&kikanKbn=5", "url2": "https://ymp-asunaro.or.jp/", "内容": "あすなろ甲府薬局【5:薬局】山梨県甲府市宝１－９－１" }, "geometry": { "type": "Point", "coordinates": [ 138.564585, 35.667207 ] } },
{ "type": "Feature", "properties": { "ID": 1956192000078, "正式名称": "健康堂調剤薬局　山宮店", "機関区分": 5, "都道府県コード": 19, "市区町村コード": 201, "所在地": "山梨県甲府市山宮町８８－８", "緯度": 35.692093, "経度": 138.530199, "url": "https://www.iryou.teikyouseido.mhlw.go.jp/znk-web/juminkanja/S2430/initialize?prefCd=19&kikanCd=6192000078&kikanKbn=5", "url2": null, "内容": "健康堂調剤薬局　山宮店【5:薬局】山梨県甲府市山宮町８８－８" }, "geometry": { "type": "Point", "coordinates": [ 138.530199, 35.692093 ] } },
{ "type": "Feature", "properties": { "ID": 1956192000080, "正式名称": "健康堂調剤薬局敷島店", "機関区分": 5, "都道府県コード": 19, "市区町村コード": 210, "所在地": "山梨県甲斐市中下条２４５－３", "緯度": 35.677955, "経度": 138.51995, "url": "https://www.iryou.teikyouseido.mhlw.go.jp/znk-web/juminkanja/S2430/initialize?prefCd=19&kikanCd=6192000080&kikanKbn=5", "url2": "http://kenkodo.jp/", "内容": "健康堂調剤薬局敷島店【5:薬局】山梨県甲斐市中下条２４５－３" }, "geometry": { "type": "Point", "coordinates": [ 138.51995, 35.677955 ] } },
{ "type": "Feature", "properties": { "ID": 1956192000081, "正式名称": "健康堂調剤薬局　池田店", "機関区分": 5, "都道府県コード": 19, "市区町村コード": 201, "所在地": "山梨県甲府市池田１－２－７", "緯度": 35.670207, "経度": 138.543199, "url": "https://www.iryou.teikyouseido.mhlw.go.jp/znk-web/juminkanja/S2430/initialize?prefCd=19&kikanCd=6192000081&kikanKbn=5", "url2": null, "内容": "健康堂調剤薬局　池田店【5:薬局】山梨県甲府市池田１－２－７" }, "geometry": { "type": "Point", "coordinates": [ 138.543199, 35.670207 ] } },
{ "type": "Feature", "properties": { "ID": 1956192000082, "正式名称": "ミキ薬局　甲府南店", "機関区分": 5, "都道府県コード": 19, "市区町村コード": 201, "所在地": "山梨県甲府市増坪町８２９－５", "緯度": 35.630518, "経度": 138.595807, "url": "https://www.iryou.teikyouseido.mhlw.go.jp/znk-web/juminkanja/S2430/initialize?prefCd=19&kikanCd=6192000082&kikanKbn=5", "url2": "http://www.miki.ne.jp", "内容": "ミキ薬局　甲府南店【5:薬局】山梨県甲府市増坪町８２９－５" }, "geometry": { "type": "Point", "coordinates": [ 138.595807, 35.630518 ] } },
{ "type": "Feature", "properties": { "ID": 1956192000083, "正式名称": "明治堂　志村調剤薬局", "機関区分": 5, "都道府県コード": 19, "市区町村コード": 210, "所在地": "山梨県甲斐市島上条６４４－４", "緯度": 35.684899, "経度": 138.520116, "url": "https://www.iryou.teikyouseido.mhlw.go.jp/znk-web/juminkanja/S2430/initialize?prefCd=19&kikanCd=6192000083&kikanKbn=5", "url2": null, "内容": "明治堂　志村調剤薬局【5:薬局】山梨県甲斐市島上条６４４－４" }, "geometry": { "type": "Point", "coordinates": [ 138.520116, 35.684899 ] } },
{ "type": "Feature", "properties": { "ID": 1956192000085, "正式名称": "美咲調剤薬局", "機関区分": 5, "都道府県コード": 19, "市区町村コード": 201, "所在地": "山梨県甲府市美咲１－８－７", "緯度": 35.674457, "経度": 138.563419, "url": "https://www.iryou.teikyouseido.mhlw.go.jp/znk-web/juminkanja/S2430/initialize?prefCd=19&kikanCd=6192000085&kikanKbn=5", "url2": "http://www.dyna-misaki.co.jp", "内容": "美咲調剤薬局【5:薬局】山梨県甲府市美咲１－８－７" }, "geometry": { "type": "Point", "coordinates": [ 138.563419, 35.674457 ] } },
{ "type": "Feature", "properties": { "ID": 1956192000086, "正式名称": "株式会社ウエノ　ウエノ薬局", "機関区分": 5, "都道府県コード": 19, "市区町村コード": 201, "所在地": "山梨県甲府市国母１－４－７", "緯度": 35.64368, "経度": 138.559257, "url": "https://www.iryou.teikyouseido.mhlw.go.jp/znk-web/juminkanja/S2430/initialize?prefCd=19&kikanCd=6192000086&kikanKbn=5", "url2": "http://www.ueno.vc/", "内容": "株式会社ウエノ　ウエノ薬局【5:薬局】山梨県甲府市国母１－４－７" }, "geometry": { "type": "Point", "coordinates": [ 138.559257, 35.64368 ] } },
{ "type": "Feature", "properties": { "ID": 1956192000088, "正式名称": "（有）ハタノ薬局城東店", "機関区分": 5, "都道府県コード": 19, "市区町村コード": 201, "所在地": "山梨県甲府市城東５－１７－２２", "緯度": 35.657681, "経度": 138.588528, "url": "https://www.iryou.teikyouseido.mhlw.go.jp/znk-web/juminkanja/S2430/initialize?prefCd=19&kikanCd=6192000088&kikanKbn=5", "url2": null, "内容": "（有）ハタノ薬局城東店【5:薬局】山梨県甲府市城東５－１７－２２" }, "geometry": { "type": "Point", "coordinates": [ 138.588528, 35.657681 ] } },
{ "type": "Feature", "properties": { "ID": 1956192000089, "正式名称": "健康館サワ　昭和店", "機関区分": 5, "都道府県コード": 19, "市区町村コード": 384, "所在地": "山梨県中巨摩郡昭和町西条１４８８－３", "緯度": 35.632072, "経度": 138.536395, "url": "https://www.iryou.teikyouseido.mhlw.go.jp/znk-web/juminkanja/S2430/initialize?prefCd=19&kikanCd=6192000089&kikanKbn=5", "url2": "https://sawawa41938.wixsite.com/fukasawa", "内容": "健康館サワ　昭和店【5:薬局】山梨県中巨摩郡昭和町西条１４８８－３" }, "geometry": { "type": "Point", "coordinates": [ 138.536395, 35.632072 ] } },
{ "type": "Feature", "properties": { "ID": 1956192000093, "正式名称": "サンロード調剤丸の内店", "機関区分": 5, "都道府県コード": 19, "市区町村コード": 201, "所在地": "山梨県甲府市丸の内１－１６－１１", "緯度": 35.662569, "経度": 138.569197, "url": "https://www.iryou.teikyouseido.mhlw.go.jp/znk-web/juminkanja/S2430/initialize?prefCd=19&kikanCd=6192000093&kikanKbn=5", "url2": null, "内容": "サンロード調剤丸の内店【5:薬局】山梨県甲府市丸の内１－１６－１１" }, "geometry": { "type": "Point", "coordinates": [ 138.569197, 35.662569 ] } },
{ "type": "Feature", "properties": { "ID": 1956192000094, "正式名称": "米永薬局", "機関区分": 5, "都道府県コード": 19, "市区町村コード": 201, "所在地": "山梨県甲府市下小河原町２３１－４", "緯度": 35.633767, "経度": 138.576948, "url": "https://www.iryou.teikyouseido.mhlw.go.jp/znk-web/juminkanja/S2430/initialize?prefCd=19&kikanCd=6192000094&kikanKbn=5", "url2": null, "内容": "米永薬局【5:薬局】山梨県甲府市下小河原町２３１－４" }, "geometry": { "type": "Point", "coordinates": [ 138.576948, 35.633767 ] } },
{ "type": "Feature", "properties": { "ID": 1956192000095, "正式名称": "株式会社ウエノ　ウエノ塩部薬局", "機関区分": 5, "都道府県コード": 19, "市区町村コード": 201, "所在地": "山梨県甲府市塩部４－４－８", "緯度": 35.674512, "経度": 138.554835, "url": "https://www.iryou.teikyouseido.mhlw.go.jp/znk-web/juminkanja/S2430/initialize?prefCd=19&kikanCd=6192000095&kikanKbn=5", "url2": "http://www.ueno.vc", "内容": "株式会社ウエノ　ウエノ塩部薬局【5:薬局】山梨県甲府市塩部４－４－８" }, "geometry": { "type": "Point", "coordinates": [ 138.554835, 35.674512 ] } },
{ "type": "Feature", "properties": { "ID": 1956192000097, "正式名称": "アイセイ薬局　昭和店", "機関区分": 5, "都道府県コード": 19, "市区町村コード": 384, "所在地": "山梨県中巨摩郡昭和町清水新居１２１５－２", "緯度": 35.642877, "経度": 138.549143, "url": "https://www.iryou.teikyouseido.mhlw.go.jp/znk-web/juminkanja/S2430/initialize?prefCd=19&kikanCd=6192000097&kikanKbn=5", "url2": "https://store.aisei.co.jp/detail/0771", "内容": "アイセイ薬局　昭和店【5:薬局】山梨県中巨摩郡昭和町清水新居１２１５－２" }, "geometry": { "type": "Point", "coordinates": [ 138.549143, 35.642877 ] } },
{ "type": "Feature", "properties": { "ID": 1956192000098, "正式名称": "甲府調剤センター", "機関区分": 5, "都道府県コード": 19, "市区町村コード": 201, "所在地": "山梨県甲府市増坪町５３１－４", "緯度": 35.633322, "経度": 138.592279, "url": "https://www.iryou.teikyouseido.mhlw.go.jp/znk-web/juminkanja/S2430/initialize?prefCd=19&kikanCd=6192000098&kikanKbn=5", "url2": null, "内容": "甲府調剤センター【5:薬局】山梨県甲府市増坪町５３１－４" }, "geometry": { "type": "Point", "coordinates": [ 138.592279, 35.633322 ] } },
{ "type": "Feature", "properties": { "ID": 1956192000100, "正式名称": "甲府調剤センター県病院前", "機関区分": 5, "都道府県コード": 19, "市区町村コード": 201, "所在地": "山梨県甲府市富士見１－７－３４", "緯度": 35.67179, "経度": 138.549753, "url": "https://www.iryou.teikyouseido.mhlw.go.jp/znk-web/juminkanja/S2430/initialize?prefCd=19&kikanCd=6192000100&kikanKbn=5", "url2": null, "内容": "甲府調剤センター県病院前【5:薬局】山梨県甲府市富士見１－７－３４" }, "geometry": { "type": "Point", "coordinates": [ 138.549753, 35.67179 ] } },
{ "type": "Feature", "properties": { "ID": 1956192000102, "正式名称": "光和堂調剤薬局", "機関区分": 5, "都道府県コード": 19, "市区町村コード": 201, "所在地": "山梨県甲府市中央５－５－８", "緯度": 35.659986, "経度": 138.573974, "url": "https://www.iryou.teikyouseido.mhlw.go.jp/znk-web/juminkanja/S2430/initialize?prefCd=19&kikanCd=6192000102&kikanKbn=5", "url2": null, "内容": "光和堂調剤薬局【5:薬局】山梨県甲府市中央５－５－８" }, "geometry": { "type": "Point", "coordinates": [ 138.573974, 35.659986 ] } },
{ "type": "Feature", "properties": { "ID": 1956192000103, "正式名称": "有限会社　千秋舎　セキテイ調剤薬局　敷島店", "機関区分": 5, "都道府県コード": 19, "市区町村コード": 210, "所在地": "山梨県甲斐市中下条９２５－４", "緯度": 35.676762, "経度": 138.52545, "url": "https://www.iryou.teikyouseido.mhlw.go.jp/znk-web/juminkanja/S2430/initialize?prefCd=19&kikanCd=6192000103&kikanKbn=5", "url2": "https://sekitei.info", "内容": "有限会社　千秋舎　セキテイ調剤薬局　敷島店【5:薬局】山梨県甲斐市中下条９２５－４" }, "geometry": { "type": "Point", "coordinates": [ 138.52545, 35.676762 ] } },
{ "type": "Feature", "properties": { "ID": 1956192000105, "正式名称": "オリーブ薬局", "機関区分": 5, "都道府県コード": 19, "市区町村コード": 384, "所在地": "山梨県中巨摩郡昭和町紙漉阿原２７－３", "緯度": 35.625356, "経度": 138.540345, "url": "https://www.iryou.teikyouseido.mhlw.go.jp/znk-web/juminkanja/S2430/initialize?prefCd=19&kikanCd=6192000105&kikanKbn=5", "url2": "www.kai-olive.com", "内容": "オリーブ薬局【5:薬局】山梨県中巨摩郡昭和町紙漉阿原２７－３" }, "geometry": { "type": "Point", "coordinates": [ 138.540345, 35.625356 ] } },
{ "type": "Feature", "properties": { "ID": 1956192000106, "正式名称": "みどり薬局富士見店", "機関区分": 5, "都道府県コード": 19, "市区町村コード": 201, "所在地": "山梨県甲府市富士見１－５－２１", "緯度": 35.671735, "経度": 138.55067, "url": "https://www.iryou.teikyouseido.mhlw.go.jp/znk-web/juminkanja/S2430/initialize?prefCd=19&kikanCd=6192000106&kikanKbn=5", "url2": "http://www.midori-wakaba.co.jp", "内容": "みどり薬局富士見店【5:薬局】山梨県甲府市富士見１－５－２１" }, "geometry": { "type": "Point", "coordinates": [ 138.55067, 35.671735 ] } },
{ "type": "Feature", "properties": { "ID": 1956192000107, "正式名称": "有限会社　坂本薬局", "機関区分": 5, "都道府県コード": 19, "市区町村コード": 201, "所在地": "山梨県甲府市丸の内２－７－１０", "緯度": 35.665819, "経度": 138.565863, "url": "https://www.iryou.teikyouseido.mhlw.go.jp/znk-web/juminkanja/S2430/initialize?prefCd=19&kikanCd=6192000107&kikanKbn=5", "url2": "http://www.kanpousakamoto.jp", "内容": "有限会社　坂本薬局【5:薬局】山梨県甲府市丸の内２－７－１０" }, "geometry": { "type": "Point", "coordinates": [ 138.565863, 35.665819 ] } },
{ "type": "Feature", "properties": { "ID": 1956192000108, "正式名称": "仁助堂薬局", "機関区分": 5, "都道府県コード": 19, "市区町村コード": 201, "所在地": "山梨県甲府市若松町１１－１", "緯度": 35.654487, "経度": 138.570697, "url": "https://www.iryou.teikyouseido.mhlw.go.jp/znk-web/juminkanja/S2430/initialize?prefCd=19&kikanCd=6192000108&kikanKbn=5", "url2": null, "内容": "仁助堂薬局【5:薬局】山梨県甲府市若松町１１－１" }, "geometry": { "type": "Point", "coordinates": [ 138.570697, 35.654487 ] } },
{ "type": "Feature", "properties": { "ID": 1956192000109, "正式名称": "公益社団法人　甲府市薬剤師会　救急調剤薬局", "機関区分": 5, "都道府県コード": 19, "市区町村コード": 201, "所在地": "山梨県甲府市幸町１４－６", "緯度": 35.645432, "経度": 138.573169, "url": "https://www.iryou.teikyouseido.mhlw.go.jp/znk-web/juminkanja/S2430/initialize?prefCd=19&kikanCd=6192000109&kikanKbn=5", "url2": "http://kofushiyaku.jp", "内容": "公益社団法人　甲府市薬剤師会　救急調剤薬局【5:薬局】山梨県甲府市幸町１４－６" }, "geometry": { "type": "Point", "coordinates": [ 138.573169, 35.645432 ] } },
{ "type": "Feature", "properties": { "ID": 1956192000111, "正式名称": "上石田調剤薬局", "機関区分": 5, "都道府県コード": 19, "市区町村コード": 201, "所在地": "山梨県甲府市上石田３－３－１９", "緯度": 35.651737, "経度": 138.558781, "url": "https://www.iryou.teikyouseido.mhlw.go.jp/znk-web/juminkanja/S2430/initialize?prefCd=19&kikanCd=6192000111&kikanKbn=5", "url2": null, "内容": "上石田調剤薬局【5:薬局】山梨県甲府市上石田３－３－１９" }, "geometry": { "type": "Point", "coordinates": [ 138.558781, 35.651737 ] } },
{ "type": "Feature", "properties": { "ID": 1956192000113, "正式名称": "アロマ調剤薬局　田富店", "機関区分": 5, "都道府県コード": 19, "市区町村コード": 214, "所在地": "山梨県中央市西花輪４２５８－６", "緯度": 35.592965, "経度": 138.520204, "url": "https://www.iryou.teikyouseido.mhlw.go.jp/znk-web/juminkanja/S2430/initialize?prefCd=19&kikanCd=6192000113&kikanKbn=5", "url2": null, "内容": "アロマ調剤薬局　田富店【5:薬局】山梨県中央市西花輪４２５８－６" }, "geometry": { "type": "Point", "coordinates": [ 138.520204, 35.592965 ] } },
{ "type": "Feature", "properties": { "ID": 1956192000115, "正式名称": "徳永薬局株式会社　ドレミ薬局", "機関区分": 5, "都道府県コード": 19, "市区町村コード": 384, "所在地": "山梨県中巨摩郡昭和町押越７１－１", "緯度": 35.626155, "経度": 138.537034, "url": "https://www.iryou.teikyouseido.mhlw.go.jp/znk-web/juminkanja/S2430/initialize?prefCd=19&kikanCd=6192000115&kikanKbn=5", "url2": "http://www.tokunaga-p.jp/store/861/", "内容": "徳永薬局株式会社　ドレミ薬局【5:薬局】山梨県中巨摩郡昭和町押越７１－１" }, "geometry": { "type": "Point", "coordinates": [ 138.537034, 35.626155 ] } },
{ "type": "Feature", "properties": { "ID": 1956192000117, "正式名称": "山梨中央薬局", "機関区分": 5, "都道府県コード": 19, "市区町村コード": 214, "所在地": "山梨県中央市若宮２７－１０", "緯度": 35.610824, "経度": 138.539007, "url": "https://www.iryou.teikyouseido.mhlw.go.jp/znk-web/juminkanja/S2430/initialize?prefCd=19&kikanCd=6192000117&kikanKbn=5", "url2": null, "内容": "山梨中央薬局【5:薬局】山梨県中央市若宮２７－１０" }, "geometry": { "type": "Point", "coordinates": [ 138.539007, 35.610824 ] } },
{ "type": "Feature", "properties": { "ID": 1956192000119, "正式名称": "健康堂調剤薬局城東店", "機関区分": 5, "都道府県コード": 19, "市区町村コード": 201, "所在地": "山梨県甲府市城東４－１３－１１", "緯度": 35.657459, "経度": 138.582029, "url": "https://www.iryou.teikyouseido.mhlw.go.jp/znk-web/juminkanja/S2430/initialize?prefCd=19&kikanCd=6192000119&kikanKbn=5", "url2": "http://kenkodo.jp/", "内容": "健康堂調剤薬局城東店【5:薬局】山梨県甲府市城東４－１３－１１" }, "geometry": { "type": "Point", "coordinates": [ 138.582029, 35.657459 ] } },
{ "type": "Feature", "properties": { "ID": 1956192000120, "正式名称": "アイセイ薬局　小瀬店", "機関区分": 5, "都道府県コード": 19, "市区町村コード": 201, "所在地": "山梨県甲府市小瀬町１１４２－３", "緯度": 35.625475, "経度": 138.590028, "url": "https://www.iryou.teikyouseido.mhlw.go.jp/znk-web/juminkanja/S2430/initialize?prefCd=19&kikanCd=6192000120&kikanKbn=5", "url2": "https://store.aisei.co.jp/detail/0772", "内容": "アイセイ薬局　小瀬店【5:薬局】山梨県甲府市小瀬町１１４２－３" }, "geometry": { "type": "Point", "coordinates": [ 138.590028, 35.625475 ] } },
{ "type": "Feature", "properties": { "ID": 1956192000122, "正式名称": "有限会社　フロイント　塩部薬局", "機関区分": 5, "都道府県コード": 19, "市区町村コード": 201, "所在地": "山梨県甲府市塩部４－１４－１", "緯度": 35.677123, "経度": 138.554419, "url": "https://www.iryou.teikyouseido.mhlw.go.jp/znk-web/juminkanja/S2430/initialize?prefCd=19&kikanCd=6192000122&kikanKbn=5", "url2": "http://www.nichiiko-yamanashi.co.jp/", "内容": "有限会社　フロイント　塩部薬局【5:薬局】山梨県甲府市塩部４－１４－１" }, "geometry": { "type": "Point", "coordinates": [ 138.554419, 35.677123 ] } },
{ "type": "Feature", "properties": { "ID": 1956192000123, "正式名称": "クスリのサンロード薬局敷島東店", "機関区分": 5, "都道府県コード": 19, "市区町村コード": 210, "所在地": "山梨県甲斐市中下条１８４６", "緯度": 35.676845, "経度": 138.529643, "url": "https://www.iryou.teikyouseido.mhlw.go.jp/znk-web/juminkanja/S2430/initialize?prefCd=19&kikanCd=6192000123&kikanKbn=5", "url2": "https://www.kusurinosunroad.com/", "内容": "クスリのサンロード薬局敷島東店【5:薬局】山梨県甲斐市中下条１８４６" }, "geometry": { "type": "Point", "coordinates": [ 138.529643, 35.676845 ] } },
{ "type": "Feature", "properties": { "ID": 1956192000125, "正式名称": "アルプス薬局", "機関区分": 5, "都道府県コード": 19, "市区町村コード": 201, "所在地": "山梨県甲府市塩部４－１３－２３", "緯度": 35.676873, "経度": 138.556169, "url": "https://www.iryou.teikyouseido.mhlw.go.jp/znk-web/juminkanja/S2430/initialize?prefCd=19&kikanCd=6192000125&kikanKbn=5", "url2": "https://www.kusurinomadoguchi.com/yamanashi/s1000068959", "内容": "アルプス薬局【5:薬局】山梨県甲府市塩部４－１３－２３" }, "geometry": { "type": "Point", "coordinates": [ 138.556169, 35.676873 ] } },
{ "type": "Feature", "properties": { "ID": 1956192000126, "正式名称": "株式会社中沢薬局玉穂店", "機関区分": 5, "都道府県コード": 19, "市区町村コード": 214, "所在地": "山梨県中央市井之口９８０－５", "緯度": 35.61599, "経度": 138.541117, "url": "https://www.iryou.teikyouseido.mhlw.go.jp/znk-web/juminkanja/S2430/initialize?prefCd=19&kikanCd=6192000126&kikanKbn=5", "url2": "https://nakazawa-ph.com/shop/tamaho.html", "内容": "株式会社中沢薬局玉穂店【5:薬局】山梨県中央市井之口９８０－５" }, "geometry": { "type": "Point", "coordinates": [ 138.541117, 35.61599 ] } },
{ "type": "Feature", "properties": { "ID": 1956192000128, "正式名称": "甲府グリーン薬局", "機関区分": 5, "都道府県コード": 19, "市区町村コード": 201, "所在地": "山梨県甲府市増坪町字阿原田５０７－４", "緯度": 35.633905, "経度": 138.590779, "url": "https://www.iryou.teikyouseido.mhlw.go.jp/znk-web/juminkanja/S2430/initialize?prefCd=19&kikanCd=6192000128&kikanKbn=5", "url2": null, "内容": "甲府グリーン薬局【5:薬局】山梨県甲府市増坪町字阿原田５０７－４" }, "geometry": { "type": "Point", "coordinates": [ 138.590779, 35.633905 ] } },
{ "type": "Feature", "properties": { "ID": 1956192000129, "正式名称": "株式会社中沢薬局　和戸店", "機関区分": 5, "都道府県コード": 19, "市区町村コード": 201, "所在地": "山梨県甲府市和戸町３８４－１", "緯度": 35.652738, "経度": 138.615387, "url": "https://www.iryou.teikyouseido.mhlw.go.jp/znk-web/juminkanja/S2430/initialize?prefCd=19&kikanCd=6192000129&kikanKbn=5", "url2": "https://nakazawa-ph.com/", "内容": "株式会社中沢薬局　和戸店【5:薬局】山梨県甲府市和戸町３８４－１" }, "geometry": { "type": "Point", "coordinates": [ 138.615387, 35.652738 ] } },
{ "type": "Feature", "properties": { "ID": 1956192000130, "正式名称": "アーク調剤薬局　相生店", "機関区分": 5, "都道府県コード": 19, "市区町村コード": 201, "所在地": "山梨県甲府市相生２－７－４", "緯度": 35.656769, "経度": 138.568777, "url": "https://www.iryou.teikyouseido.mhlw.go.jp/znk-web/juminkanja/S2430/initialize?prefCd=19&kikanCd=6192000130&kikanKbn=5", "url2": "http://www.arc-m.co.jp/", "内容": "アーク調剤薬局　相生店【5:薬局】山梨県甲府市相生２－７－４" }, "geometry": { "type": "Point", "coordinates": [ 138.568777, 35.656769 ] } },
{ "type": "Feature", "properties": { "ID": 1956192000131, "正式名称": "㈲酒折薬局", "機関区分": 5, "都道府県コード": 19, "市区町村コード": 201, "所在地": "山梨県甲府市酒折１－１６－２１", "緯度": 35.657653, "経度": 138.595472, "url": "https://www.iryou.teikyouseido.mhlw.go.jp/znk-web/juminkanja/S2430/initialize?prefCd=19&kikanCd=6192000131&kikanKbn=5", "url2": null, "内容": "㈲酒折薬局【5:薬局】山梨県甲府市酒折１－１６－２１" }, "geometry": { "type": "Point", "coordinates": [ 138.595472, 35.657653 ] } },
{ "type": "Feature", "properties": { "ID": 1956192000132, "正式名称": "十字堂ないとう薬局敷島店", "機関区分": 5, "都道府県コード": 19, "市区町村コード": 210, "所在地": "山梨県甲斐市中下条１８９６－１２", "緯度": 35.676956, "経度": 138.531171, "url": "https://www.iryou.teikyouseido.mhlw.go.jp/znk-web/juminkanja/S2430/initialize?prefCd=19&kikanCd=6192000132&kikanKbn=5", "url2": null, "内容": "十字堂ないとう薬局敷島店【5:薬局】山梨県甲斐市中下条１８９６－１２" }, "geometry": { "type": "Point", "coordinates": [ 138.531171, 35.676956 ] } },
{ "type": "Feature", "properties": { "ID": 1956192000133, "正式名称": "アイセイ薬局　玉穂店", "機関区分": 5, "都道府県コード": 19, "市区町村コード": 214, "所在地": "山梨県中央市成島２４４３－１", "緯度": 35.599492, "経度": 138.544896, "url": "https://www.iryou.teikyouseido.mhlw.go.jp/znk-web/juminkanja/S2430/initialize?prefCd=19&kikanCd=6192000133&kikanKbn=5", "url2": "https://store.aisei.co.jp/detail/0775", "内容": "アイセイ薬局　玉穂店【5:薬局】山梨県中央市成島２４４３－１" }, "geometry": { "type": "Point", "coordinates": [ 138.544896, 35.599492 ] } },
{ "type": "Feature", "properties": { "ID": 1956192000134, "正式名称": "有限会社千秋舎　セキテイ調剤薬局　美咲店", "機関区分": 5, "都道府県コード": 19, "市区町村コード": 201, "所在地": "山梨県甲府市美咲２－１０－１９", "緯度": 35.676373, "経度": 138.567279, "url": "https://www.iryou.teikyouseido.mhlw.go.jp/znk-web/juminkanja/S2430/initialize?prefCd=19&kikanCd=6192000134&kikanKbn=5", "url2": null, "内容": "有限会社千秋舎　セキテイ調剤薬局　美咲店【5:薬局】山梨県甲府市美咲２－１０－１９" }, "geometry": { "type": "Point", "coordinates": [ 138.567279, 35.676373 ] } },
{ "type": "Feature", "properties": { "ID": 1956192000137, "正式名称": "株式会社オーエスドラッグス　リバーサイド南店", "機関区分": 5, "都道府県コード": 19, "市区町村コード": 214, "所在地": "山梨県中央市山之神２１８３番地５２", "緯度": 35.609157, "経度": 138.512092, "url": "https://www.iryou.teikyouseido.mhlw.go.jp/znk-web/juminkanja/S2430/initialize?prefCd=19&kikanCd=6192000137&kikanKbn=5", "url2": null, "内容": "株式会社オーエスドラッグス　リバーサイド南店【5:薬局】山梨県中央市山之神２１８３番地５２" }, "geometry": { "type": "Point", "coordinates": [ 138.512092, 35.609157 ] } },
{ "type": "Feature", "properties": { "ID": 1956192000140, "正式名称": "株式会社　赤岡綜合薬局　北口店", "機関区分": 5, "都道府県コード": 19, "市区町村コード": 201, "所在地": "山梨県甲府市北口３－１－２", "緯度": 35.667291, "経度": 138.572196, "url": "https://www.iryou.teikyouseido.mhlw.go.jp/znk-web/juminkanja/S2430/initialize?prefCd=19&kikanCd=6192000140&kikanKbn=5", "url2": "http://www.akaoka-ph.com/", "内容": "株式会社　赤岡綜合薬局　北口店【5:薬局】山梨県甲府市北口３－１－２" }, "geometry": { "type": "Point", "coordinates": [ 138.572196, 35.667291 ] } },
{ "type": "Feature", "properties": { "ID": 1956192000141, "正式名称": "みさき薬局　北口", "機関区分": 5, "都道府県コード": 19, "市区町村コード": 201, "所在地": "山梨県甲府市北口１－１－３", "緯度": 35.668735, "経度": 138.567502, "url": "https://www.iryou.teikyouseido.mhlw.go.jp/znk-web/juminkanja/S2430/initialize?prefCd=19&kikanCd=6192000141&kikanKbn=5", "url2": "http://www.dyna-misaki.co.jp", "内容": "みさき薬局　北口【5:薬局】山梨県甲府市北口１－１－３" }, "geometry": { "type": "Point", "coordinates": [ 138.567502, 35.668735 ] } },
{ "type": "Feature", "properties": { "ID": 1956192000145, "正式名称": "株式会社グッドメディカル　あおぞら薬局　天神町店", "機関区分": 5, "都道府県コード": 19, "市区町村コード": 201, "所在地": "山梨県甲府市天神町１３－１３", "緯度": 35.676428, "経度": 138.56939, "url": "https://www.iryou.teikyouseido.mhlw.go.jp/znk-web/juminkanja/S2430/initialize?prefCd=19&kikanCd=6192000145&kikanKbn=5", "url2": null, "内容": "株式会社グッドメディカル　あおぞら薬局　天神町店【5:薬局】山梨県甲府市天神町１３－１３" }, "geometry": { "type": "Point", "coordinates": [ 138.56939, 35.676428 ] } },
{ "type": "Feature", "properties": { "ID": 1956192000146, "正式名称": "株式会社グッドメディカル　内藤薬局飯田店", "機関区分": 5, "都道府県コード": 19, "市区町村コード": 201, "所在地": "山梨県甲府市飯田１－１－２２", "緯度": 35.667929, "経度": 138.558919, "url": "https://www.iryou.teikyouseido.mhlw.go.jp/znk-web/juminkanja/S2430/initialize?prefCd=19&kikanCd=6192000146&kikanKbn=5", "url2": "https://www.goodmedicalgroup.jp/", "内容": "株式会社グッドメディカル　内藤薬局飯田店【5:薬局】山梨県甲府市飯田１－１－２２" }, "geometry": { "type": "Point", "coordinates": [ 138.558919, 35.667929 ] } },
{ "type": "Feature", "properties": { "ID": 1956192000148, "正式名称": "（株）赤岡綜合薬局　小瀬店", "機関区分": 5, "都道府県コード": 19, "市区町村コード": 201, "所在地": "山梨県甲府市小瀬町２８－１", "緯度": 35.62749, "経度": 138.578281, "url": "https://www.iryou.teikyouseido.mhlw.go.jp/znk-web/juminkanja/S2430/initialize?prefCd=19&kikanCd=6192000148&kikanKbn=5", "url2": "http://www.akaoka.kofu.jp/index.htm", "内容": "（株）赤岡綜合薬局　小瀬店【5:薬局】山梨県甲府市小瀬町２８－１" }, "geometry": { "type": "Point", "coordinates": [ 138.578281, 35.62749 ] } },
{ "type": "Feature", "properties": { "ID": 1956192000149, "正式名称": "双葉薬局", "機関区分": 5, "都道府県コード": 19, "市区町村コード": 210, "所在地": "山梨県甲斐市下今井４３", "緯度": 35.687537, "経度": 138.485953, "url": "https://www.iryou.teikyouseido.mhlw.go.jp/znk-web/juminkanja/S2430/initialize?prefCd=19&kikanCd=6192000149&kikanKbn=5", "url2": null, "内容": "双葉薬局【5:薬局】山梨県甲斐市下今井４３" }, "geometry": { "type": "Point", "coordinates": [ 138.485953, 35.687537 ] } },
{ "type": "Feature", "properties": { "ID": 1956192000150, "正式名称": "あい薬局", "機関区分": 5, "都道府県コード": 19, "市区町村コード": 210, "所在地": "山梨県甲斐市龍地４７０６－２", "緯度": 35.687287, "経度": 138.495618, "url": "https://www.iryou.teikyouseido.mhlw.go.jp/znk-web/juminkanja/S2430/initialize?prefCd=19&kikanCd=6192000150&kikanKbn=5", "url2": null, "内容": "あい薬局【5:薬局】山梨県甲斐市龍地４７０６－２" }, "geometry": { "type": "Point", "coordinates": [ 138.495618, 35.687287 ] } },
{ "type": "Feature", "properties": { "ID": 1956192000151, "正式名称": "いっぷく堂薬局", "機関区分": 5, "都道府県コード": 19, "市区町村コード": 201, "所在地": "山梨県甲府市西高橋町９０－２", "緯度": 35.641933, "経度": 138.599972, "url": "https://www.iryou.teikyouseido.mhlw.go.jp/znk-web/juminkanja/S2430/initialize?prefCd=19&kikanCd=6192000151&kikanKbn=5", "url2": null, "内容": "いっぷく堂薬局【5:薬局】山梨県甲府市西高橋町９０－２" }, "geometry": { "type": "Point", "coordinates": [ 138.599972, 35.641933 ] } },
{ "type": "Feature", "properties": { "ID": 1956192000152, "正式名称": "わかば薬局", "機関区分": 5, "都道府県コード": 19, "市区町村コード": 201, "所在地": "山梨県甲府市国母８－２７－１３", "緯度": 35.633322, "経度": 138.550394, "url": "https://www.iryou.teikyouseido.mhlw.go.jp/znk-web/juminkanja/S2430/initialize?prefCd=19&kikanCd=6192000152&kikanKbn=5", "url2": null, "内容": "わかば薬局【5:薬局】山梨県甲府市国母８－２７－１３" }, "geometry": { "type": "Point", "coordinates": [ 138.550394, 35.633322 ] } },
{ "type": "Feature", "properties": { "ID": 1956192000154, "正式名称": "株式会社　アトム薬局　アトム薬局アルプス通り店", "機関区分": 5, "都道府県コード": 19, "市区町村コード": 210, "所在地": "山梨県甲斐市万才８２１－３", "緯度": 35.643181, "経度": 138.534701, "url": "https://www.iryou.teikyouseido.mhlw.go.jp/znk-web/juminkanja/S2430/initialize?prefCd=19&kikanCd=6192000154&kikanKbn=5", "url2": "http://www.atom-yakkyoku.com/", "内容": "株式会社　アトム薬局　アトム薬局アルプス通り店【5:薬局】山梨県甲斐市万才８２１－３" }, "geometry": { "type": "Point", "coordinates": [ 138.534701, 35.643181 ] } },
{ "type": "Feature", "properties": { "ID": 1956192000155, "正式名称": "株）グッドメディカル　あおぞら薬局　国母店", "機関区分": 5, "都道府県コード": 19, "市区町村コード": 201, "所在地": "山梨県甲府市国母１－２２－２４", "緯度": 35.648042, "経度": 138.557004, "url": "https://www.iryou.teikyouseido.mhlw.go.jp/znk-web/juminkanja/S2430/initialize?prefCd=19&kikanCd=6192000155&kikanKbn=5", "url2": null, "内容": "株）グッドメディカル　あおぞら薬局　国母店【5:薬局】山梨県甲府市国母１－２２－２４" }, "geometry": { "type": "Point", "coordinates": [ 138.557004, 35.648042 ] } },
{ "type": "Feature", "properties": { "ID": 1956192000156, "正式名称": "（有）千秋舎セキテイ調剤薬局　後屋店", "機関区分": 5, "都道府県コード": 19, "市区町村コード": 201, "所在地": "山梨県甲府市古上条町１２－５", "緯度": 35.626629, "経度": 138.55781, "url": "https://www.iryou.teikyouseido.mhlw.go.jp/znk-web/juminkanja/S2430/initialize?prefCd=19&kikanCd=6192000156&kikanKbn=5", "url2": "http:sekitei.info", "内容": "（有）千秋舎セキテイ調剤薬局　後屋店【5:薬局】山梨県甲府市古上条町１２－５" }, "geometry": { "type": "Point", "coordinates": [ 138.55781, 35.626629 ] } },
{ "type": "Feature", "properties": { "ID": 1956192000157, "正式名称": "株式会社　日医調剤　昭和薬局", "機関区分": 5, "都道府県コード": 19, "市区町村コード": 384, "所在地": "山梨県中巨摩郡昭和町西条５００３－５", "緯度": 35.637293, "経度": 138.543283, "url": "https://www.iryou.teikyouseido.mhlw.go.jp/znk-web/juminkanja/S2430/initialize?prefCd=19&kikanCd=6192000157&kikanKbn=5", "url2": "http://www.nichiiko-yamanashi.co.jp/", "内容": "株式会社　日医調剤　昭和薬局【5:薬局】山梨県中巨摩郡昭和町西条５００３－５" }, "geometry": { "type": "Point", "coordinates": [ 138.543283, 35.637293 ] } },
{ "type": "Feature", "properties": { "ID": 1956192000159, "正式名称": "ミルキッズ調剤薬局", "機関区分": 5, "都道府県コード": 19, "市区町村コード": 201, "所在地": "山梨県甲府市宮原町字岡田２００１", "緯度": 35.623361, "経度": 138.554129, "url": "https://www.iryou.teikyouseido.mhlw.go.jp/znk-web/juminkanja/S2430/initialize?prefCd=19&kikanCd=6192000159&kikanKbn=5", "url2": "https://milkids.p-kit.com", "内容": "ミルキッズ調剤薬局【5:薬局】山梨県甲府市宮原町字岡田２００１" }, "geometry": { "type": "Point", "coordinates": [ 138.554129, 35.623361 ] } },
{ "type": "Feature", "properties": { "ID": 1956192000160, "正式名称": "あおき薬局　響が丘店", "機関区分": 5, "都道府県コード": 19, "市区町村コード": 210, "所在地": "山梨県甲斐市龍地２５７２－５", "緯度": 35.680872, "経度": 138.512701, "url": "https://www.iryou.teikyouseido.mhlw.go.jp/znk-web/juminkanja/S2430/initialize?prefCd=19&kikanCd=6192000160&kikanKbn=5", "url2": null, "内容": "あおき薬局　響が丘店【5:薬局】山梨県甲斐市龍地２５７２－５" }, "geometry": { "type": "Point", "coordinates": [ 138.512701, 35.680872 ] } },
{ "type": "Feature", "properties": { "ID": 1956192000161, "正式名称": "ウエルシア薬局甲府富士見店", "機関区分": 5, "都道府県コード": 19, "市区町村コード": 201, "所在地": "山梨県甲府市富士見１－２２－７", "緯度": 35.675012, "経度": 138.55267, "url": "https://www.iryou.teikyouseido.mhlw.go.jp/znk-web/juminkanja/S2430/initialize?prefCd=19&kikanCd=6192000161&kikanKbn=5", "url2": "https://www.welcia-yakkyoku.co.jp/", "内容": "ウエルシア薬局甲府富士見店【5:薬局】山梨県甲府市富士見１－２２－７" }, "geometry": { "type": "Point", "coordinates": [ 138.55267, 35.675012 ] } },
{ "type": "Feature", "properties": { "ID": 1956192000162, "正式名称": "ウエルシア薬局大里店", "機関区分": 5, "都道府県コード": 19, "市区町村コード": 201, "所在地": "山梨県甲府市大里町１８３４", "緯度": 35.620573, "経度": 138.5582, "url": "https://www.iryou.teikyouseido.mhlw.go.jp/znk-web/juminkanja/S2430/initialize?prefCd=19&kikanCd=6192000162&kikanKbn=5", "url2": "https://store.welcia.co.jp/welcia/spot/detail?code=8108D", "内容": "ウエルシア薬局大里店【5:薬局】山梨県甲府市大里町１８３４" }, "geometry": { "type": "Point", "coordinates": [ 138.5582, 35.620573 ] } },
{ "type": "Feature", "properties": { "ID": 1956192000165, "正式名称": "ユウキ薬局", "機関区分": 5, "都道府県コード": 19, "市区町村コード": 210, "所在地": "山梨県甲斐市篠原８３２", "緯度": 35.647015, "経度": 138.526173, "url": "https://www.iryou.teikyouseido.mhlw.go.jp/znk-web/juminkanja/S2430/initialize?prefCd=19&kikanCd=6192000165&kikanKbn=5", "url2": "https://www.yuki-kusuri.com/", "内容": "ユウキ薬局【5:薬局】山梨県甲斐市篠原８３２" }, "geometry": { "type": "Point", "coordinates": [ 138.526173, 35.647015 ] } },
{ "type": "Feature", "properties": { "ID": 1956192000166, "正式名称": "㈱みやび　みやび甲府薬局", "機関区分": 5, "都道府県コード": 19, "市区町村コード": 201, "所在地": "山梨県甲府市下飯田２－３－３１", "緯度": 35.663625, "経度": 138.550309, "url": "https://www.iryou.teikyouseido.mhlw.go.jp/znk-web/juminkanja/S2430/initialize?prefCd=19&kikanCd=6192000166&kikanKbn=5", "url2": "miyabi-yamanashi.com", "内容": "㈱みやび　みやび甲府薬局【5:薬局】山梨県甲府市下飯田２－３－３１" }, "geometry": { "type": "Point", "coordinates": [ 138.550309, 35.663625 ] } },
{ "type": "Feature", "properties": { "ID": 1956192000168, "正式名称": "株式会社グッドメディカルあおぞら薬局富士見店", "機関区分": 5, "都道府県コード": 19, "市区町村コード": 201, "所在地": "山梨県甲府市飯田２－３－６", "緯度": 35.668596, "経度": 138.55517, "url": "https://www.iryou.teikyouseido.mhlw.go.jp/znk-web/juminkanja/S2430/initialize?prefCd=19&kikanCd=6192000168&kikanKbn=5", "url2": "http://www.myph.jp/naito_pharm/", "内容": "株式会社グッドメディカルあおぞら薬局富士見店【5:薬局】山梨県甲府市飯田２－３－６" }, "geometry": { "type": "Point", "coordinates": [ 138.55517, 35.668596 ] } },
{ "type": "Feature", "properties": { "ID": 1956192000170, "正式名称": "みさき薬局竜王", "機関区分": 5, "都道府県コード": 19, "市区町村コード": 210, "所在地": "山梨県甲斐市篠原２３１－１", "緯度": 35.656986, "経度": 138.521423, "url": "https://www.iryou.teikyouseido.mhlw.go.jp/znk-web/juminkanja/S2430/initialize?prefCd=19&kikanCd=6192000170&kikanKbn=5", "url2": "http://www.dyna-misaki.co.jp", "内容": "みさき薬局竜王【5:薬局】山梨県甲斐市篠原２３１－１" }, "geometry": { "type": "Point", "coordinates": [ 138.521423, 35.656986 ] } },
{ "type": "Feature", "properties": { "ID": 1956192000172, "正式名称": "（株）ＨＳＤファーマ　もも薬局", "機関区分": 5, "都道府県コード": 19, "市区町村コード": 201, "所在地": "山梨県甲府市荒川２－７－３", "緯度": 35.676373, "経度": 138.536782, "url": "https://www.iryou.teikyouseido.mhlw.go.jp/znk-web/juminkanja/S2430/initialize?prefCd=19&kikanCd=6192000172&kikanKbn=5", "url2": null, "内容": "（株）ＨＳＤファーマ　もも薬局【5:薬局】山梨県甲府市荒川２－７－３" }, "geometry": { "type": "Point", "coordinates": [ 138.536782, 35.676373 ] } },
{ "type": "Feature", "properties": { "ID": 1956192000176, "正式名称": "かおり薬局", "機関区分": 5, "都道府県コード": 19, "市区町村コード": 210, "所在地": "山梨県甲斐市中下条８８６－１", "緯度": 35.676817, "経度": 138.52145, "url": "https://www.iryou.teikyouseido.mhlw.go.jp/znk-web/juminkanja/S2430/initialize?prefCd=19&kikanCd=6192000176&kikanKbn=5", "url2": null, "内容": "かおり薬局【5:薬局】山梨県甲斐市中下条８８６－１" }, "geometry": { "type": "Point", "coordinates": [ 138.52145, 35.676817 ] } },
{ "type": "Feature", "properties": { "ID": 1956192000179, "正式名称": "渡辺薬局", "機関区分": 5, "都道府県コード": 19, "市区町村コード": 207, "所在地": "山梨県韮崎市若宮１－９－７", "緯度": 35.713172, "経度": 138.448899, "url": "https://www.iryou.teikyouseido.mhlw.go.jp/znk-web/juminkanja/S2430/initialize?prefCd=19&kikanCd=6192000179&kikanKbn=5", "url2": "http://www.watanabe-kanpou.jp", "内容": "渡辺薬局【5:薬局】山梨県韮崎市若宮１－９－７" }, "geometry": { "type": "Point", "coordinates": [ 138.448899, 35.713172 ] } },
{ "type": "Feature", "properties": { "ID": 1956192000180, "正式名称": "（有）韮崎中央薬局", "機関区分": 5, "都道府県コード": 19, "市区町村コード": 207, "所在地": "山梨県韮崎市本町１－５－２４", "緯度": 35.706991, "経度": 138.451095, "url": "https://www.iryou.teikyouseido.mhlw.go.jp/znk-web/juminkanja/S2430/initialize?prefCd=19&kikanCd=6192000180&kikanKbn=5", "url2": null, "内容": "（有）韮崎中央薬局【5:薬局】山梨県韮崎市本町１－５－２４" }, "geometry": { "type": "Point", "coordinates": [ 138.451095, 35.706991 ] } },
{ "type": "Feature", "properties": { "ID": 1956192000181, "正式名称": "韮崎漢方薬局", "機関区分": 5, "都道府県コード": 19, "市区町村コード": 207, "所在地": "山梨県韮崎市中央町３－１９", "緯度": 35.709784, "経度": 138.450288, "url": "https://www.iryou.teikyouseido.mhlw.go.jp/znk-web/juminkanja/S2430/initialize?prefCd=19&kikanCd=6192000181&kikanKbn=5", "url2": null, "内容": "韮崎漢方薬局【5:薬局】山梨県韮崎市中央町３－１９" }, "geometry": { "type": "Point", "coordinates": [ 138.450288, 35.709784 ] } },
{ "type": "Feature", "properties": { "ID": 1956192000182, "正式名称": "健康館サワ韮崎店", "機関区分": 5, "都道府県コード": 19, "市区町村コード": 207, "所在地": "山梨県韮崎市藤井町南下條２６２", "緯度": 35.718283, "経度": 138.451926, "url": "https://www.iryou.teikyouseido.mhlw.go.jp/znk-web/juminkanja/S2430/initialize?prefCd=19&kikanCd=6192000182&kikanKbn=5", "url2": "https://sawawa41938.wixsite.com/fukasawa", "内容": "健康館サワ韮崎店【5:薬局】山梨県韮崎市藤井町南下條２６２" }, "geometry": { "type": "Point", "coordinates": [ 138.451926, 35.718283 ] } },
{ "type": "Feature", "properties": { "ID": 1956192000184, "正式名称": "本町薬局", "機関区分": 5, "都道府県コード": 19, "市区町村コード": 207, "所在地": "山梨県韮崎市本町１－１７－１８", "緯度": 35.706479, "経度": 138.448677, "url": "https://www.iryou.teikyouseido.mhlw.go.jp/znk-web/juminkanja/S2430/initialize?prefCd=19&kikanCd=6192000184&kikanKbn=5", "url2": null, "内容": "本町薬局【5:薬局】山梨県韮崎市本町１－１７－１８" }, "geometry": { "type": "Point", "coordinates": [ 138.448677, 35.706479 ] } },
{ "type": "Feature", "properties": { "ID": 1956192000187, "正式名称": "有限会社　韮崎調剤薬局", "機関区分": 5, "都道府県コード": 19, "市区町村コード": 207, "所在地": "山梨県韮崎市本町２－１１－４", "緯度": 35.705645, "経度": 138.451788, "url": "https://www.iryou.teikyouseido.mhlw.go.jp/znk-web/juminkanja/S2430/initialize?prefCd=19&kikanCd=6192000187&kikanKbn=5", "url2": null, "内容": "有限会社　韮崎調剤薬局【5:薬局】山梨県韮崎市本町２－１１－４" }, "geometry": { "type": "Point", "coordinates": [ 138.451788, 35.705645 ] } },
{ "type": "Feature", "properties": { "ID": 1956192000188, "正式名称": "くすりのマスダヤ", "機関区分": 5, "都道府県コード": 19, "市区町村コード": 209, "所在地": "山梨県北杜市長坂町大八田６６９７", "緯度": 35.833825, "経度": 138.374621, "url": "https://www.iryou.teikyouseido.mhlw.go.jp/znk-web/juminkanja/S2430/initialize?prefCd=19&kikanCd=6192000188&kikanKbn=5", "url2": null, "内容": "くすりのマスダヤ【5:薬局】山梨県北杜市長坂町大八田６６９７" }, "geometry": { "type": "Point", "coordinates": [ 138.374621, 35.833825 ] } },
{ "type": "Feature", "properties": { "ID": 1956192000191, "正式名称": "みさき薬局韮崎", "機関区分": 5, "都道府県コード": 19, "市区町村コード": 207, "所在地": "山梨県韮崎市藤井町南下條水無３３６－２", "緯度": 35.719811, "経度": 138.45012, "url": "https://www.iryou.teikyouseido.mhlw.go.jp/znk-web/juminkanja/S2430/initialize?prefCd=19&kikanCd=6192000191&kikanKbn=5", "url2": "http://www.dyna-misaki.co.jp", "内容": "みさき薬局韮崎【5:薬局】山梨県韮崎市藤井町南下條水無３３６－２" }, "geometry": { "type": "Point", "coordinates": [ 138.45012, 35.719811 ] } },
{ "type": "Feature", "properties": { "ID": 1956192000193, "正式名称": "アイセイ薬局　長坂店", "機関区分": 5, "都道府県コード": 19, "市区町村コード": 209, "所在地": "山梨県北杜市長坂町夏秋９４５－４", "緯度": 35.827465, "経度": 138.388731, "url": "https://www.iryou.teikyouseido.mhlw.go.jp/znk-web/juminkanja/S2430/initialize?prefCd=19&kikanCd=6192000193&kikanKbn=5", "url2": "https://www.aisei.co.jp/", "内容": "アイセイ薬局　長坂店【5:薬局】山梨県北杜市長坂町夏秋９４５－４" }, "geometry": { "type": "Point", "coordinates": [ 138.388731, 35.827465 ] } },
{ "type": "Feature", "properties": { "ID": 1956192000194, "正式名称": "長坂調剤薬局", "機関区分": 5, "都道府県コード": 19, "市区町村コード": 209, "所在地": "山梨県北杜市長坂町大八田３９２２－４", "緯度": 35.831437, "経度": 138.384092, "url": "https://www.iryou.teikyouseido.mhlw.go.jp/znk-web/juminkanja/S2430/initialize?prefCd=19&kikanCd=6192000194&kikanKbn=5", "url2": "http://www.yukari.ne.jp/~cyouzai/index", "内容": "長坂調剤薬局【5:薬局】山梨県北杜市長坂町大八田３９２２－４" }, "geometry": { "type": "Point", "coordinates": [ 138.384092, 35.831437 ] } },
{ "type": "Feature", "properties": { "ID": 1956192000196, "正式名称": "サンロード調剤韮崎市立病院前", "機関区分": 5, "都道府県コード": 19, "市区町村コード": 207, "所在地": "山梨県韮崎市本町３－４－３４", "緯度": 35.702285, "経度": 138.457731, "url": "https://www.iryou.teikyouseido.mhlw.go.jp/znk-web/juminkanja/S2430/initialize?prefCd=19&kikanCd=6192000196&kikanKbn=5", "url2": null, "内容": "サンロード調剤韮崎市立病院前【5:薬局】山梨県韮崎市本町３－４－３４" }, "geometry": { "type": "Point", "coordinates": [ 138.457731, 35.702285 ] } },
{ "type": "Feature", "properties": { "ID": 1956192000197, "正式名称": "株式会社中沢薬局　白州店", "機関区分": 5, "都道府県コード": 19, "市区町村コード": 209, "所在地": "山梨県北杜市白州町白須１００８－５", "緯度": 35.808105, "経度": 138.327821, "url": "https://www.iryou.teikyouseido.mhlw.go.jp/znk-web/juminkanja/S2430/initialize?prefCd=19&kikanCd=6192000197&kikanKbn=5", "url2": "https://nakazawa-ph.com/", "内容": "株式会社中沢薬局　白州店【5:薬局】山梨県北杜市白州町白須１００８－５" }, "geometry": { "type": "Point", "coordinates": [ 138.327821, 35.808105 ] } },
{ "type": "Feature", "properties": { "ID": 1956192000198, "正式名称": "メープル薬局", "機関区分": 5, "都道府県コード": 19, "市区町村コード": 207, "所在地": "山梨県韮崎市藤井町坂井３２０－６", "緯度": 35.727671, "経度": 138.442759, "url": "https://www.iryou.teikyouseido.mhlw.go.jp/znk-web/juminkanja/S2430/initialize?prefCd=19&kikanCd=6192000198&kikanKbn=5", "url2": null, "内容": "メープル薬局【5:薬局】山梨県韮崎市藤井町坂井３２０－６" }, "geometry": { "type": "Point", "coordinates": [ 138.442759, 35.727671 ] } },
{ "type": "Feature", "properties": { "ID": 1956192000199, "正式名称": "ホクト薬局", "機関区分": 5, "都道府県コード": 19, "市区町村コード": 209, "所在地": "山梨県北杜市須玉町藤田７５８", "緯度": 35.778026, "経度": 138.426675, "url": "https://www.iryou.teikyouseido.mhlw.go.jp/znk-web/juminkanja/S2430/initialize?prefCd=19&kikanCd=6192000199&kikanKbn=5", "url2": "https://www.hokuto-ph.jp/", "内容": "ホクト薬局【5:薬局】山梨県北杜市須玉町藤田７５８" }, "geometry": { "type": "Point", "coordinates": [ 138.426675, 35.778026 ] } },
{ "type": "Feature", "properties": { "ID": 1956192000201, "正式名称": "北杜ひまわり薬局", "機関区分": 5, "都道府県コード": 19, "市区町村コード": 209, "所在地": "山梨県北杜市明野町上手２４４", "緯度": 35.769333, "経度": 138.428954, "url": "https://www.iryou.teikyouseido.mhlw.go.jp/znk-web/juminkanja/S2430/initialize?prefCd=19&kikanCd=6192000201&kikanKbn=5", "url2": "https://kkc-pharmacy.com", "内容": "北杜ひまわり薬局【5:薬局】山梨県北杜市明野町上手２４４" }, "geometry": { "type": "Point", "coordinates": [ 138.428954, 35.769333 ] } },
{ "type": "Feature", "properties": { "ID": 1956192000202, "正式名称": "塩川調剤薬局", "機関区分": 5, "都道府県コード": 19, "市区町村コード": 209, "所在地": "山梨県北杜市須玉町藤田７２７－１", "緯度": 35.778221, "経度": 138.425925, "url": "https://www.iryou.teikyouseido.mhlw.go.jp/znk-web/juminkanja/S2430/initialize?prefCd=19&kikanCd=6192000202&kikanKbn=5", "url2": null, "内容": "塩川調剤薬局【5:薬局】山梨県北杜市須玉町藤田７２７－１" }, "geometry": { "type": "Point", "coordinates": [ 138.425925, 35.778221 ] } },
{ "type": "Feature", "properties": { "ID": 1956192000203, "正式名称": "株式会社　クスリのサンロード薬局　長坂店", "機関区分": 5, "都道府県コード": 19, "市区町村コード": 209, "所在地": "山梨県北杜市長坂町大八田４０１８", "緯度": 35.830743, "経度": 138.383316, "url": "https://www.iryou.teikyouseido.mhlw.go.jp/znk-web/juminkanja/S2430/initialize?prefCd=19&kikanCd=6192000203&kikanKbn=5", "url2": null, "内容": "株式会社　クスリのサンロード薬局　長坂店【5:薬局】山梨県北杜市長坂町大八田４０１８" }, "geometry": { "type": "Point", "coordinates": [ 138.383316, 35.830743 ] } },
{ "type": "Feature", "properties": { "ID": 1956192000204, "正式名称": "あさひ調剤薬局", "機関区分": 5, "都道府県コード": 19, "市区町村コード": 207, "所在地": "山梨県韮崎市若宮２－１４－３", "緯度": 35.71309, "経度": 138.453287, "url": "https://www.iryou.teikyouseido.mhlw.go.jp/znk-web/juminkanja/S2430/initialize?prefCd=19&kikanCd=6192000204&kikanKbn=5", "url2": null, "内容": "あさひ調剤薬局【5:薬局】山梨県韮崎市若宮２－１４－３" }, "geometry": { "type": "Point", "coordinates": [ 138.453287, 35.71309 ] } },
{ "type": "Feature", "properties": { "ID": 1956192000206, "正式名称": "若草薬局", "機関区分": 5, "都道府県コード": 19, "市区町村コード": 208, "所在地": "山梨県南アルプス市寺部１１８－２６", "緯度": 35.609156, "経度": 138.485733, "url": "https://www.iryou.teikyouseido.mhlw.go.jp/znk-web/juminkanja/S2430/initialize?prefCd=19&kikanCd=6192000206&kikanKbn=5", "url2": null, "内容": "若草薬局【5:薬局】山梨県南アルプス市寺部１１８－２６" }, "geometry": { "type": "Point", "coordinates": [ 138.485733, 35.609156 ] } },
{ "type": "Feature", "properties": { "ID": 1956192000209, "正式名称": "秋山薬局", "機関区分": 5, "都道府県コード": 19, "市区町村コード": 208, "所在地": "山梨県南アルプス市百々１８２０－７", "緯度": 35.661762, "経度": 138.464817, "url": "https://www.iryou.teikyouseido.mhlw.go.jp/znk-web/juminkanja/S2430/initialize?prefCd=19&kikanCd=6192000209&kikanKbn=5", "url2": null, "内容": "秋山薬局【5:薬局】山梨県南アルプス市百々１８２０－７" }, "geometry": { "type": "Point", "coordinates": [ 138.464817, 35.661762 ] } },
{ "type": "Feature", "properties": { "ID": 1956192000210, "正式名称": "株式会社アトム薬局　アトム薬局甲西店", "機関区分": 5, "都道府県コード": 19, "市区町村コード": 208, "所在地": "山梨県南アルプス市鮎沢１０３７", "緯度": 35.592131, "経度": 138.471235, "url": "https://www.iryou.teikyouseido.mhlw.go.jp/znk-web/juminkanja/S2430/initialize?prefCd=19&kikanCd=6192000210&kikanKbn=5", "url2": "http://www.atom-yakkyoku.com", "内容": "株式会社アトム薬局　アトム薬局甲西店【5:薬局】山梨県南アルプス市鮎沢１０３７" }, "geometry": { "type": "Point", "coordinates": [ 138.471235, 35.592131 ] } },
{ "type": "Feature", "properties": { "ID": 1956192000211, "正式名称": "アヤメ薬局", "機関区分": 5, "都道府県コード": 19, "市区町村コード": 208, "所在地": "山梨県南アルプス市小笠原４４５－１", "緯度": 35.609434, "経度": 138.463096, "url": "https://www.iryou.teikyouseido.mhlw.go.jp/znk-web/juminkanja/S2430/initialize?prefCd=19&kikanCd=6192000211&kikanKbn=5", "url2": "http://www.k3.dion.ne.jp/~ma-pharm/ayame.htm", "内容": "アヤメ薬局【5:薬局】山梨県南アルプス市小笠原４４５－１" }, "geometry": { "type": "Point", "coordinates": [ 138.463096, 35.609434 ] } },
{ "type": "Feature", "properties": { "ID": 1956192000213, "正式名称": "（有）櫛形調剤薬局", "機関区分": 5, "都道府県コード": 19, "市区町村コード": 208, "所在地": "山梨県南アルプス市下宮地４６７－１", "緯度": 35.604573, "経度": 138.463652, "url": "https://www.iryou.teikyouseido.mhlw.go.jp/znk-web/juminkanja/S2430/initialize?prefCd=19&kikanCd=6192000213&kikanKbn=5", "url2": null, "内容": "（有）櫛形調剤薬局【5:薬局】山梨県南アルプス市下宮地４６７－１" }, "geometry": { "type": "Point", "coordinates": [ 138.463652, 35.604573 ] } },
{ "type": "Feature", "properties": { "ID": 1956192000215, "正式名称": "㈱アトム薬局　アトム薬局加賀美店", "機関区分": 5, "都道府県コード": 19, "市区町村コード": 208, "所在地": "山梨県南アルプス市加賀美２８９２－２", "緯度": 35.605463, "経度": 138.487733, "url": "https://www.iryou.teikyouseido.mhlw.go.jp/znk-web/juminkanja/S2430/initialize?prefCd=19&kikanCd=6192000215&kikanKbn=5", "url2": "http://www.atom-yakkyoku.com", "内容": "㈱アトム薬局　アトム薬局加賀美店【5:薬局】山梨県南アルプス市加賀美２８９２－２" }, "geometry": { "type": "Point", "coordinates": [ 138.487733, 35.605463 ] } },
{ "type": "Feature", "properties": { "ID": 1956192000216, "正式名称": "株式会社アトム薬局　アトム薬局藤田店", "機関区分": 5, "都道府県コード": 19, "市区町村コード": 208, "所在地": "山梨県南アルプス市藤田３３８－３", "緯度": 35.600852, "経度": 138.4899, "url": "https://www.iryou.teikyouseido.mhlw.go.jp/znk-web/juminkanja/S2430/initialize?prefCd=19&kikanCd=6192000216&kikanKbn=5", "url2": "http://www.atom-yakkyoku.com", "内容": "株式会社アトム薬局　アトム薬局藤田店【5:薬局】山梨県南アルプス市藤田３３８－３" }, "geometry": { "type": "Point", "coordinates": [ 138.4899, 35.600852 ] } },
{ "type": "Feature", "properties": { "ID": 1956192000218, "正式名称": "漢方薬局一風堂", "機関区分": 5, "都道府県コード": 19, "市区町村コード": 208, "所在地": "山梨県南アルプス市在家塚１８１０－５", "緯度": 35.644902, "経度": 138.463761, "url": "https://www.iryou.teikyouseido.mhlw.go.jp/znk-web/juminkanja/S2430/initialize?prefCd=19&kikanCd=6192000218&kikanKbn=5", "url2": "http://kampo-ippudo.sakura.ne.jp/old i.htm", "内容": "漢方薬局一風堂【5:薬局】山梨県南アルプス市在家塚１８１０－５" }, "geometry": { "type": "Point", "coordinates": [ 138.463761, 35.644902 ] } },
{ "type": "Feature", "properties": { "ID": 1956192000221, "正式名称": "共創未来　甲西薬局", "機関区分": 5, "都道府県コード": 19, "市区町村コード": 208, "所在地": "山梨県南アルプス市下宮地６－２", "緯度": 35.602463, "経度": 138.468624, "url": "https://www.iryou.teikyouseido.mhlw.go.jp/znk-web/juminkanja/S2430/initialize?prefCd=19&kikanCd=6192000221&kikanKbn=5", "url2": null, "内容": "共創未来　甲西薬局【5:薬局】山梨県南アルプス市下宮地６－２" }, "geometry": { "type": "Point", "coordinates": [ 138.468624, 35.602463 ] } },
{ "type": "Feature", "properties": { "ID": 1956192000223, "正式名称": "一般社団法人ワイエムピーあすなろ巨摩薬局", "機関区分": 5, "都道府県コード": 19, "市区町村コード": 208, "所在地": "山梨県南アルプス市桃園３４０－２", "緯度": 35.629543, "経度": 138.461457, "url": "https://www.iryou.teikyouseido.mhlw.go.jp/znk-web/juminkanja/S2430/initialize?prefCd=19&kikanCd=6192000223&kikanKbn=5", "url2": "https://ymp-asunaro.or.jp/", "内容": "一般社団法人ワイエムピーあすなろ巨摩薬局【5:薬局】山梨県南アルプス市桃園３４０－２" }, "geometry": { "type": "Point", "coordinates": [ 138.461457, 35.629543 ] } },
{ "type": "Feature", "properties": { "ID": 1956192000226, "正式名称": "共創未来中島薬局", "機関区分": 5, "都道府県コード": 19, "市区町村コード": 208, "所在地": "山梨県南アルプス市在家塚１２００", "緯度": 35.643264, "経度": 138.464122, "url": "https://www.iryou.teikyouseido.mhlw.go.jp/znk-web/juminkanja/S2430/initialize?prefCd=19&kikanCd=6192000226&kikanKbn=5", "url2": null, "内容": "共創未来中島薬局【5:薬局】山梨県南アルプス市在家塚１２００" }, "geometry": { "type": "Point", "coordinates": [ 138.464122, 35.643264 ] } },
{ "type": "Feature", "properties": { "ID": 1956192000227, "正式名称": "こまの薬局", "機関区分": 5, "都道府県コード": 19, "市区町村コード": 208, "所在地": "山梨県南アルプス市吉田１２５５－１", "緯度": 35.623711, "経度": 138.486955, "url": "https://www.iryou.teikyouseido.mhlw.go.jp/znk-web/juminkanja/S2430/initialize?prefCd=19&kikanCd=6192000227&kikanKbn=5", "url2": null, "内容": "こまの薬局【5:薬局】山梨県南アルプス市吉田１２５５－１" }, "geometry": { "type": "Point", "coordinates": [ 138.486955, 35.623711 ] } },
{ "type": "Feature", "properties": { "ID": 1956192000228, "正式名称": "さくら調剤薬局　韮崎店", "機関区分": 5, "都道府県コード": 19, "市区町村コード": 207, "所在地": "山梨県韮崎市本町３－６－７－４", "緯度": 35.702258, "経度": 138.456954, "url": "https://www.iryou.teikyouseido.mhlw.go.jp/znk-web/juminkanja/S2430/initialize?prefCd=19&kikanCd=6192000228&kikanKbn=5", "url2": "https://sakura-ph.com", "内容": "さくら調剤薬局　韮崎店【5:薬局】山梨県韮崎市本町３－６－７－４" }, "geometry": { "type": "Point", "coordinates": [ 138.456954, 35.702258 ] } },
{ "type": "Feature", "properties": { "ID": 1956192000229, "正式名称": "みさき薬局　旭町", "機関区分": 5, "都道府県コード": 19, "市区町村コード": 207, "所在地": "山梨県韮崎市旭町上條南割３３１４－３１０", "緯度": 35.667705, "経度": 138.43668, "url": "https://www.iryou.teikyouseido.mhlw.go.jp/znk-web/juminkanja/S2430/initialize?prefCd=19&kikanCd=6192000229&kikanKbn=5", "url2": "http://www.dyna-misaki.co.jp", "内容": "みさき薬局　旭町【5:薬局】山梨県韮崎市旭町上條南割３３１４－３１０" }, "geometry": { "type": "Point", "coordinates": [ 138.43668, 35.667705 ] } },
{ "type": "Feature", "properties": { "ID": 1956192000231, "正式名称": "アイセイ薬局　白州店", "機関区分": 5, "都道府県コード": 19, "市区町村コード": 209, "所在地": "山梨県北杜市白州町白須１３４５", "緯度": 35.810549, "経度": 138.333098, "url": "https://www.iryou.teikyouseido.mhlw.go.jp/znk-web/juminkanja/S2430/initialize?prefCd=19&kikanCd=6192000231&kikanKbn=5", "url2": "https://store.aisei.co.jp/detail/0777", "内容": "アイセイ薬局　白州店【5:薬局】山梨県北杜市白州町白須１３４５" }, "geometry": { "type": "Point", "coordinates": [ 138.333098, 35.810549 ] } },
{ "type": "Feature", "properties": { "ID": 1956192000232, "正式名称": "ホクト薬局　韮崎", "機関区分": 5, "都道府県コード": 19, "市区町村コード": 207, "所在地": "山梨県韮崎市本町３－９－４", "緯度": 35.70373, "経度": 138.453927, "url": "https://www.iryou.teikyouseido.mhlw.go.jp/znk-web/juminkanja/S2430/initialize?prefCd=19&kikanCd=6192000232&kikanKbn=5", "url2": null, "内容": "ホクト薬局　韮崎【5:薬局】山梨県韮崎市本町３－９－４" }, "geometry": { "type": "Point", "coordinates": [ 138.453927, 35.70373 ] } },
{ "type": "Feature", "properties": { "ID": 1956192000235, "正式名称": "あすなろ武川薬局", "機関区分": 5, "都道府県コード": 19, "市区町村コード": 209, "所在地": "山梨県北杜市武川町牧原１３６６－２", "緯度": 35.784886, "経度": 138.385956, "url": "https://www.iryou.teikyouseido.mhlw.go.jp/znk-web/juminkanja/S2430/initialize?prefCd=19&kikanCd=6192000235&kikanKbn=5", "url2": "http://www.yamanashi-min.jp/ymp/index.html", "内容": "あすなろ武川薬局【5:薬局】山梨県北杜市武川町牧原１３６６－２" }, "geometry": { "type": "Point", "coordinates": [ 138.385956, 35.784886 ] } },
{ "type": "Feature", "properties": { "ID": 1956192000236, "正式名称": "株式会社　日医調剤　一宮薬局", "機関区分": 5, "都道府県コード": 19, "市区町村コード": 211, "所在地": "山梨県笛吹市一宮町末木８６３－１", "緯度": 35.647045, "経度": 138.692603, "url": "https://www.iryou.teikyouseido.mhlw.go.jp/znk-web/juminkanja/S2430/initialize?prefCd=19&kikanCd=6192000236&kikanKbn=5", "url2": "http://www.nichiiko-yamanashi.co.jp/", "内容": "株式会社　日医調剤　一宮薬局【5:薬局】山梨県笛吹市一宮町末木８６３－１" }, "geometry": { "type": "Point", "coordinates": [ 138.692603, 35.647045 ] } },
{ "type": "Feature", "properties": { "ID": 1956192000238, "正式名称": "株式会社　塩山薬局", "機関区分": 5, "都道府県コード": 19, "市区町村コード": 213, "所在地": "山梨県甲州市塩山上於曽１７５３", "緯度": 35.705456, "経度": 138.731986, "url": "https://www.iryou.teikyouseido.mhlw.go.jp/znk-web/juminkanja/S2430/initialize?prefCd=19&kikanCd=6192000238&kikanKbn=5", "url2": "http://www.shokokai.or.jp/19/192131S0044/index.htm", "内容": "株式会社　塩山薬局【5:薬局】山梨県甲州市塩山上於曽１７５３" }, "geometry": { "type": "Point", "coordinates": [ 138.731986, 35.705456 ] } },
{ "type": "Feature", "properties": { "ID": 1956192000241, "正式名称": "有限会社カイ調剤薬局", "機関区分": 5, "都道府県コード": 19, "市区町村コード": 205, "所在地": "山梨県山梨市下神内川２１２－４", "緯度": 35.67918, "経度": 138.684242, "url": "https://www.iryou.teikyouseido.mhlw.go.jp/znk-web/juminkanja/S2430/initialize?prefCd=19&kikanCd=6192000241&kikanKbn=5", "url2": "http://www.heartful-ph.com", "内容": "有限会社カイ調剤薬局【5:薬局】山梨県山梨市下神内川２１２－４" }, "geometry": { "type": "Point", "coordinates": [ 138.684242, 35.67918 ] } },
{ "type": "Feature", "properties": { "ID": 1956192000243, "正式名称": "株式会社中沢薬局　河内店", "機関区分": 5, "都道府県コード": 19, "市区町村コード": 211, "所在地": "山梨県笛吹市石和町河内４５－９", "緯度": 35.631462, "経度": 138.611917, "url": "https://www.iryou.teikyouseido.mhlw.go.jp/znk-web/juminkanja/S2430/initialize?prefCd=19&kikanCd=6192000243&kikanKbn=5", "url2": "https://nakazawa-ph.com/", "内容": "株式会社中沢薬局　河内店【5:薬局】山梨県笛吹市石和町河内４５－９" }, "geometry": { "type": "Point", "coordinates": [ 138.611917, 35.631462 ] } },
{ "type": "Feature", "properties": { "ID": 1956192000244, "正式名称": "一宮町薬局", "機関区分": 5, "都道府県コード": 19, "市区町村コード": 211, "所在地": "山梨県笛吹市一宮町坪井１６９４－１１", "緯度": 35.6531, "経度": 138.663383, "url": "https://www.iryou.teikyouseido.mhlw.go.jp/znk-web/juminkanja/S2430/initialize?prefCd=19&kikanCd=6192000244&kikanKbn=5", "url2": null, "内容": "一宮町薬局【5:薬局】山梨県笛吹市一宮町坪井１６９４－１１" }, "geometry": { "type": "Point", "coordinates": [ 138.663383, 35.6531 ] } },
{ "type": "Feature", "properties": { "ID": 1956192000246, "正式名称": "健康館サワ　石和店", "機関区分": 5, "都道府県コード": 19, "市区町村コード": 211, "所在地": "山梨県笛吹市石和町窪中島１３２－３", "緯度": 35.648322, "経度": 138.635442, "url": "https://www.iryou.teikyouseido.mhlw.go.jp/znk-web/juminkanja/S2430/initialize?prefCd=19&kikanCd=6192000246&kikanKbn=5", "url2": "https://sawawa41938.wixsite.com/fukasawa", "内容": "健康館サワ　石和店【5:薬局】山梨県笛吹市石和町窪中島１３２－３" }, "geometry": { "type": "Point", "coordinates": [ 138.635442, 35.648322 ] } },
{ "type": "Feature", "properties": { "ID": 1956192000251, "正式名称": "株式会社ミルキーファーマシー　ハーティ加納岩薬局", "機関区分": 5, "都道府県コード": 19, "市区町村コード": 205, "所在地": "山梨県山梨市上神内川１１３５－１", "緯度": 35.689318, "経度": 138.684852, "url": "https://www.iryou.teikyouseido.mhlw.go.jp/znk-web/juminkanja/S2430/initialize?prefCd=19&kikanCd=6192000251&kikanKbn=5", "url2": "https://www.marinegroup.jp/", "内容": "株式会社ミルキーファーマシー　ハーティ加納岩薬局【5:薬局】山梨県山梨市上神内川１１３５－１" }, "geometry": { "type": "Point", "coordinates": [ 138.684852, 35.689318 ] } },
{ "type": "Feature", "properties": { "ID": 1956192000252, "正式名称": "（有）千秋舎　セキテイ調剤薬局石和店", "機関区分": 5, "都道府県コード": 19, "市区町村コード": 211, "所在地": "山梨県笛吹市石和町駅前７－１３", "緯度": 35.647461, "経度": 138.639664, "url": "https://www.iryou.teikyouseido.mhlw.go.jp/znk-web/juminkanja/S2430/initialize?prefCd=19&kikanCd=6192000252&kikanKbn=5", "url2": "https://sekitei.info", "内容": "（有）千秋舎　セキテイ調剤薬局石和店【5:薬局】山梨県笛吹市石和町駅前７－１３" }, "geometry": { "type": "Point", "coordinates": [ 138.639664, 35.647461 ] } },
{ "type": "Feature", "properties": { "ID": 1956192000253, "正式名称": "福島屋薬局", "機関区分": 5, "都道府県コード": 19, "市区町村コード": 205, "所在地": "山梨県山梨市小原西７４２", "緯度": 35.694707, "経度": 138.69149, "url": "https://www.iryou.teikyouseido.mhlw.go.jp/znk-web/juminkanja/S2430/initialize?prefCd=19&kikanCd=6192000253&kikanKbn=5", "url2": null, "内容": "福島屋薬局【5:薬局】山梨県山梨市小原西７４２" }, "geometry": { "type": "Point", "coordinates": [ 138.69149, 35.694707 ] } },
{ "type": "Feature", "properties": { "ID": 1956192000257, "正式名称": "クスリのサンロード薬局小原西店", "機関区分": 5, "都道府県コード": 19, "市区町村コード": 205, "所在地": "山梨県山梨市小原西字今田１０６８－１", "緯度": 35.695207, "経度": 138.687102, "url": "https://www.iryou.teikyouseido.mhlw.go.jp/znk-web/juminkanja/S2430/initialize?prefCd=19&kikanCd=6192000257&kikanKbn=5", "url2": "https://www.kusurinosunroad.com/", "内容": "クスリのサンロード薬局小原西店【5:薬局】山梨県山梨市小原西字今田１０６８－１" }, "geometry": { "type": "Point", "coordinates": [ 138.687102, 35.695207 ] } },
{ "type": "Feature", "properties": { "ID": 1956192000264, "正式名称": "健康館サワ　山梨店", "機関区分": 5, "都道府県コード": 19, "市区町村コード": 205, "所在地": "山梨県山梨市歌田字金桜３４４－３", "緯度": 35.666404, "経度": 138.68102, "url": "https://www.iryou.teikyouseido.mhlw.go.jp/znk-web/juminkanja/S2430/initialize?prefCd=19&kikanCd=6192000264&kikanKbn=5", "url2": "https://sawawa41938.wixsite.com/fukasawa", "内容": "健康館サワ　山梨店【5:薬局】山梨県山梨市歌田字金桜３４４－３" }, "geometry": { "type": "Point", "coordinates": [ 138.68102, 35.666404 ] } },
{ "type": "Feature", "properties": { "ID": 1956192000268, "正式名称": "さくら薬局山梨店", "機関区分": 5, "都道府県コード": 19, "市区町村コード": 205, "所在地": "山梨県山梨市上神内川１１３９－１", "緯度": 35.688957, "経度": 138.684769, "url": "https://www.iryou.teikyouseido.mhlw.go.jp/znk-web/juminkanja/S2430/initialize?prefCd=19&kikanCd=6192000268&kikanKbn=5", "url2": "https://www.kraft-net.co.jp/sakura/store/3174/", "内容": "さくら薬局山梨店【5:薬局】山梨県山梨市上神内川１１３９－１" }, "geometry": { "type": "Point", "coordinates": [ 138.684769, 35.688957 ] } },
{ "type": "Feature", "properties": { "ID": 1956192000269, "正式名称": "ももの木薬局", "機関区分": 5, "都道府県コード": 19, "市区町村コード": 211, "所在地": "山梨県笛吹市石和町四日市場４５－２", "緯度": 35.641683, "経度": 138.635414, "url": "https://www.iryou.teikyouseido.mhlw.go.jp/znk-web/juminkanja/S2430/initialize?prefCd=19&kikanCd=6192000269&kikanKbn=5", "url2": null, "内容": "ももの木薬局【5:薬局】山梨県笛吹市石和町四日市場４５－２" }, "geometry": { "type": "Point", "coordinates": [ 138.635414, 35.641683 ] } },
{ "type": "Feature", "properties": { "ID": 1956192000270, "正式名称": "フリヤ薬局", "機関区分": 5, "都道府県コード": 19, "市区町村コード": 211, "所在地": "山梨県笛吹市石和町市部１０７８－１", "緯度": 35.650321, "経度": 138.637497, "url": "https://www.iryou.teikyouseido.mhlw.go.jp/znk-web/juminkanja/S2430/initialize?prefCd=19&kikanCd=6192000270&kikanKbn=5", "url2": null, "内容": "フリヤ薬局【5:薬局】山梨県笛吹市石和町市部１０７８－１" }, "geometry": { "type": "Point", "coordinates": [ 138.637497, 35.650321 ] } },
{ "type": "Feature", "properties": { "ID": 1956192000272, "正式名称": "萩原調剤薬局", "機関区分": 5, "都道府県コード": 19, "市区町村コード": 211, "所在地": "山梨県笛吹市御坂町栗合１６４－１", "緯度": 35.622381, "経度": 138.666052, "url": "https://www.iryou.teikyouseido.mhlw.go.jp/znk-web/juminkanja/S2430/initialize?prefCd=19&kikanCd=6192000272&kikanKbn=5", "url2": null, "内容": "萩原調剤薬局【5:薬局】山梨県笛吹市御坂町栗合１６４－１" }, "geometry": { "type": "Point", "coordinates": [ 138.666052, 35.622381 ] } },
{ "type": "Feature", "properties": { "ID": 1956192000274, "正式名称": "アーク調剤薬局　山梨店", "機関区分": 5, "都道府県コード": 19, "市区町村コード": 205, "所在地": "山梨県山梨市小原西１６８", "緯度": 35.692651, "経度": 138.690018, "url": "https://www.iryou.teikyouseido.mhlw.go.jp/znk-web/juminkanja/S2430/initialize?prefCd=19&kikanCd=6192000274&kikanKbn=5", "url2": "http://www.arc-m.co.jp/", "内容": "アーク調剤薬局　山梨店【5:薬局】山梨県山梨市小原西１６８" }, "geometry": { "type": "Point", "coordinates": [ 138.690018, 35.692651 ] } },
{ "type": "Feature", "properties": { "ID": 1956192000276, "正式名称": "小川大正堂薬局", "機関区分": 5, "都道府県コード": 19, "市区町村コード": 213, "所在地": "山梨県甲州市勝沼町勝沼３００８", "緯度": 35.664182, "経度": 138.723295, "url": "https://www.iryou.teikyouseido.mhlw.go.jp/znk-web/juminkanja/S2430/initialize?prefCd=19&kikanCd=6192000276&kikanKbn=5", "url2": null, "内容": "小川大正堂薬局【5:薬局】山梨県甲州市勝沼町勝沼３００８" }, "geometry": { "type": "Point", "coordinates": [ 138.723295, 35.664182 ] } },
{ "type": "Feature", "properties": { "ID": 1956192000277, "正式名称": "田辺薬局", "機関区分": 5, "都道府県コード": 19, "市区町村コード": 213, "所在地": "山梨県甲州市塩山下於曽５５４－３", "緯度": 35.702124, "経度": 138.730932, "url": "https://www.iryou.teikyouseido.mhlw.go.jp/znk-web/juminkanja/S2430/initialize?prefCd=19&kikanCd=6192000277&kikanKbn=5", "url2": null, "内容": "田辺薬局【5:薬局】山梨県甲州市塩山下於曽５５４－３" }, "geometry": { "type": "Point", "coordinates": [ 138.730932, 35.702124 ] } },
{ "type": "Feature", "properties": { "ID": 1956192000278, "正式名称": "アーク調剤薬局　一宮店", "機関区分": 5, "都道府県コード": 19, "市区町村コード": 211, "所在地": "山梨県笛吹市一宮町本都塚１４８－５", "緯度": 35.648989, "経度": 138.688104, "url": "https://www.iryou.teikyouseido.mhlw.go.jp/znk-web/juminkanja/S2430/initialize?prefCd=19&kikanCd=6192000278&kikanKbn=5", "url2": "http://www.arc-m.co.jp/", "内容": "アーク調剤薬局　一宮店【5:薬局】山梨県笛吹市一宮町本都塚１４８－５" }, "geometry": { "type": "Point", "coordinates": [ 138.688104, 35.648989 ] } },
{ "type": "Feature", "properties": { "ID": 1956192000279, "正式名称": "アーク調剤薬局　塩山店", "機関区分": 5, "都道府県コード": 19, "市区町村コード": 213, "所在地": "山梨県甲州市塩山上塩後２７１－４", "緯度": 35.701789, "経度": 138.721043, "url": "https://www.iryou.teikyouseido.mhlw.go.jp/znk-web/juminkanja/S2430/initialize?prefCd=19&kikanCd=6192000279&kikanKbn=5", "url2": "http://www.arc-m.co.jp/", "内容": "アーク調剤薬局　塩山店【5:薬局】山梨県甲州市塩山上塩後２７１－４" }, "geometry": { "type": "Point", "coordinates": [ 138.721043, 35.701789 ] } },
{ "type": "Feature", "properties": { "ID": 1956192000280, "正式名称": "株式会社みやびみやび御坂薬局", "機関区分": 5, "都道府県コード": 19, "市区町村コード": 211, "所在地": "山梨県笛吹市御坂町井之上８１９－６", "緯度": 35.635434, "経度": 138.654191, "url": "https://www.iryou.teikyouseido.mhlw.go.jp/znk-web/juminkanja/S2430/initialize?prefCd=19&kikanCd=6192000280&kikanKbn=5", "url2": null, "内容": "株式会社みやびみやび御坂薬局【5:薬局】山梨県笛吹市御坂町井之上８１９－６" }, "geometry": { "type": "Point", "coordinates": [ 138.654191, 35.635434 ] } },
{ "type": "Feature", "properties": { "ID": 1956192000281, "正式名称": "大和薬局春日居店", "機関区分": 5, "都道府県コード": 19, "市区町村コード": 211, "所在地": "山梨県笛吹市春日居町桑戸７０２－１", "緯度": 35.67032, "経度": 138.659189, "url": "https://www.iryou.teikyouseido.mhlw.go.jp/znk-web/juminkanja/S2430/initialize?prefCd=19&kikanCd=6192000281&kikanKbn=5", "url2": null, "内容": "大和薬局春日居店【5:薬局】山梨県笛吹市春日居町桑戸７０２－１" }, "geometry": { "type": "Point", "coordinates": [ 138.659189, 35.67032 ] } },
{ "type": "Feature", "properties": { "ID": 1956192000282, "正式名称": "株式会社　日医調剤　勝沼薬局", "機関区分": 5, "都道府県コード": 19, "市区町村コード": 213, "所在地": "山梨県甲州市勝沼町勝沼２９５９－２", "緯度": 35.664599, "経度": 138.721045, "url": "https://www.iryou.teikyouseido.mhlw.go.jp/znk-web/juminkanja/S2430/initialize?prefCd=19&kikanCd=6192000282&kikanKbn=5", "url2": "http://www.nichiiko-yamanashi.co.jp/", "内容": "株式会社　日医調剤　勝沼薬局【5:薬局】山梨県甲州市勝沼町勝沼２９５９－２" }, "geometry": { "type": "Point", "coordinates": [ 138.721045, 35.664599 ] } },
{ "type": "Feature", "properties": { "ID": 1956192000283, "正式名称": "ウエルシア薬局石和店", "機関区分": 5, "都道府県コード": 19, "市区町村コード": 211, "所在地": "山梨県笛吹市石和町井戸７２", "緯度": 35.625851, "経度": 138.603057, "url": "https://www.iryou.teikyouseido.mhlw.go.jp/znk-web/juminkanja/S2430/initialize?prefCd=19&kikanCd=6192000283&kikanKbn=5", "url2": "https://www.welcia-yakkyoku.co.jp/", "内容": "ウエルシア薬局石和店【5:薬局】山梨県笛吹市石和町井戸７２" }, "geometry": { "type": "Point", "coordinates": [ 138.603057, 35.625851 ] } },
{ "type": "Feature", "properties": { "ID": 1956192000286, "正式名称": "（株）まきおか薬局", "機関区分": 5, "都道府県コード": 19, "市区町村コード": 205, "所在地": "山梨県山梨市牧丘町窪平２９２－１", "緯度": 35.740146, "経度": 138.714792, "url": "https://www.iryou.teikyouseido.mhlw.go.jp/znk-web/juminkanja/S2430/initialize?prefCd=19&kikanCd=6192000286&kikanKbn=5", "url2": null, "内容": "（株）まきおか薬局【5:薬局】山梨県山梨市牧丘町窪平２９２－１" }, "geometry": { "type": "Point", "coordinates": [ 138.714792, 35.740146 ] } },
{ "type": "Feature", "properties": { "ID": 1956192000287, "正式名称": "ウエルシア薬局マーケットタウン御坂店", "機関区分": 5, "都道府県コード": 19, "市区町村コード": 211, "所在地": "山梨県笛吹市御坂町夏目原１１１６", "緯度": 35.62988, "経度": 138.657163, "url": "https://www.iryou.teikyouseido.mhlw.go.jp/znk-web/juminkanja/S2430/initialize?prefCd=19&kikanCd=6192000287&kikanKbn=5", "url2": "https://stores.welcia.co.jp/8119D", "内容": "ウエルシア薬局マーケットタウン御坂店【5:薬局】山梨県笛吹市御坂町夏目原１１１６" }, "geometry": { "type": "Point", "coordinates": [ 138.657163, 35.62988 ] } },
{ "type": "Feature", "properties": { "ID": 1956192000288, "正式名称": "（株）みやび　みやび勝沼薬局", "機関区分": 5, "都道府県コード": 19, "市区町村コード": 213, "所在地": "山梨県甲州市勝沼町勝沼９４３－６", "緯度": 35.669793, "経度": 138.725989, "url": "https://www.iryou.teikyouseido.mhlw.go.jp/znk-web/juminkanja/S2430/initialize?prefCd=19&kikanCd=6192000288&kikanKbn=5", "url2": "http://www.myph.jp/miyabi/pc/", "内容": "（株）みやび　みやび勝沼薬局【5:薬局】山梨県甲州市勝沼町勝沼９４３－６" }, "geometry": { "type": "Point", "coordinates": [ 138.725989, 35.669793 ] } },
{ "type": "Feature", "properties": { "ID": 1956192000289, "正式名称": "（有）千秋舎セキテイ調剤薬局境川店", "機関区分": 5, "都道府県コード": 19, "市区町村コード": 211, "所在地": "山梨県笛吹市境川町石橋２１９３－１", "緯度": 35.601271, "経度": 138.619307, "url": "https://www.iryou.teikyouseido.mhlw.go.jp/znk-web/juminkanja/S2430/initialize?prefCd=19&kikanCd=6192000289&kikanKbn=5", "url2": null, "内容": "（有）千秋舎セキテイ調剤薬局境川店【5:薬局】山梨県笛吹市境川町石橋２１９３－１" }, "geometry": { "type": "Point", "coordinates": [ 138.619307, 35.601271 ] } },
{ "type": "Feature", "properties": { "ID": 1956192000290, "正式名称": "株式会社ウエノ　ウエノ石和薬局", "機関区分": 5, "都道府県コード": 19, "市区町村コード": 211, "所在地": "山梨県笛吹市石和町東高橋１３０", "緯度": 35.635378, "経度": 138.604695, "url": "https://www.iryou.teikyouseido.mhlw.go.jp/znk-web/juminkanja/S2430/initialize?prefCd=19&kikanCd=6192000290&kikanKbn=5", "url2": "http://www.ueno.vc", "内容": "株式会社ウエノ　ウエノ石和薬局【5:薬局】山梨県笛吹市石和町東高橋１３０" }, "geometry": { "type": "Point", "coordinates": [ 138.604695, 35.635378 ] } },
{ "type": "Feature", "properties": { "ID": 1956192000291, "正式名称": "四つ葉薬局勝沼店", "機関区分": 5, "都道府県コード": 19, "市区町村コード": 213, "所在地": "山梨県甲州市勝沼町休息１２５３－６", "緯度": 35.675153, "経度": 138.714184, "url": "https://www.iryou.teikyouseido.mhlw.go.jp/znk-web/juminkanja/S2430/initialize?prefCd=19&kikanCd=6192000291&kikanKbn=5", "url2": "http://www.arc-m.co.jp/", "内容": "四つ葉薬局勝沼店【5:薬局】山梨県甲州市勝沼町休息１２５３－６" }, "geometry": { "type": "Point", "coordinates": [ 138.714184, 35.675153 ] } },
{ "type": "Feature", "properties": { "ID": 1956192000292, "正式名称": "茜調剤薬局", "機関区分": 5, "都道府県コード": 19, "市区町村コード": 211, "所在地": "山梨県笛吹市石和町四日市場１７９２－１", "緯度": 35.644572, "経度": 138.625415, "url": "https://www.iryou.teikyouseido.mhlw.go.jp/znk-web/juminkanja/S2430/initialize?prefCd=19&kikanCd=6192000292&kikanKbn=5", "url2": null, "内容": "茜調剤薬局【5:薬局】山梨県笛吹市石和町四日市場１７９２－１" }, "geometry": { "type": "Point", "coordinates": [ 138.625415, 35.644572 ] } },
{ "type": "Feature", "properties": { "ID": 1956192000293, "正式名称": "ウエルシア薬局塩山市民病院前店", "機関区分": 5, "都道府県コード": 19, "市区町村コード": 213, "所在地": "山梨県甲州市塩山下於曽１４７０", "緯度": 35.696151, "経度": 138.721405, "url": "https://www.iryou.teikyouseido.mhlw.go.jp/znk-web/juminkanja/S2430/initialize?prefCd=19&kikanCd=6192000293&kikanKbn=5", "url2": "https://www.welcia-yakkyoku.co.jp/", "内容": "ウエルシア薬局塩山市民病院前店【5:薬局】山梨県甲州市塩山下於曽１４７０" }, "geometry": { "type": "Point", "coordinates": [ 138.721405, 35.696151 ] } },
{ "type": "Feature", "properties": { "ID": 1956192000294, "正式名称": "志村衛生堂薬局", "機関区分": 5, "都道府県コード": 19, "市区町村コード": 368, "所在地": "山梨県南巨摩郡富士川町鰍沢１８０１", "緯度": 35.546496, "経度": 138.459822, "url": "https://www.iryou.teikyouseido.mhlw.go.jp/znk-web/juminkanja/S2430/initialize?prefCd=19&kikanCd=6192000294&kikanKbn=5", "url2": null, "内容": "志村衛生堂薬局【5:薬局】山梨県南巨摩郡富士川町鰍沢１８０１" }, "geometry": { "type": "Point", "coordinates": [ 138.459822, 35.546496 ] } },
{ "type": "Feature", "properties": { "ID": 1956192000295, "正式名称": "合同会社　唐木屋薬局", "機関区分": 5, "都道府県コード": 19, "市区町村コード": 346, "所在地": "山梨県西八代郡市川三郷町市川大門１２２３", "緯度": 35.562551, "経度": 138.503012, "url": "https://www.iryou.teikyouseido.mhlw.go.jp/znk-web/juminkanja/S2430/initialize?prefCd=19&kikanCd=6192000295&kikanKbn=5", "url2": null, "内容": "合同会社　唐木屋薬局【5:薬局】山梨県西八代郡市川三郷町市川大門１２２３" }, "geometry": { "type": "Point", "coordinates": [ 138.503012, 35.562551 ] } },
{ "type": "Feature", "properties": { "ID": 1956192000300, "正式名称": "井上薬局", "機関区分": 5, "都道府県コード": 19, "市区町村コード": 368, "所在地": "山梨県南巨摩郡富士川町鰍沢１５９４", "緯度": 35.546468, "経度": 138.459627, "url": "https://www.iryou.teikyouseido.mhlw.go.jp/znk-web/juminkanja/S2430/initialize?prefCd=19&kikanCd=6192000300&kikanKbn=5", "url2": "http://www4.ocn.ne.jp/~inoue-y/", "内容": "井上薬局【5:薬局】山梨県南巨摩郡富士川町鰍沢１５９４" }, "geometry": { "type": "Point", "coordinates": [ 138.459627, 35.546468 ] } },
{ "type": "Feature", "properties": { "ID": 1956192000301, "正式名称": "下部薬局", "機関区分": 5, "都道府県コード": 19, "市区町村コード": 365, "所在地": "山梨県南巨摩郡身延町常葉８１４－１", "緯度": 35.445087, "経度": 138.477738, "url": "https://www.iryou.teikyouseido.mhlw.go.jp/znk-web/juminkanja/S2430/initialize?prefCd=19&kikanCd=6192000301&kikanKbn=5", "url2": null, "内容": "下部薬局【5:薬局】山梨県南巨摩郡身延町常葉８１４－１" }, "geometry": { "type": "Point", "coordinates": [ 138.477738, 35.445087 ] } },
{ "type": "Feature", "properties": { "ID": 1956192000303, "正式名称": "クオン薬局", "機関区分": 5, "都道府県コード": 19, "市区町村コード": 365, "所在地": "山梨県南巨摩郡身延町身延３７１８", "緯度": 35.376958, "経度": 138.424833, "url": "https://www.iryou.teikyouseido.mhlw.go.jp/znk-web/juminkanja/S2430/initialize?prefCd=19&kikanCd=6192000303&kikanKbn=5", "url2": null, "内容": "クオン薬局【5:薬局】山梨県南巨摩郡身延町身延３７１８" }, "geometry": { "type": "Point", "coordinates": [ 138.424833, 35.376958 ] } },
{ "type": "Feature", "properties": { "ID": 1956192000304, "正式名称": "くすりの花屋", "機関区分": 5, "都道府県コード": 19, "市区町村コード": 364, "所在地": "山梨県南巨摩郡早川町高住６１３", "緯度": 35.408621, "経度": 138.367336, "url": "https://www.iryou.teikyouseido.mhlw.go.jp/znk-web/juminkanja/S2430/initialize?prefCd=19&kikanCd=6192000304&kikanKbn=5", "url2": null, "内容": "くすりの花屋【5:薬局】山梨県南巨摩郡早川町高住６１３" }, "geometry": { "type": "Point", "coordinates": [ 138.367336, 35.408621 ] } },
{ "type": "Feature", "properties": { "ID": 1956192000306, "正式名称": "みのぶ調剤薬局", "機関区分": 5, "都道府県コード": 19, "市区町村コード": 365, "所在地": "山梨県南巨摩郡身延町梅平２４８３－１１８", "緯度": 35.370515, "経度": 138.443721, "url": "https://www.iryou.teikyouseido.mhlw.go.jp/znk-web/juminkanja/S2430/initialize?prefCd=19&kikanCd=6192000306&kikanKbn=5", "url2": null, "内容": "みのぶ調剤薬局【5:薬局】山梨県南巨摩郡身延町梅平２４８３－１１８" }, "geometry": { "type": "Point", "coordinates": [ 138.443721, 35.370515 ] } },
{ "type": "Feature", "properties": { "ID": 1956192000312, "正式名称": "株式会社　日医調剤　市川大門薬局", "機関区分": 5, "都道府県コード": 19, "市区町村コード": 346, "所在地": "山梨県西八代郡市川三郷町市川大門４４３－３", "緯度": 35.559718, "経度": 138.491346, "url": "https://www.iryou.teikyouseido.mhlw.go.jp/znk-web/juminkanja/S2430/initialize?prefCd=19&kikanCd=6192000312&kikanKbn=5", "url2": "http://www.nichiiko-yamanashi.co.jp/", "内容": "株式会社　日医調剤　市川大門薬局【5:薬局】山梨県西八代郡市川三郷町市川大門４４３－３" }, "geometry": { "type": "Point", "coordinates": [ 138.491346, 35.559718 ] } },
{ "type": "Feature", "properties": { "ID": 1956192000313, "正式名称": "回生堂薬局", "機関区分": 5, "都道府県コード": 19, "市区町村コード": 365, "所在地": "山梨県南巨摩郡身延町角打３０６３", "緯度": 35.363932, "経度": 138.452553, "url": "https://www.iryou.teikyouseido.mhlw.go.jp/znk-web/juminkanja/S2430/initialize?prefCd=19&kikanCd=6192000313&kikanKbn=5", "url2": null, "内容": "回生堂薬局【5:薬局】山梨県南巨摩郡身延町角打３０６３" }, "geometry": { "type": "Point", "coordinates": [ 138.452553, 35.363932 ] } },
{ "type": "Feature", "properties": { "ID": 1956192000314, "正式名称": "六郷調剤薬局", "機関区分": 5, "都道府県コード": 19, "市区町村コード": 346, "所在地": "山梨県西八代郡市川三郷町岩間２２２６－１", "緯度": 35.491002, "経度": 138.459964, "url": "https://www.iryou.teikyouseido.mhlw.go.jp/znk-web/juminkanja/S2430/initialize?prefCd=19&kikanCd=6192000314&kikanKbn=5", "url2": null, "内容": "六郷調剤薬局【5:薬局】山梨県西八代郡市川三郷町岩間２２２６－１" }, "geometry": { "type": "Point", "coordinates": [ 138.459964, 35.491002 ] } },
{ "type": "Feature", "properties": { "ID": 1956192000316, "正式名称": "クボタ薬局", "機関区分": 5, "都道府県コード": 19, "市区町村コード": 204, "所在地": "山梨県都留市上谷６－９－２７", "緯度": 35.54417, "経度": 138.903536, "url": "https://www.iryou.teikyouseido.mhlw.go.jp/znk-web/juminkanja/S2430/initialize?prefCd=19&kikanCd=6192000316&kikanKbn=5", "url2": "https://kubotayakkyoku-tsurushi.amebawnd.com", "内容": "クボタ薬局【5:薬局】山梨県都留市上谷６－９－２７" }, "geometry": { "type": "Point", "coordinates": [ 138.903536, 35.54417 ] } },
{ "type": "Feature", "properties": { "ID": 1956192000317, "正式名称": "流石薬局", "機関区分": 5, "都道府県コード": 19, "市区町村コード": 430, "所在地": "山梨県南都留郡富士河口湖町大石１５０１", "緯度": 35.522782, "経度": 138.742855, "url": "https://www.iryou.teikyouseido.mhlw.go.jp/znk-web/juminkanja/S2430/initialize?prefCd=19&kikanCd=6192000317&kikanKbn=5", "url2": null, "内容": "流石薬局【5:薬局】山梨県南都留郡富士河口湖町大石１５０１" }, "geometry": { "type": "Point", "coordinates": [ 138.742855, 35.522782 ] } },
{ "type": "Feature", "properties": { "ID": 1956192000321, "正式名称": "古沢薬局", "機関区分": 5, "都道府県コード": 19, "市区町村コード": 206, "所在地": "山梨県大月市大月１－６－１１", "緯度": 35.611442, "経度": 138.94114, "url": "https://www.iryou.teikyouseido.mhlw.go.jp/znk-web/juminkanja/S2430/initialize?prefCd=19&kikanCd=6192000321&kikanKbn=5", "url2": null, "内容": "古沢薬局【5:薬局】山梨県大月市大月１－６－１１" }, "geometry": { "type": "Point", "coordinates": [ 138.94114, 35.611442 ] } },
{ "type": "Feature", "properties": { "ID": 1956192000323, "正式名称": "マルイ古屋薬局", "機関区分": 5, "都道府県コード": 19, "市区町村コード": 430, "所在地": "山梨県南都留郡富士河口湖町小立１８４０", "緯度": 35.506728, "経度": 138.750744, "url": "https://www.iryou.teikyouseido.mhlw.go.jp/znk-web/juminkanja/S2430/initialize?prefCd=19&kikanCd=6192000323&kikanKbn=5", "url2": null, "内容": "マルイ古屋薬局【5:薬局】山梨県南都留郡富士河口湖町小立１８４０" }, "geometry": { "type": "Point", "coordinates": [ 138.750744, 35.506728 ] } },
{ "type": "Feature", "properties": { "ID": 1956192000325, "正式名称": "壁谷薬局", "機関区分": 5, "都道府県コード": 19, "市区町村コード": 202, "所在地": "山梨県富士吉田市上吉田２－１－１６", "緯度": 35.483314, "経度": 138.79788, "url": "https://www.iryou.teikyouseido.mhlw.go.jp/znk-web/juminkanja/S2430/initialize?prefCd=19&kikanCd=6192000325&kikanKbn=5", "url2": null, "内容": "壁谷薬局【5:薬局】山梨県富士吉田市上吉田２－１－１６" }, "geometry": { "type": "Point", "coordinates": [ 138.79788, 35.483314 ] } },
{ "type": "Feature", "properties": { "ID": 1956192000326, "正式名称": "ハヤカワ薬局", "機関区分": 5, "都道府県コード": 19, "市区町村コード": 204, "所在地": "山梨県都留市中央１－３－１８", "緯度": 35.554058, "経度": 138.908451, "url": "https://www.iryou.teikyouseido.mhlw.go.jp/znk-web/juminkanja/S2430/initialize?prefCd=19&kikanCd=6192000326&kikanKbn=5", "url2": null, "内容": "ハヤカワ薬局【5:薬局】山梨県都留市中央１－３－１８" }, "geometry": { "type": "Point", "coordinates": [ 138.908451, 35.554058 ] } },
{ "type": "Feature", "properties": { "ID": 1956192000330, "正式名称": "小俣薬局", "機関区分": 5, "都道府県コード": 19, "市区町村コード": 206, "所在地": "山梨県大月市御太刀１－３－５", "緯度": 35.612559, "経度": 138.944117, "url": "https://www.iryou.teikyouseido.mhlw.go.jp/znk-web/juminkanja/S2430/initialize?prefCd=19&kikanCd=6192000330&kikanKbn=5", "url2": null, "内容": "小俣薬局【5:薬局】山梨県大月市御太刀１－３－５" }, "geometry": { "type": "Point", "coordinates": [ 138.944117, 35.612559 ] } },
{ "type": "Feature", "properties": { "ID": 1956192000331, "正式名称": "有限会社　中村薬局", "機関区分": 5, "都道府県コード": 19, "市区町村コード": 204, "所在地": "山梨県都留市中央１－５－１２", "緯度": 35.555225, "経度": 138.909451, "url": "https://www.iryou.teikyouseido.mhlw.go.jp/znk-web/juminkanja/S2430/initialize?prefCd=19&kikanCd=6192000331&kikanKbn=5", "url2": "http://nakamurapharmacy.co.jp/", "内容": "有限会社　中村薬局【5:薬局】山梨県都留市中央１－５－１２" }, "geometry": { "type": "Point", "coordinates": [ 138.909451, 35.555225 ] } },
{ "type": "Feature", "properties": { "ID": 1956192000333, "正式名称": "アイン薬局　富士吉田店", "機関区分": 5, "都道府県コード": 19, "市区町村コード": 202, "所在地": "山梨県富士吉田市上吉田東七丁目１２番１号", "緯度": 35.464539, "経度": 138.805324, "url": "https://www.iryou.teikyouseido.mhlw.go.jp/znk-web/juminkanja/S2430/initialize?prefCd=19&kikanCd=6192000333&kikanKbn=5", "url2": "http://www.ainj.co.jp/", "内容": "アイン薬局　富士吉田店【5:薬局】山梨県富士吉田市上吉田東七丁目１２番１号" }, "geometry": { "type": "Point", "coordinates": [ 138.805324, 35.464539 ] } },
{ "type": "Feature", "properties": { "ID": 1956192000336, "正式名称": "ウエルシア薬局都留店", "機関区分": 5, "都道府県コード": 19, "市区町村コード": 204, "所在地": "山梨県都留市上谷６－１３－１", "緯度": 35.542394, "経度": 138.900813, "url": "https://www.iryou.teikyouseido.mhlw.go.jp/znk-web/juminkanja/S2430/initialize?prefCd=19&kikanCd=6192000336&kikanKbn=5", "url2": "https://store.welcia.co.jp/welcia/spot/detail?code=8116D", "内容": "ウエルシア薬局都留店【5:薬局】山梨県都留市上谷６－１３－１" }, "geometry": { "type": "Point", "coordinates": [ 138.900813, 35.542394 ] } },
{ "type": "Feature", "properties": { "ID": 1956192000337, "正式名称": "ふたば薬局", "機関区分": 5, "都道府県コード": 19, "市区町村コード": 202, "所在地": "山梨県富士吉田市上吉田東７－１０－１４", "緯度": 35.474038, "経度": 138.802019, "url": "https://www.iryou.teikyouseido.mhlw.go.jp/znk-web/juminkanja/S2430/initialize?prefCd=19&kikanCd=6192000337&kikanKbn=5", "url2": "http://finepharmacy.wixsite.com/finepharmacy", "内容": "ふたば薬局【5:薬局】山梨県富士吉田市上吉田東７－１０－１４" }, "geometry": { "type": "Point", "coordinates": [ 138.802019, 35.474038 ] } },
{ "type": "Feature", "properties": { "ID": 1956192000338, "正式名称": "広明堂薬局", "機関区分": 5, "都道府県コード": 19, "市区町村コード": 206, "所在地": "山梨県大月市大月１－１１－２３", "緯度": 35.612081, "経度": 138.943223, "url": "https://www.iryou.teikyouseido.mhlw.go.jp/znk-web/juminkanja/S2430/initialize?prefCd=19&kikanCd=6192000338&kikanKbn=5", "url2": "https://www.koumeido.jp/", "内容": "広明堂薬局【5:薬局】山梨県大月市大月１－１１－２３" }, "geometry": { "type": "Point", "coordinates": [ 138.943223, 35.612081 ] } },
{ "type": "Feature", "properties": { "ID": 1956192000339, "正式名称": "クスリのサンロード薬局　忍野店", "機関区分": 5, "都道府県コード": 19, "市区町村コード": 424, "所在地": "山梨県南都留郡忍野村忍草１４００－３５", "緯度": 35.459762, "経度": 138.843071, "url": "https://www.iryou.teikyouseido.mhlw.go.jp/znk-web/juminkanja/S2430/initialize?prefCd=19&kikanCd=6192000339&kikanKbn=5", "url2": "https://www.kusurinosunroad.com/", "内容": "クスリのサンロード薬局　忍野店【5:薬局】山梨県南都留郡忍野村忍草１４００－３５" }, "geometry": { "type": "Point", "coordinates": [ 138.843071, 35.459762 ] } },
{ "type": "Feature", "properties": { "ID": 1956192000344, "正式名称": "有限会社　赤池薬局", "機関区分": 5, "都道府県コード": 19, "市区町村コード": 430, "所在地": "山梨県南都留郡富士河口湖町船津３８４４", "緯度": 35.501423, "経度": 138.76691, "url": "https://www.iryou.teikyouseido.mhlw.go.jp/znk-web/juminkanja/S2430/initialize?prefCd=19&kikanCd=6192000344&kikanKbn=5", "url2": null, "内容": "有限会社　赤池薬局【5:薬局】山梨県南都留郡富士河口湖町船津３８４４" }, "geometry": { "type": "Point", "coordinates": [ 138.76691, 35.501423 ] } },
{ "type": "Feature", "properties": { "ID": 1956192000345, "正式名称": "大森薬局", "機関区分": 5, "都道府県コード": 19, "市区町村コード": 424, "所在地": "山梨県南都留郡忍野村忍草２９７４－１", "緯度": 35.458623, "経度": 138.82699, "url": "https://www.iryou.teikyouseido.mhlw.go.jp/znk-web/juminkanja/S2430/initialize?prefCd=19&kikanCd=6192000345&kikanKbn=5", "url2": null, "内容": "大森薬局【5:薬局】山梨県南都留郡忍野村忍草２９７４－１" }, "geometry": { "type": "Point", "coordinates": [ 138.82699, 35.458623 ] } },
{ "type": "Feature", "properties": { "ID": 1956192000348, "正式名称": "有限会社クレチ薬局", "機関区分": 5, "都道府県コード": 19, "市区町村コード": 202, "所在地": "山梨県富士吉田市上暮地１－１７－２１", "緯度": 35.508317, "経度": 138.825646, "url": "https://www.iryou.teikyouseido.mhlw.go.jp/znk-web/juminkanja/S2430/initialize?prefCd=19&kikanCd=6192000348&kikanKbn=5", "url2": null, "内容": "有限会社クレチ薬局【5:薬局】山梨県富士吉田市上暮地１－１７－２１" }, "geometry": { "type": "Point", "coordinates": [ 138.825646, 35.508317 ] } },
{ "type": "Feature", "properties": { "ID": 1956192000350, "正式名称": "守山薬局", "機関区分": 5, "都道府県コード": 19, "市区町村コード": 202, "所在地": "山梨県富士吉田市大明見六丁目１７番１号", "緯度": 35.489675, "経度": 138.816961, "url": "https://www.iryou.teikyouseido.mhlw.go.jp/znk-web/juminkanja/S2430/initialize?prefCd=19&kikanCd=6192000350&kikanKbn=5", "url2": null, "内容": "守山薬局【5:薬局】山梨県富士吉田市大明見六丁目１７番１号" }, "geometry": { "type": "Point", "coordinates": [ 138.816961, 35.489675 ] } },
{ "type": "Feature", "properties": { "ID": 1956192000352, "正式名称": "有限会社　宮本屋薬局", "機関区分": 5, "都道府県コード": 19, "市区町村コード": 202, "所在地": "山梨県富士吉田市竜ケ丘１－５－２０", "緯度": 35.491619, "経度": 138.793824, "url": "https://www.iryou.teikyouseido.mhlw.go.jp/znk-web/juminkanja/S2430/initialize?prefCd=19&kikanCd=6192000352&kikanKbn=5", "url2": null, "内容": "有限会社　宮本屋薬局【5:薬局】山梨県富士吉田市竜ケ丘１－５－２０" }, "geometry": { "type": "Point", "coordinates": [ 138.793824, 35.491619 ] } },
{ "type": "Feature", "properties": { "ID": 1956192000353, "正式名称": "㈱住吉薬局", "機関区分": 5, "都道府県コード": 19, "市区町村コード": 202, "所在地": "山梨県富士吉田市下吉田３－６－４１", "緯度": 35.492341, "経度": 138.80349, "url": "https://www.iryou.teikyouseido.mhlw.go.jp/znk-web/juminkanja/S2430/initialize?prefCd=19&kikanCd=6192000353&kikanKbn=5", "url2": null, "内容": "㈱住吉薬局【5:薬局】山梨県富士吉田市下吉田３－６－４１" }, "geometry": { "type": "Point", "coordinates": [ 138.80349, 35.492341 ] } },
{ "type": "Feature", "properties": { "ID": 1956192000354, "正式名称": "厚生堂薬局", "機関区分": 5, "都道府県コード": 19, "市区町村コード": 430, "所在地": "山梨県南都留郡富士河口湖町小立２１０７", "緯度": 35.506672, "経度": 138.746966, "url": "https://www.iryou.teikyouseido.mhlw.go.jp/znk-web/juminkanja/S2430/initialize?prefCd=19&kikanCd=6192000354&kikanKbn=5", "url2": "https://r.goope.jp/kouseido/", "内容": "厚生堂薬局【5:薬局】山梨県南都留郡富士河口湖町小立２１０７" }, "geometry": { "type": "Point", "coordinates": [ 138.746966, 35.506672 ] } },
{ "type": "Feature", "properties": { "ID": 1956192000357, "正式名称": "ふなつ薬局", "機関区分": 5, "都道府県コード": 19, "市区町村コード": 430, "所在地": "山梨県南都留郡富士河口湖町船津７４６３－１", "緯度": 35.486008, "経度": 138.762744, "url": "https://www.iryou.teikyouseido.mhlw.go.jp/znk-web/juminkanja/S2430/initialize?prefCd=19&kikanCd=6192000357&kikanKbn=5", "url2": "http://www.prime-ph.co.jp/", "内容": "ふなつ薬局【5:薬局】山梨県南都留郡富士河口湖町船津７４６３－１" }, "geometry": { "type": "Point", "coordinates": [ 138.762744, 35.486008 ] } },
{ "type": "Feature", "properties": { "ID": 1956192000358, "正式名称": "池谷薬局", "機関区分": 5, "都道府県コード": 19, "市区町村コード": 202, "所在地": "山梨県富士吉田市下吉田５－１１－３", "緯度": 35.487453, "経度": 138.802186, "url": "https://www.iryou.teikyouseido.mhlw.go.jp/znk-web/juminkanja/S2430/initialize?prefCd=19&kikanCd=6192000358&kikanKbn=5", "url2": null, "内容": "池谷薬局【5:薬局】山梨県富士吉田市下吉田５－１１－３" }, "geometry": { "type": "Point", "coordinates": [ 138.802186, 35.487453 ] } },
{ "type": "Feature", "properties": { "ID": 1956192000360, "正式名称": "株式会社渡辺薬局", "機関区分": 5, "都道府県コード": 19, "市区町村コード": 202, "所在地": "山梨県富士吉田市下吉田３－１２－１６", "緯度": 35.49223, "経度": 138.80349, "url": "https://www.iryou.teikyouseido.mhlw.go.jp/znk-web/juminkanja/S2430/initialize?prefCd=19&kikanCd=6192000360&kikanKbn=5", "url2": null, "内容": "株式会社渡辺薬局【5:薬局】山梨県富士吉田市下吉田３－１２－１６" }, "geometry": { "type": "Point", "coordinates": [ 138.80349, 35.49223 ] } },
{ "type": "Feature", "properties": { "ID": 1956192000361, "正式名称": "アイセイ薬局　下吉田店", "機関区分": 5, "都道府県コード": 19, "市区町村コード": 202, "所在地": "山梨県富士吉田市下吉田４丁目１７－３", "緯度": 35.490424, "経度": 138.800658, "url": "https://www.iryou.teikyouseido.mhlw.go.jp/znk-web/juminkanja/S2430/initialize?prefCd=19&kikanCd=6192000361&kikanKbn=5", "url2": "https://store.aisei.co.jp/detail/0778", "内容": "アイセイ薬局　下吉田店【5:薬局】山梨県富士吉田市下吉田４丁目１７－３" }, "geometry": { "type": "Point", "coordinates": [ 138.800658, 35.490424 ] } },
{ "type": "Feature", "properties": { "ID": 1956192000362, "正式名称": "有限会社ファーマスタジオ　勝山薬局", "機関区分": 5, "都道府県コード": 19, "市区町村コード": 430, "所在地": "山梨県南都留郡富士河口湖町勝山４５７５－１１", "緯度": 35.49734, "経度": 138.73994, "url": "https://www.iryou.teikyouseido.mhlw.go.jp/znk-web/juminkanja/S2430/initialize?prefCd=19&kikanCd=6192000362&kikanKbn=5", "url2": null, "内容": "有限会社ファーマスタジオ　勝山薬局【5:薬局】山梨県南都留郡富士河口湖町勝山４５７５－１１" }, "geometry": { "type": "Point", "coordinates": [ 138.73994, 35.49734 ] } },
{ "type": "Feature", "properties": { "ID": 1956192000363, "正式名称": "みさき薬局西桂", "機関区分": 5, "都道府県コード": 19, "市区町村コード": 423, "所在地": "山梨県南都留郡西桂町下暮地２０１－１", "緯度": 35.529338, "経度": 138.852512, "url": "https://www.iryou.teikyouseido.mhlw.go.jp/znk-web/juminkanja/S2430/initialize?prefCd=19&kikanCd=6192000363&kikanKbn=5", "url2": "http://www.dyna-misaki.co.jp/", "内容": "みさき薬局西桂【5:薬局】山梨県南都留郡西桂町下暮地２０１－１" }, "geometry": { "type": "Point", "coordinates": [ 138.852512, 35.529338 ] } },
{ "type": "Feature", "properties": { "ID": 1956192000364, "正式名称": "ヤマグチ薬局　上吉田店", "機関区分": 5, "都道府県コード": 19, "市区町村コード": 202, "所在地": "山梨県富士吉田市上吉田７－１２－１３", "緯度": 35.476149, "経度": 138.79277, "url": "https://www.iryou.teikyouseido.mhlw.go.jp/znk-web/juminkanja/S2430/initialize?prefCd=19&kikanCd=6192000364&kikanKbn=5", "url2": "http://www.yamaguchi-pha.jp/", "内容": "ヤマグチ薬局　上吉田店【5:薬局】山梨県富士吉田市上吉田７－１２－１３" }, "geometry": { "type": "Point", "coordinates": [ 138.79277, 35.476149 ] } },
{ "type": "Feature", "properties": { "ID": 1956192000365, "正式名称": "よつば薬局　下吉田店", "機関区分": 5, "都道府県コード": 19, "市区町村コード": 202, "所在地": "山梨県富士吉田市下吉田１丁目３－２０", "緯度": 35.490813, "経度": 138.803823, "url": "https://www.iryou.teikyouseido.mhlw.go.jp/znk-web/juminkanja/S2430/initialize?prefCd=19&kikanCd=6192000365&kikanKbn=5", "url2": "http://www.arc-m.co.jp/", "内容": "よつば薬局　下吉田店【5:薬局】山梨県富士吉田市下吉田１丁目３－２０" }, "geometry": { "type": "Point", "coordinates": [ 138.803823, 35.490813 ] } },
{ "type": "Feature", "properties": { "ID": 1956192000367, "正式名称": "あんず薬局", "機関区分": 5, "都道府県コード": 19, "市区町村コード": 202, "所在地": "山梨県富士吉田市旭５－１－３７－１", "緯度": 35.494071, "経度": 138.78769, "url": "https://www.iryou.teikyouseido.mhlw.go.jp/znk-web/juminkanja/S2430/initialize?prefCd=19&kikanCd=6192000367&kikanKbn=5", "url2": "http://finepharmacy.wixsite.com/finepharmacy/tenpo", "内容": "あんず薬局【5:薬局】山梨県富士吉田市旭５－１－３７－１" }, "geometry": { "type": "Point", "coordinates": [ 138.78769, 35.494071 ] } },
{ "type": "Feature", "properties": { "ID": 1956192000369, "正式名称": "クスリのサンロード薬局河口湖店", "機関区分": 5, "都道府県コード": 19, "市区町村コード": 430, "所在地": "山梨県南都留郡富士河口湖町船津６４４", "緯度": 35.501589, "経度": 138.759104, "url": "https://www.iryou.teikyouseido.mhlw.go.jp/znk-web/juminkanja/S2430/initialize?prefCd=19&kikanCd=6192000369&kikanKbn=5", "url2": null, "内容": "クスリのサンロード薬局河口湖店【5:薬局】山梨県南都留郡富士河口湖町船津６４４" }, "geometry": { "type": "Point", "coordinates": [ 138.759104, 35.501589 ] } },
{ "type": "Feature", "properties": { "ID": 1956192000374, "正式名称": "杉本薬局", "機関区分": 5, "都道府県コード": 19, "市区町村コード": 204, "所在地": "山梨県都留市上谷４－８－９", "緯度": 35.546282, "経度": 138.902091, "url": "https://www.iryou.teikyouseido.mhlw.go.jp/znk-web/juminkanja/S2430/initialize?prefCd=19&kikanCd=6192000374&kikanKbn=5", "url2": null, "内容": "杉本薬局【5:薬局】山梨県都留市上谷４－８－９" }, "geometry": { "type": "Point", "coordinates": [ 138.902091, 35.546282 ] } },
{ "type": "Feature", "properties": { "ID": 1956192000375, "正式名称": "大和屋薬局", "機関区分": 5, "都道府県コード": 19, "市区町村コード": 212, "所在地": "山梨県上野原市上野原２０８５", "緯度": 35.628854, "経度": 139.111438, "url": "https://www.iryou.teikyouseido.mhlw.go.jp/znk-web/juminkanja/S2430/initialize?prefCd=19&kikanCd=6192000375&kikanKbn=5", "url2": null, "内容": "大和屋薬局【5:薬局】山梨県上野原市上野原２０８５" }, "geometry": { "type": "Point", "coordinates": [ 139.111438, 35.628854 ] } },
{ "type": "Feature", "properties": { "ID": 1956192000377, "正式名称": "東京薬局", "機関区分": 5, "都道府県コード": 19, "市区町村コード": 206, "所在地": "山梨県大月市富浜町鳥沢２７３２", "緯度": 35.609277, "経度": 139.006718, "url": "https://www.iryou.teikyouseido.mhlw.go.jp/znk-web/juminkanja/S2430/initialize?prefCd=19&kikanCd=6192000377&kikanKbn=5", "url2": null, "内容": "東京薬局【5:薬局】山梨県大月市富浜町鳥沢２７３２" }, "geometry": { "type": "Point", "coordinates": [ 139.006718, 35.609277 ] } },
{ "type": "Feature", "properties": { "ID": 1956192000378, "正式名称": "安留薬局", "機関区分": 5, "都道府県コード": 19, "市区町村コード": 206, "所在地": "山梨県大月市大月２－１２－３４", "緯度": 35.61022, "経度": 138.939391, "url": "https://www.iryou.teikyouseido.mhlw.go.jp/znk-web/juminkanja/S2430/initialize?prefCd=19&kikanCd=6192000378&kikanKbn=5", "url2": null, "内容": "安留薬局【5:薬局】山梨県大月市大月２－１２－３４" }, "geometry": { "type": "Point", "coordinates": [ 138.939391, 35.61022 ] } },
{ "type": "Feature", "properties": { "ID": 1956192000382, "正式名称": "大月市薬剤師会会営大月調剤薬局", "機関区分": 5, "都道府県コード": 19, "市区町村コード": 206, "所在地": "山梨県大月市大月町花咲１２６４－４", "緯度": 35.607609, "経度": 138.937169, "url": "https://www.iryou.teikyouseido.mhlw.go.jp/znk-web/juminkanja/S2430/initialize?prefCd=19&kikanCd=6192000382&kikanKbn=5", "url2": null, "内容": "大月市薬剤師会会営大月調剤薬局【5:薬局】山梨県大月市大月町花咲１２６４－４" }, "geometry": { "type": "Point", "coordinates": [ 138.937169, 35.607609 ] } },
{ "type": "Feature", "properties": { "ID": 1956192000385, "正式名称": "都留調剤薬局", "機関区分": 5, "都道府県コード": 19, "市区町村コード": 204, "所在地": "山梨県都留市つる５－３－５", "緯度": 35.562197, "経度": 138.904007, "url": "https://www.iryou.teikyouseido.mhlw.go.jp/znk-web/juminkanja/S2430/initialize?prefCd=19&kikanCd=6192000385&kikanKbn=5", "url2": null, "内容": "都留調剤薬局【5:薬局】山梨県都留市つる５－３－５" }, "geometry": { "type": "Point", "coordinates": [ 138.904007, 35.562197 ] } },
{ "type": "Feature", "properties": { "ID": 1956192000386, "正式名称": "中央調剤薬局", "機関区分": 5, "都道府県コード": 19, "市区町村コード": 206, "所在地": "山梨県大月市大月町花咲１２６４－３", "緯度": 35.607553, "経度": 138.937252, "url": "https://www.iryou.teikyouseido.mhlw.go.jp/znk-web/juminkanja/S2430/initialize?prefCd=19&kikanCd=6192000386&kikanKbn=5", "url2": null, "内容": "中央調剤薬局【5:薬局】山梨県大月市大月町花咲１２６４－３" }, "geometry": { "type": "Point", "coordinates": [ 138.937252, 35.607553 ] } },
{ "type": "Feature", "properties": { "ID": 1956192000389, "正式名称": "秋山薬局", "機関区分": 5, "都道府県コード": 19, "市区町村コード": 206, "所在地": "山梨県大月市富浜町鳥沢１９５５", "緯度": 35.609027, "経度": 139.003718, "url": "https://www.iryou.teikyouseido.mhlw.go.jp/znk-web/juminkanja/S2430/initialize?prefCd=19&kikanCd=6192000389&kikanKbn=5", "url2": null, "内容": "秋山薬局【5:薬局】山梨県大月市富浜町鳥沢１９５５" }, "geometry": { "type": "Point", "coordinates": [ 139.003718, 35.609027 ] } },
{ "type": "Feature", "properties": { "ID": 1956192000394, "正式名称": "あんず薬局", "機関区分": 5, "都道府県コード": 19, "市区町村コード": 204, "所在地": "山梨県都留市十日市場９３１", "緯度": 35.538033, "経度": 138.880177, "url": "https://www.iryou.teikyouseido.mhlw.go.jp/znk-web/juminkanja/S2430/initialize?prefCd=19&kikanCd=6192000394&kikanKbn=5", "url2": "finepharmacy.wixsite.com", "内容": "あんず薬局【5:薬局】山梨県都留市十日市場９３１" }, "geometry": { "type": "Point", "coordinates": [ 138.880177, 35.538033 ] } },
{ "type": "Feature", "properties": { "ID": 1956192000396, "正式名称": "あすなろ大月薬局", "機関区分": 5, "都道府県コード": 19, "市区町村コード": 206, "所在地": "山梨県大月市猿橋町殿上５８７－５", "緯度": 35.611914, "経度": 138.967916, "url": "https://www.iryou.teikyouseido.mhlw.go.jp/znk-web/juminkanja/S2430/initialize?prefCd=19&kikanCd=6192000396&kikanKbn=5", "url2": "https://ymp-asunaro.or.jp/", "内容": "あすなろ大月薬局【5:薬局】山梨県大月市猿橋町殿上５８７－５" }, "geometry": { "type": "Point", "coordinates": [ 138.967916, 35.611914 ] } },
{ "type": "Feature", "properties": { "ID": 1956192000401, "正式名称": "スマイル調剤薬局", "機関区分": 5, "都道府県コード": 19, "市区町村コード": 201, "所在地": "山梨県甲府市国母７－５－３３", "緯度": 35.637293, "経度": 138.547977, "url": "https://www.iryou.teikyouseido.mhlw.go.jp/znk-web/juminkanja/S2430/initialize?prefCd=19&kikanCd=6192000401&kikanKbn=5", "url2": null, "内容": "スマイル調剤薬局【5:薬局】山梨県甲府市国母７－５－３３" }, "geometry": { "type": "Point", "coordinates": [ 138.547977, 35.637293 ] } },
{ "type": "Feature", "properties": { "ID": 1956192000402, "正式名称": "ヤマグチ薬局甲府店", "機関区分": 5, "都道府県コード": 19, "市区町村コード": 201, "所在地": "山梨県甲府市徳行１－７－３５　リラ・コート１Ｆ", "緯度": 35.654486, "経度": 138.543004, "url": "https://www.iryou.teikyouseido.mhlw.go.jp/znk-web/juminkanja/S2430/initialize?prefCd=19&kikanCd=6192000402&kikanKbn=5", "url2": "http://www.yamaguchi-pha.jp/", "内容": "ヤマグチ薬局甲府店【5:薬局】山梨県甲府市徳行１－７－３５　リラ・コート１Ｆ" }, "geometry": { "type": "Point", "coordinates": [ 138.543004, 35.654486 ] } },
{ "type": "Feature", "properties": { "ID": 1956192000404, "正式名称": "ウエルシア薬局上野原店", "機関区分": 5, "都道府県コード": 19, "市区町村コード": 212, "所在地": "山梨県上野原市上野原４１１４", "緯度": 35.634053, "経度": 139.108791, "url": "https://www.iryou.teikyouseido.mhlw.go.jp/znk-web/juminkanja/S2430/initialize?prefCd=19&kikanCd=6192000404&kikanKbn=5", "url2": "http://as.chizumaru.com/welcia/detailMap?account=welcia&accmd=3&bid=8121", "内容": "ウエルシア薬局上野原店【5:薬局】山梨県上野原市上野原４１１４" }, "geometry": { "type": "Point", "coordinates": [ 139.108791, 35.634053 ] } },
{ "type": "Feature", "properties": { "ID": 1956192000405, "正式名称": "みのり薬局月江寺通り店", "機関区分": 5, "都道府県コード": 19, "市区町村コード": 202, "所在地": "山梨県富士吉田市下吉田３－１１－１", "緯度": 35.492674, "経度": 138.80249, "url": "https://www.iryou.teikyouseido.mhlw.go.jp/znk-web/juminkanja/S2430/initialize?prefCd=19&kikanCd=6192000405&kikanKbn=5", "url2": null, "内容": "みのり薬局月江寺通り店【5:薬局】山梨県富士吉田市下吉田３－１１－１" }, "geometry": { "type": "Point", "coordinates": [ 138.80249, 35.492674 ] } },
{ "type": "Feature", "properties": { "ID": 1956192000500, "正式名称": "ゆずのき薬局", "機関区分": 5, "都道府県コード": 19, "市区町村コード": 208, "所在地": "山梨県南アルプス市桃園１４５１－７", "緯度": 35.620489, "経度": 138.464429, "url": "https://www.iryou.teikyouseido.mhlw.go.jp/znk-web/juminkanja/S2430/initialize?prefCd=19&kikanCd=6192000500&kikanKbn=5", "url2": "http://www.e-classa.net/yuzunoki-ph/", "内容": "ゆずのき薬局【5:薬局】山梨県南アルプス市桃園１４５１－７" }, "geometry": { "type": "Point", "coordinates": [ 138.464429, 35.620489 ] } },
{ "type": "Feature", "properties": { "ID": 1956192000501, "正式名称": "健康堂調剤薬局南西店", "機関区分": 5, "都道府県コード": 19, "市区町村コード": 384, "所在地": "山梨県中巨摩郡昭和町清水新居５０３－３", "緯度": 35.64371, "経度": 138.551671, "url": "https://www.iryou.teikyouseido.mhlw.go.jp/znk-web/juminkanja/S2430/initialize?prefCd=19&kikanCd=6192000501&kikanKbn=5", "url2": null, "内容": "健康堂調剤薬局南西店【5:薬局】山梨県中巨摩郡昭和町清水新居５０３－３" }, "geometry": { "type": "Point", "coordinates": [ 138.551671, 35.64371 ] } },
{ "type": "Feature", "properties": { "ID": 1956192000502, "正式名称": "みさき薬局　田富", "機関区分": 5, "都道府県コード": 19, "市区町村コード": 214, "所在地": "山梨県中央市布施２０６７－１", "緯度": 35.602964, "経度": 138.524341, "url": "https://www.iryou.teikyouseido.mhlw.go.jp/znk-web/juminkanja/S2430/initialize?prefCd=19&kikanCd=6192000502&kikanKbn=5", "url2": "http://www.dyna-misaki.co.jp", "内容": "みさき薬局　田富【5:薬局】山梨県中央市布施２０６７－１" }, "geometry": { "type": "Point", "coordinates": [ 138.524341, 35.602964 ] } },
{ "type": "Feature", "properties": { "ID": 1956192000503, "正式名称": "みさき薬局　北新", "機関区分": 5, "都道府県コード": 19, "市区町村コード": 201, "所在地": "山梨県甲府市北新１－１－１９", "緯度": 35.6789, "経度": 138.564946, "url": "https://www.iryou.teikyouseido.mhlw.go.jp/znk-web/juminkanja/S2430/initialize?prefCd=19&kikanCd=6192000503&kikanKbn=5", "url2": "http://www.dyna-misaki.co.jp", "内容": "みさき薬局　北新【5:薬局】山梨県甲府市北新１－１－１９" }, "geometry": { "type": "Point", "coordinates": [ 138.564946, 35.6789 ] } },
{ "type": "Feature", "properties": { "ID": 1956192000506, "正式名称": "あい調剤薬局", "機関区分": 5, "都道府県コード": 19, "市区町村コード": 368, "所在地": "山梨県南巨摩郡富士川町青柳町９８９－３", "緯度": 35.558884, "経度": 138.467987, "url": "https://www.iryou.teikyouseido.mhlw.go.jp/znk-web/juminkanja/S2430/initialize?prefCd=19&kikanCd=6192000506&kikanKbn=5", "url2": null, "内容": "あい調剤薬局【5:薬局】山梨県南巨摩郡富士川町青柳町９８９－３" }, "geometry": { "type": "Point", "coordinates": [ 138.467987, 35.558884 ] } },
{ "type": "Feature", "properties": { "ID": 1956192000507, "正式名称": "ふれあい薬局", "機関区分": 5, "都道府県コード": 19, "市区町村コード": 201, "所在地": "山梨県甲府市東下条町８７－１", "緯度": 35.611464, "経度": 138.575421, "url": "https://www.iryou.teikyouseido.mhlw.go.jp/znk-web/juminkanja/S2430/initialize?prefCd=19&kikanCd=6192000507&kikanKbn=5", "url2": "https://www.nakazawa-ph.com/shop/", "内容": "ふれあい薬局【5:薬局】山梨県甲府市東下条町８７－１" }, "geometry": { "type": "Point", "coordinates": [ 138.575421, 35.611464 ] } },
{ "type": "Feature", "properties": { "ID": 1956192000508, "正式名称": "アーク調剤薬局　上阿原店", "機関区分": 5, "都道府県コード": 19, "市区町村コード": 201, "所在地": "山梨県甲府市上阿原町４４６－１－Ａ", "緯度": 35.646182, "経度": 138.604083, "url": "https://www.iryou.teikyouseido.mhlw.go.jp/znk-web/juminkanja/S2430/initialize?prefCd=19&kikanCd=6192000508&kikanKbn=5", "url2": "http://www.arc-m.co.jp", "内容": "アーク調剤薬局　上阿原店【5:薬局】山梨県甲府市上阿原町４４６－１－Ａ" }, "geometry": { "type": "Point", "coordinates": [ 138.604083, 35.646182 ] } },
{ "type": "Feature", "properties": { "ID": 1956192000509, "正式名称": "高根調剤薬局", "機関区分": 5, "都道府県コード": 19, "市区町村コード": 209, "所在地": "山梨県北杜市高根町村山北割１９７３－２", "緯度": 35.841908, "経度": 138.418117, "url": "https://www.iryou.teikyouseido.mhlw.go.jp/znk-web/juminkanja/S2430/initialize?prefCd=19&kikanCd=6192000509&kikanKbn=5", "url2": "http://takayaku.com", "内容": "高根調剤薬局【5:薬局】山梨県北杜市高根町村山北割１９７３－２" }, "geometry": { "type": "Point", "coordinates": [ 138.418117, 35.841908 ] } },
{ "type": "Feature", "properties": { "ID": 1956192000510, "正式名称": "ウエルシア薬局石和市部店", "機関区分": 5, "都道府県コード": 19, "市区町村コード": 211, "所在地": "山梨県笛吹市石和町市部１０９０－１", "緯度": 35.65096, "経度": 138.637914, "url": "https://www.iryou.teikyouseido.mhlw.go.jp/znk-web/juminkanja/S2430/initialize?prefCd=19&kikanCd=6192000510&kikanKbn=5", "url2": "http://www.welcia-kanto.jp/stores/stores.html", "内容": "ウエルシア薬局石和市部店【5:薬局】山梨県笛吹市石和町市部１０９０－１" }, "geometry": { "type": "Point", "coordinates": [ 138.637914, 35.65096 ] } },
{ "type": "Feature", "properties": { "ID": 1956192000512, "正式名称": "公益社団法人富士五湖薬剤師会救急調剤薬局", "機関区分": 5, "都道府県コード": 19, "市区町村コード": 202, "所在地": "山梨県富士吉田市緑ケ丘２丁目７－２１", "緯度": 35.492758, "経度": 138.79413, "url": "https://www.iryou.teikyouseido.mhlw.go.jp/znk-web/juminkanja/S2430/initialize?prefCd=19&kikanCd=6192000512&kikanKbn=5", "url2": "https://fujigoko-yakuzai.com", "内容": "公益社団法人富士五湖薬剤師会救急調剤薬局【5:薬局】山梨県富士吉田市緑ケ丘２丁目７－２１" }, "geometry": { "type": "Point", "coordinates": [ 138.79413, 35.492758 ] } },
{ "type": "Feature", "properties": { "ID": 1956192000513, "正式名称": "調剤薬局ツルハドラッグ山梨中央店", "機関区分": 5, "都道府県コード": 19, "市区町村コード": 214, "所在地": "山梨県中央市下河東３０５３番地１", "緯度": 35.608713, "経度": 138.543589, "url": "https://www.iryou.teikyouseido.mhlw.go.jp/znk-web/juminkanja/S2430/initialize?prefCd=19&kikanCd=6192000513&kikanKbn=5", "url2": "https://shop.tsuruha-g.com/0763c", "内容": "調剤薬局ツルハドラッグ山梨中央店【5:薬局】山梨県中央市下河東３０５３番地１" }, "geometry": { "type": "Point", "coordinates": [ 138.543589, 35.608713 ] } },
{ "type": "Feature", "properties": { "ID": 1956192000515, "正式名称": "共創未来　富士吉田薬局", "機関区分": 5, "都道府県コード": 19, "市区町村コード": 202, "所在地": "山梨県富士吉田市上吉田２－５－１", "緯度": 35.483592, "経度": 138.795824, "url": "https://www.iryou.teikyouseido.mhlw.go.jp/znk-web/juminkanja/S2430/initialize?prefCd=19&kikanCd=6192000515&kikanKbn=5", "url2": "http://www.phmirai.co.jp/shops/detail.php?id=169", "内容": "共創未来　富士吉田薬局【5:薬局】山梨県富士吉田市上吉田２－５－１" }, "geometry": { "type": "Point", "coordinates": [ 138.795824, 35.483592 ] } },
{ "type": "Feature", "properties": { "ID": 1956192000516, "正式名称": "株式会社中沢薬局　徳行店", "機関区分": 5, "都道府県コード": 19, "市区町村コード": 201, "所在地": "山梨県甲府市徳行２丁目３８２－３５", "緯度": 35.650765, "経度": 138.541783, "url": "https://www.iryou.teikyouseido.mhlw.go.jp/znk-web/juminkanja/S2430/initialize?prefCd=19&kikanCd=6192000516&kikanKbn=5", "url2": "https://nakazawa-ph.com/", "内容": "株式会社中沢薬局　徳行店【5:薬局】山梨県甲府市徳行２丁目３８２－３５" }, "geometry": { "type": "Point", "coordinates": [ 138.541783, 35.650765 ] } },
{ "type": "Feature", "properties": { "ID": 1956192000517, "正式名称": "健康堂調剤薬局大国店", "機関区分": 5, "都道府県コード": 19, "市区町村コード": 201, "所在地": "山梨県甲府市大里町１８６２", "緯度": 35.621184, "経度": 138.5592, "url": "https://www.iryou.teikyouseido.mhlw.go.jp/znk-web/juminkanja/S2430/initialize?prefCd=19&kikanCd=6192000517&kikanKbn=5", "url2": null, "内容": "健康堂調剤薬局大国店【5:薬局】山梨県甲府市大里町１８６２" }, "geometry": { "type": "Point", "coordinates": [ 138.5592, 35.621184 ] } },
{ "type": "Feature", "properties": { "ID": 1956192000519, "正式名称": "ウエルシア薬局　甲府池田店", "機関区分": 5, "都道府県コード": 19, "市区町村コード": 201, "所在地": "山梨県甲府市長松寺町１－９", "緯度": 35.66679, "経度": 138.542254, "url": "https://www.iryou.teikyouseido.mhlw.go.jp/znk-web/juminkanja/S2430/initialize?prefCd=19&kikanCd=6192000519&kikanKbn=5", "url2": "http://www.welcia-kanto.jp/", "内容": "ウエルシア薬局　甲府池田店【5:薬局】山梨県甲府市長松寺町１－９" }, "geometry": { "type": "Point", "coordinates": [ 138.542254, 35.66679 ] } },
{ "type": "Feature", "properties": { "ID": 1956192000520, "正式名称": "街の薬局　にらさき", "機関区分": 5, "都道府県コード": 19, "市区町村コード": 207, "所在地": "山梨県韮崎市龍岡町下條南割９９８－１", "緯度": 35.677733, "経度": 138.465566, "url": "https://www.iryou.teikyouseido.mhlw.go.jp/znk-web/juminkanja/S2430/initialize?prefCd=19&kikanCd=6192000520&kikanKbn=5", "url2": null, "内容": "街の薬局　にらさき【5:薬局】山梨県韮崎市龍岡町下條南割９９８－１" }, "geometry": { "type": "Point", "coordinates": [ 138.465566, 35.677733 ] } },
{ "type": "Feature", "properties": { "ID": 1956192000521, "正式名称": "せんじゅ薬局", "機関区分": 5, "都道府県コード": 19, "市区町村コード": 210, "所在地": "山梨県甲斐市中下条１９３３－１", "緯度": 35.679733, "経度": 138.528337, "url": "https://www.iryou.teikyouseido.mhlw.go.jp/znk-web/juminkanja/S2430/initialize?prefCd=19&kikanCd=6192000521&kikanKbn=5", "url2": null, "内容": "せんじゅ薬局【5:薬局】山梨県甲斐市中下条１９３３－１" }, "geometry": { "type": "Point", "coordinates": [ 138.528337, 35.679733 ] } },
{ "type": "Feature", "properties": { "ID": 1956192000522, "正式名称": "ミルキッズ調剤薬局西八幡店", "機関区分": 5, "都道府県コード": 19, "市区町村コード": 210, "所在地": "山梨県甲斐市西八幡１３３３－２", "緯度": 35.640932, "経度": 138.525867, "url": "https://www.iryou.teikyouseido.mhlw.go.jp/znk-web/juminkanja/S2430/initialize?prefCd=19&kikanCd=6192000522&kikanKbn=5", "url2": "https://milkids.p-kit.com", "内容": "ミルキッズ調剤薬局西八幡店【5:薬局】山梨県甲斐市西八幡１３３３－２" }, "geometry": { "type": "Point", "coordinates": [ 138.525867, 35.640932 ] } },
{ "type": "Feature", "properties": { "ID": 1956192000523, "正式名称": "小沢薬局　南甲府駅前店", "機関区分": 5, "都道府県コード": 19, "市区町村コード": 201, "所在地": "山梨県甲府市湯田２－１９－５", "緯度": 35.647738, "経度": 138.576391, "url": "https://www.iryou.teikyouseido.mhlw.go.jp/znk-web/juminkanja/S2430/initialize?prefCd=19&kikanCd=6192000523&kikanKbn=5", "url2": "http://www10.plala.or.jp/ozawa_pharmacy/", "内容": "小沢薬局　南甲府駅前店【5:薬局】山梨県甲府市湯田２－１９－５" }, "geometry": { "type": "Point", "coordinates": [ 138.576391, 35.647738 ] } },
{ "type": "Feature", "properties": { "ID": 1956192000524, "正式名称": "フクシマヤ薬局玉穂店", "機関区分": 5, "都道府県コード": 19, "市区町村コード": 214, "所在地": "山梨県中央市成島１６９５－１", "緯度": 35.60602, "経度": 138.548506, "url": "https://www.iryou.teikyouseido.mhlw.go.jp/znk-web/juminkanja/S2430/initialize?prefCd=19&kikanCd=6192000524&kikanKbn=5", "url2": null, "内容": "フクシマヤ薬局玉穂店【5:薬局】山梨県中央市成島１６９５－１" }, "geometry": { "type": "Point", "coordinates": [ 138.548506, 35.60602 ] } },
{ "type": "Feature", "properties": { "ID": 1956192000525, "正式名称": "いちご薬局", "機関区分": 5, "都道府県コード": 19, "市区町村コード": 201, "所在地": "山梨県甲府市下石田２－１６－２２", "緯度": 35.648015, "経度": 138.552893, "url": "https://www.iryou.teikyouseido.mhlw.go.jp/znk-web/juminkanja/S2430/initialize?prefCd=19&kikanCd=6192000525&kikanKbn=5", "url2": null, "内容": "いちご薬局【5:薬局】山梨県甲府市下石田２－１６－２２" }, "geometry": { "type": "Point", "coordinates": [ 138.552893, 35.648015 ] } },
{ "type": "Feature", "properties": { "ID": 1956192000526, "正式名称": "ウエルシア薬局富士吉田店", "機関区分": 5, "都道府県コード": 19, "市区町村コード": 202, "所在地": "山梨県富士吉田市上吉田東６丁目４－３０", "緯度": 35.474038, "経度": 138.802019, "url": "https://www.iryou.teikyouseido.mhlw.go.jp/znk-web/juminkanja/S2430/initialize?prefCd=19&kikanCd=6192000526&kikanKbn=5", "url2": "https://store.welcia.co.jp/welcia/spot/detail?code=8125D", "内容": "ウエルシア薬局富士吉田店【5:薬局】山梨県富士吉田市上吉田東６丁目４－３０" }, "geometry": { "type": "Point", "coordinates": [ 138.802019, 35.474038 ] } },
{ "type": "Feature", "properties": { "ID": 1956192000527, "正式名称": "ウエルシア薬局甲府若松店", "機関区分": 5, "都道府県コード": 19, "市区町村コード": 201, "所在地": "山梨県甲府市若松町８番６号", "緯度": 35.65382, "経度": 138.572565, "url": "https://www.iryou.teikyouseido.mhlw.go.jp/znk-web/juminkanja/S2430/initialize?prefCd=19&kikanCd=6192000527&kikanKbn=5", "url2": "https://store.welcia.co.jp/welcia/spot/detail?code=8126D", "内容": "ウエルシア薬局甲府若松店【5:薬局】山梨県甲府市若松町８番６号" }, "geometry": { "type": "Point", "coordinates": [ 138.572565, 35.65382 ] } },
{ "type": "Feature", "properties": { "ID": 1956192000529, "正式名称": "ウエルシア薬局　都留田野倉店", "機関区分": 5, "都道府県コード": 19, "市区町村コード": 204, "所在地": "山梨県都留市田野倉１５８－２", "緯度": 35.594721, "経度": 138.928558, "url": "https://www.iryou.teikyouseido.mhlw.go.jp/znk-web/juminkanja/S2430/initialize?prefCd=19&kikanCd=6192000529&kikanKbn=5", "url2": null, "内容": "ウエルシア薬局　都留田野倉店【5:薬局】山梨県都留市田野倉１５８－２" }, "geometry": { "type": "Point", "coordinates": [ 138.928558, 35.594721 ] } },
{ "type": "Feature", "properties": { "ID": 1956192000531, "正式名称": "サンロード調剤富士見店", "機関区分": 5, "都道府県コード": 19, "市区町村コード": 201, "所在地": "山梨県甲府市富士見１丁目５－２０", "緯度": 35.674345, "経度": 138.548781, "url": "https://www.iryou.teikyouseido.mhlw.go.jp/znk-web/juminkanja/S2430/initialize?prefCd=19&kikanCd=6192000531&kikanKbn=5", "url2": null, "内容": "サンロード調剤富士見店【5:薬局】山梨県甲府市富士見１丁目５－２０" }, "geometry": { "type": "Point", "coordinates": [ 138.548781, 35.674345 ] } },
{ "type": "Feature", "properties": { "ID": 1956192000533, "正式名称": "のぞみ薬局", "機関区分": 5, "都道府県コード": 19, "市区町村コード": 201, "所在地": "山梨県甲府市山宮町８８５－３", "緯度": 35.691843, "経度": 138.534086, "url": "https://www.iryou.teikyouseido.mhlw.go.jp/znk-web/juminkanja/S2430/initialize?prefCd=19&kikanCd=6192000533&kikanKbn=5", "url2": null, "内容": "のぞみ薬局【5:薬局】山梨県甲府市山宮町８８５－３" }, "geometry": { "type": "Point", "coordinates": [ 138.534086, 35.691843 ] } },
{ "type": "Feature", "properties": { "ID": 1956192000534, "正式名称": "株式会社アーク・リンケージ　アーク調剤薬局　石田店", "機関区分": 5, "都道府県コード": 19, "市区町村コード": 201, "所在地": "山梨県甲府市下石田２丁目１－１４", "緯度": 35.648015, "経度": 138.552893, "url": "https://www.iryou.teikyouseido.mhlw.go.jp/znk-web/juminkanja/S2430/initialize?prefCd=19&kikanCd=6192000534&kikanKbn=5", "url2": "http://www.arc-m.co.jp", "内容": "株式会社アーク・リンケージ　アーク調剤薬局　石田店【5:薬局】山梨県甲府市下石田２丁目１－１４" }, "geometry": { "type": "Point", "coordinates": [ 138.552893, 35.648015 ] } },
{ "type": "Feature", "properties": { "ID": 1956192000535, "正式名称": "株式会社中沢薬局　甲府オオサト店", "機関区分": 5, "都道府県コード": 19, "市区町村コード": 201, "所在地": "山梨県甲府市大里町２３３１－４８", "緯度": 35.621184, "経度": 138.5592, "url": "https://www.iryou.teikyouseido.mhlw.go.jp/znk-web/juminkanja/S2430/initialize?prefCd=19&kikanCd=6192000535&kikanKbn=5", "url2": "https://nakazawa-ph.com/", "内容": "株式会社中沢薬局　甲府オオサト店【5:薬局】山梨県甲府市大里町２３３１－４８" }, "geometry": { "type": "Point", "coordinates": [ 138.5592, 35.621184 ] } },
{ "type": "Feature", "properties": { "ID": 1956192000536, "正式名称": "共創未来　甲府薬局", "機関区分": 5, "都道府県コード": 19, "市区町村コード": 201, "所在地": "山梨県甲府市増坪町５３１－３", "緯度": 35.633905, "経度": 138.590779, "url": "https://www.iryou.teikyouseido.mhlw.go.jp/znk-web/juminkanja/S2430/initialize?prefCd=19&kikanCd=6192000536&kikanKbn=5", "url2": null, "内容": "共創未来　甲府薬局【5:薬局】山梨県甲府市増坪町５３１－３" }, "geometry": { "type": "Point", "coordinates": [ 138.590779, 35.633905 ] } },
{ "type": "Feature", "properties": { "ID": 1956192000537, "正式名称": "山梨調剤センター薬局", "機関区分": 5, "都道府県コード": 19, "市区町村コード": 214, "所在地": "山梨県中央市若宮２８番１", "緯度": 35.612824, "経度": 138.538646, "url": "https://www.iryou.teikyouseido.mhlw.go.jp/znk-web/juminkanja/S2430/initialize?prefCd=19&kikanCd=6192000537&kikanKbn=5", "url2": null, "内容": "山梨調剤センター薬局【5:薬局】山梨県中央市若宮２８番１" }, "geometry": { "type": "Point", "coordinates": [ 138.538646, 35.612824 ] } },
{ "type": "Feature", "properties": { "ID": 1956192000541, "正式名称": "カワチ薬局　小瀬店", "機関区分": 5, "都道府県コード": 19, "市区町村コード": 201, "所在地": "山梨県甲府市上町２４２５－１", "緯度": 35.636933, "経度": 138.585252, "url": "https://www.iryou.teikyouseido.mhlw.go.jp/znk-web/juminkanja/S2430/initialize?prefCd=19&kikanCd=6192000541&kikanKbn=5", "url2": "https://www.cawachi.co.jp/", "内容": "カワチ薬局　小瀬店【5:薬局】山梨県甲府市上町２４２５－１" }, "geometry": { "type": "Point", "coordinates": [ 138.585252, 35.636933 ] } },
{ "type": "Feature", "properties": { "ID": 1956192000542, "正式名称": "株式会社　日医調剤　石和薬局", "機関区分": 5, "都道府県コード": 19, "市区町村コード": 211, "所在地": "山梨県笛吹市石和町窪中島７１－１", "緯度": 35.648183, "経度": 138.633942, "url": "https://www.iryou.teikyouseido.mhlw.go.jp/znk-web/juminkanja/S2430/initialize?prefCd=19&kikanCd=6192000542&kikanKbn=5", "url2": "http://www.nichiiko-yamanashi.co.jp/", "内容": "株式会社　日医調剤　石和薬局【5:薬局】山梨県笛吹市石和町窪中島７１－１" }, "geometry": { "type": "Point", "coordinates": [ 138.633942, 35.648183 ] } },
{ "type": "Feature", "properties": { "ID": 1956192000543, "正式名称": "アーク調剤薬局　南アルプス店", "機関区分": 5, "都道府県コード": 19, "市区町村コード": 208, "所在地": "山梨県南アルプス市下宮地６９０－１", "緯度": 35.604656, "経度": 138.467541, "url": "https://www.iryou.teikyouseido.mhlw.go.jp/znk-web/juminkanja/S2430/initialize?prefCd=19&kikanCd=6192000543&kikanKbn=5", "url2": "http://www.arc-m.co.jp", "内容": "アーク調剤薬局　南アルプス店【5:薬局】山梨県南アルプス市下宮地６９０－１" }, "geometry": { "type": "Point", "coordinates": [ 138.467541, 35.604656 ] } },
{ "type": "Feature", "properties": { "ID": 1956192000547, "正式名称": "（財）医薬分業支援センター甲府北薬局", "機関区分": 5, "都道府県コード": 19, "市区町村コード": 201, "所在地": "山梨県甲府市美咲二丁目１０－１６", "緯度": 35.676623, "経度": 138.567084, "url": "https://www.iryou.teikyouseido.mhlw.go.jp/znk-web/juminkanja/S2430/initialize?prefCd=19&kikanCd=6192000547&kikanKbn=5", "url2": null, "内容": "（財）医薬分業支援センター甲府北薬局【5:薬局】山梨県甲府市美咲二丁目１０－１６" }, "geometry": { "type": "Point", "coordinates": [ 138.567084, 35.676623 ] } },
{ "type": "Feature", "properties": { "ID": 1956192000548, "正式名称": "一般財団法人医薬分業支援センター会営調剤薬局", "機関区分": 5, "都道府県コード": 19, "市区町村コード": 214, "所在地": "山梨県中央市若宮２７ー１２", "緯度": 35.610829, "経度": 138.538791, "url": "https://www.iryou.teikyouseido.mhlw.go.jp/znk-web/juminkanja/S2430/initialize?prefCd=19&kikanCd=6192000548&kikanKbn=5", "url2": null, "内容": "一般財団法人医薬分業支援センター会営調剤薬局【5:薬局】山梨県中央市若宮２７ー１２" }, "geometry": { "type": "Point", "coordinates": [ 138.538791, 35.610829 ] } },
{ "type": "Feature", "properties": { "ID": 1956192000551, "正式名称": "アイセイ薬局　国母店", "機関区分": 5, "都道府県コード": 19, "市区町村コード": 201, "所在地": "山梨県甲府市国母８丁目２８番１８号", "緯度": 35.640154, "経度": 138.555754, "url": "https://www.iryou.teikyouseido.mhlw.go.jp/znk-web/juminkanja/S2430/initialize?prefCd=19&kikanCd=6192000551&kikanKbn=5", "url2": "https://store.aisei.co.jp/detail/0773", "内容": "アイセイ薬局　国母店【5:薬局】山梨県甲府市国母８丁目２８番１８号" }, "geometry": { "type": "Point", "coordinates": [ 138.555754, 35.640154 ] } },
{ "type": "Feature", "properties": { "ID": 1956192000552, "正式名称": "ウエルシア薬局甲府徳行店", "機関区分": 5, "都道府県コード": 19, "市区町村コード": 201, "所在地": "山梨県甲府市徳行２丁目１４番２３号", "緯度": 35.650765, "経度": 138.541783, "url": "https://www.iryou.teikyouseido.mhlw.go.jp/znk-web/juminkanja/S2430/initialize?prefCd=19&kikanCd=6192000552&kikanKbn=5", "url2": "http://as.chizumaru.com/welcia/detailMap?pageLimitCtrl=1&account=welcia&accmd=1&adr=19201&x=498857.237&y=128371.767&c1=1&bid=8130&pgret=1&lscl=9994&lrot=0", "内容": "ウエルシア薬局甲府徳行店【5:薬局】山梨県甲府市徳行２丁目１４番２３号" }, "geometry": { "type": "Point", "coordinates": [ 138.541783, 35.650765 ] } },
{ "type": "Feature", "properties": { "ID": 1956192000553, "正式名称": "株式会社中沢薬局　医大前店", "機関区分": 5, "都道府県コード": 19, "市区町村コード": 214, "所在地": "山梨県中央市若宮２３－３", "緯度": 35.612824, "経度": 138.538646, "url": "https://www.iryou.teikyouseido.mhlw.go.jp/znk-web/juminkanja/S2430/initialize?prefCd=19&kikanCd=6192000553&kikanKbn=5", "url2": "http://www.nakazawa-ph.com/", "内容": "株式会社中沢薬局　医大前店【5:薬局】山梨県中央市若宮２３－３" }, "geometry": { "type": "Point", "coordinates": [ 138.538646, 35.612824 ] } },
{ "type": "Feature", "properties": { "ID": 1956192000555, "正式名称": "たいよう薬局", "機関区分": 5, "都道府県コード": 19, "市区町村コード": 201, "所在地": "山梨県甲府市増坪町４１６", "緯度": 35.637211, "経度": 138.592918, "url": "https://www.iryou.teikyouseido.mhlw.go.jp/znk-web/juminkanja/S2430/initialize?prefCd=19&kikanCd=6192000555&kikanKbn=5", "url2": null, "内容": "たいよう薬局【5:薬局】山梨県甲府市増坪町４１６" }, "geometry": { "type": "Point", "coordinates": [ 138.592918, 35.637211 ] } },
{ "type": "Feature", "properties": { "ID": 1956192000558, "正式名称": "竹川薬局和田", "機関区分": 5, "都道府県コード": 19, "市区町村コード": 201, "所在地": "山梨県甲府市和田町３００３－１３８", "緯度": 35.685094, "経度": 138.563112, "url": "https://www.iryou.teikyouseido.mhlw.go.jp/znk-web/juminkanja/S2430/initialize?prefCd=19&kikanCd=6192000558&kikanKbn=5", "url2": null, "内容": "竹川薬局和田【5:薬局】山梨県甲府市和田町３００３－１３８" }, "geometry": { "type": "Point", "coordinates": [ 138.563112, 35.685094 ] } },
{ "type": "Feature", "properties": { "ID": 1956192000560, "正式名称": "株式会社ウエノ　ウエノ南薬局", "機関区分": 5, "都道府県コード": 19, "市区町村コード": 201, "所在地": "山梨県甲府市下曽根町５１８", "緯度": 35.593659, "経度": 138.570922, "url": "https://www.iryou.teikyouseido.mhlw.go.jp/znk-web/juminkanja/S2430/initialize?prefCd=19&kikanCd=6192000560&kikanKbn=5", "url2": "http://www.ueno.vc/", "内容": "株式会社ウエノ　ウエノ南薬局【5:薬局】山梨県甲府市下曽根町５１８" }, "geometry": { "type": "Point", "coordinates": [ 138.570922, 35.593659 ] } },
{ "type": "Feature", "properties": { "ID": 1956192000563, "正式名称": "セキテイ調剤薬局　富士吉田店", "機関区分": 5, "都道府県コード": 19, "市区町村コード": 202, "所在地": "山梨県富士吉田市ときわ台１丁目１－２３－１", "緯度": 35.489258, "経度": 138.791741, "url": "https://www.iryou.teikyouseido.mhlw.go.jp/znk-web/juminkanja/S2430/initialize?prefCd=19&kikanCd=6192000563&kikanKbn=5", "url2": null, "内容": "セキテイ調剤薬局　富士吉田店【5:薬局】山梨県富士吉田市ときわ台１丁目１－２３－１" }, "geometry": { "type": "Point", "coordinates": [ 138.791741, 35.489258 ] } },
{ "type": "Feature", "properties": { "ID": 1956192000565, "正式名称": "四つ葉薬局　塩山店", "機関区分": 5, "都道府県コード": 19, "市区町村コード": 213, "所在地": "山梨県甲州市塩山下塩後３３６－７", "緯度": 35.697318, "経度": 138.718405, "url": "https://www.iryou.teikyouseido.mhlw.go.jp/znk-web/juminkanja/S2430/initialize?prefCd=19&kikanCd=6192000565&kikanKbn=5", "url2": "http://www.arc-m.co.jp/", "内容": "四つ葉薬局　塩山店【5:薬局】山梨県甲州市塩山下塩後３３６－７" }, "geometry": { "type": "Point", "coordinates": [ 138.718405, 35.697318 ] } },
{ "type": "Feature", "properties": { "ID": 1956192000566, "正式名称": "みさき薬局　武田", "機関区分": 5, "都道府県コード": 19, "市区町村コード": 201, "所在地": "山梨県甲府市武田３－７－１タクマビル１Ｆ", "緯度": 35.674874, "経度": 138.571834, "url": "https://www.iryou.teikyouseido.mhlw.go.jp/znk-web/juminkanja/S2430/initialize?prefCd=19&kikanCd=6192000566&kikanKbn=5", "url2": "http://www.dyna-misaki.co.jp/", "内容": "みさき薬局　武田【5:薬局】山梨県甲府市武田３－７－１タクマビル１Ｆ" }, "geometry": { "type": "Point", "coordinates": [ 138.571834, 35.674874 ] } },
{ "type": "Feature", "properties": { "ID": 1956192000568, "正式名称": "くるみ薬局", "機関区分": 5, "都道府県コード": 19, "市区町村コード": 201, "所在地": "山梨県甲府市池田１丁目１１－５", "緯度": 35.670513, "経度": 138.539949, "url": "https://www.iryou.teikyouseido.mhlw.go.jp/znk-web/juminkanja/S2430/initialize?prefCd=19&kikanCd=6192000568&kikanKbn=5", "url2": null, "内容": "くるみ薬局【5:薬局】山梨県甲府市池田１丁目１１－５" }, "geometry": { "type": "Point", "coordinates": [ 138.539949, 35.670513 ] } },
{ "type": "Feature", "properties": { "ID": 1956192000569, "正式名称": "たけのこ薬局", "機関区分": 5, "都道府県コード": 19, "市区町村コード": 201, "所在地": "山梨県甲府市蓬沢町１０９９－５", "緯度": 35.643488, "経度": 138.596445, "url": "https://www.iryou.teikyouseido.mhlw.go.jp/znk-web/juminkanja/S2430/initialize?prefCd=19&kikanCd=6192000569&kikanKbn=5", "url2": null, "内容": "たけのこ薬局【5:薬局】山梨県甲府市蓬沢町１０９９－５" }, "geometry": { "type": "Point", "coordinates": [ 138.596445, 35.643488 ] } },
{ "type": "Feature", "properties": { "ID": 1956192000570, "正式名称": "アイセイ薬局　善光寺店", "機関区分": 5, "都道府県コード": 19, "市区町村コード": 201, "所在地": "山梨県甲府市善光寺１丁目２５－５", "緯度": 35.661764, "経度": 138.592917, "url": "https://www.iryou.teikyouseido.mhlw.go.jp/znk-web/juminkanja/S2430/initialize?prefCd=19&kikanCd=6192000570&kikanKbn=5", "url2": "https://store.aisei.co.jp/detail/0774", "内容": "アイセイ薬局　善光寺店【5:薬局】山梨県甲府市善光寺１丁目２５－５" }, "geometry": { "type": "Point", "coordinates": [ 138.592917, 35.661764 ] } },
{ "type": "Feature", "properties": { "ID": 1956192000571, "正式名称": "いちい調剤薬局", "機関区分": 5, "都道府県コード": 19, "市区町村コード": 207, "所在地": "山梨県韮崎市旭町上條南割３３１４－２４１", "緯度": 35.668844, "経度": 138.439207, "url": "https://www.iryou.teikyouseido.mhlw.go.jp/znk-web/juminkanja/S2430/initialize?prefCd=19&kikanCd=6192000571&kikanKbn=5", "url2": "http://www.dyna-misaki.co.jp", "内容": "いちい調剤薬局【5:薬局】山梨県韮崎市旭町上條南割３３１４－２４１" }, "geometry": { "type": "Point", "coordinates": [ 138.439207, 35.668844 ] } },
{ "type": "Feature", "properties": { "ID": 1956192000572, "正式名称": "イリス薬局", "機関区分": 5, "都道府県コード": 19, "市区町村コード": 207, "所在地": "山梨県韮崎市若宮１丁目２番５０号", "緯度": 35.711899, "経度": 138.449825, "url": "https://www.iryou.teikyouseido.mhlw.go.jp/znk-web/juminkanja/S2430/initialize?prefCd=19&kikanCd=6192000572&kikanKbn=5", "url2": "https://iris-pharm.net", "内容": "イリス薬局【5:薬局】山梨県韮崎市若宮１丁目２番５０号" }, "geometry": { "type": "Point", "coordinates": [ 138.449825, 35.711899 ] } },
{ "type": "Feature", "properties": { "ID": 1956192000579, "正式名称": "有限会社ハタノ薬局井戸店", "機関区分": 5, "都道府県コード": 19, "市区町村コード": 211, "所在地": "山梨県笛吹市石和町井戸１７７－４", "緯度": 35.625213, "経度": 138.606112, "url": "https://www.iryou.teikyouseido.mhlw.go.jp/znk-web/juminkanja/S2430/initialize?prefCd=19&kikanCd=6192000579&kikanKbn=5", "url2": null, "内容": "有限会社ハタノ薬局井戸店【5:薬局】山梨県笛吹市石和町井戸１７７－４" }, "geometry": { "type": "Point", "coordinates": [ 138.606112, 35.625213 ] } },
{ "type": "Feature", "properties": { "ID": 1956192000582, "正式名称": "調剤薬局　和み乃　昭和店", "機関区分": 5, "都道府県コード": 19, "市区町村コード": 384, "所在地": "山梨県中巨摩郡昭和町飯喰字村西１５５２－１", "緯度": 35.621942, "経度": 138.519567, "url": "https://www.iryou.teikyouseido.mhlw.go.jp/znk-web/juminkanja/S2430/initialize?prefCd=19&kikanCd=6192000582&kikanKbn=5", "url2": "https://milkids.p-kit.com", "内容": "調剤薬局　和み乃　昭和店【5:薬局】山梨県中巨摩郡昭和町飯喰字村西１５５２－１" }, "geometry": { "type": "Point", "coordinates": [ 138.519567, 35.621942 ] } },
{ "type": "Feature", "properties": { "ID": 1956192000583, "正式名称": "ウエノさくら薬局", "機関区分": 5, "都道府県コード": 19, "市区町村コード": 210, "所在地": "山梨県甲斐市富竹新田１４９７－１", "緯度": 35.659208, "経度": 138.525812, "url": "https://www.iryou.teikyouseido.mhlw.go.jp/znk-web/juminkanja/S2430/initialize?prefCd=19&kikanCd=6192000583&kikanKbn=5", "url2": "http://www.ueno.vc/", "内容": "ウエノさくら薬局【5:薬局】山梨県甲斐市富竹新田１４９７－１" }, "geometry": { "type": "Point", "coordinates": [ 138.525812, 35.659208 ] } },
{ "type": "Feature", "properties": { "ID": 1956192000586, "正式名称": "日本調剤塩山薬局", "機関区分": 5, "都道府県コード": 19, "市区町村コード": 213, "所在地": "山梨県甲州市塩山下於曽１１３１－１６　１１３１－１６", "緯度": 35.700735, "経度": 138.732126, "url": "https://www.iryou.teikyouseido.mhlw.go.jp/znk-web/juminkanja/S2430/initialize?prefCd=19&kikanCd=6192000586&kikanKbn=5", "url2": null, "内容": "日本調剤塩山薬局【5:薬局】山梨県甲州市塩山下於曽１１３１－１６　１１３１－１６" }, "geometry": { "type": "Point", "coordinates": [ 138.732126, 35.700735 ] } },
{ "type": "Feature", "properties": { "ID": 1956192000587, "正式名称": "日本調剤八幡薬局", "機関区分": 5, "都道府県コード": 19, "市区町村コード": 205, "所在地": "山梨県山梨市北５１４－２", "緯度": 35.705816, "経度": 138.68799, "url": "https://www.iryou.teikyouseido.mhlw.go.jp/znk-web/juminkanja/S2430/initialize?prefCd=19&kikanCd=6192000587&kikanKbn=5", "url2": "http://www.nicho.co.jp/tenpo/kantou/yamanashi/post_386.html", "内容": "日本調剤八幡薬局【5:薬局】山梨県山梨市北５１４－２" }, "geometry": { "type": "Point", "coordinates": [ 138.68799, 35.705816 ] } },
{ "type": "Feature", "properties": { "ID": 1956192000589, "正式名称": "アトム薬局　大里店", "機関区分": 5, "都道府県コード": 19, "市区町村コード": 201, "所在地": "山梨県甲府市宮原町２１１－１", "緯度": 35.619652, "経度": 138.557639, "url": "https://www.iryou.teikyouseido.mhlw.go.jp/znk-web/juminkanja/S2430/initialize?prefCd=19&kikanCd=6192000589&kikanKbn=5", "url2": "http://www.atom-yakkyoku.com", "内容": "アトム薬局　大里店【5:薬局】山梨県甲府市宮原町２１１－１" }, "geometry": { "type": "Point", "coordinates": [ 138.557639, 35.619652 ] } },
{ "type": "Feature", "properties": { "ID": 1956192000590, "正式名称": "日本調剤　和戸薬局", "機関区分": 5, "都道府県コード": 19, "市区町村コード": 201, "所在地": "山梨県甲府市和戸町６２０－１", "緯度": 35.655127, "経度": 138.61847, "url": "https://www.iryou.teikyouseido.mhlw.go.jp/znk-web/juminkanja/S2430/initialize?prefCd=19&kikanCd=6192000590&kikanKbn=5", "url2": null, "内容": "日本調剤　和戸薬局【5:薬局】山梨県甲府市和戸町６２０－１" }, "geometry": { "type": "Point", "coordinates": [ 138.61847, 35.655127 ] } },
{ "type": "Feature", "properties": { "ID": 1956192000591, "正式名称": "日本調剤　竜王薬局", "機関区分": 5, "都道府県コード": 19, "市区町村コード": 210, "所在地": "山梨県甲斐市篠原１４２５－６", "緯度": 35.652597, "経度": 138.524534, "url": "https://www.iryou.teikyouseido.mhlw.go.jp/znk-web/juminkanja/S2430/initialize?prefCd=19&kikanCd=6192000591&kikanKbn=5", "url2": "http://www.nicho.co.jp/tenpo/kantou/yamanashi/post_388.html", "内容": "日本調剤　竜王薬局【5:薬局】山梨県甲斐市篠原１４２５－６" }, "geometry": { "type": "Point", "coordinates": [ 138.524534, 35.652597 ] } },
{ "type": "Feature", "properties": { "ID": 1956192000592, "正式名称": "日本調剤　甲府薬局", "機関区分": 5, "都道府県コード": 19, "市区町村コード": 201, "所在地": "山梨県甲府市和戸町６８５－３", "緯度": 35.655127, "経度": 138.61847, "url": "https://www.iryou.teikyouseido.mhlw.go.jp/znk-web/juminkanja/S2430/initialize?prefCd=19&kikanCd=6192000592&kikanKbn=5", "url2": "http://www.nicho.co.jp/", "内容": "日本調剤　甲府薬局【5:薬局】山梨県甲府市和戸町６８５－３" }, "geometry": { "type": "Point", "coordinates": [ 138.61847, 35.655127 ] } },
{ "type": "Feature", "properties": { "ID": 1956192000593, "正式名称": "うえはら薬局", "機関区分": 5, "都道府県コード": 19, "市区町村コード": 209, "所在地": "山梨県北杜市長坂町長坂上条２０６１番地５", "緯度": 35.832519, "経度": 138.366733, "url": "https://www.iryou.teikyouseido.mhlw.go.jp/znk-web/juminkanja/S2430/initialize?prefCd=19&kikanCd=6192000593&kikanKbn=5", "url2": "https://ueharayakkyoku.com/", "内容": "うえはら薬局【5:薬局】山梨県北杜市長坂町長坂上条２０６１番地５" }, "geometry": { "type": "Point", "coordinates": [ 138.366733, 35.832519 ] } },
{ "type": "Feature", "properties": { "ID": 1956192000594, "正式名称": "日本調剤　南アルプス薬局", "機関区分": 5, "都道府県コード": 19, "市区町村コード": 208, "所在地": "山梨県南アルプス市在家塚６７－１", "緯度": 35.63146, "経度": 138.467234, "url": "https://www.iryou.teikyouseido.mhlw.go.jp/znk-web/juminkanja/S2430/initialize?prefCd=19&kikanCd=6192000594&kikanKbn=5", "url2": "http://www.nicho.co.jp/tenpo/kantou/yamanashi/post_393.html", "内容": "日本調剤　南アルプス薬局【5:薬局】山梨県南アルプス市在家塚６７－１" }, "geometry": { "type": "Point", "coordinates": [ 138.467234, 35.63146 ] } },
{ "type": "Feature", "properties": { "ID": 1956192000595, "正式名称": "日本調剤　ふじ吉田薬局", "機関区分": 5, "都道府県コード": 19, "市区町村コード": 202, "所在地": "山梨県富士吉田市上吉田東７－１４－５", "緯度": 35.474038, "経度": 138.802019, "url": "https://www.iryou.teikyouseido.mhlw.go.jp/znk-web/juminkanja/S2430/initialize?prefCd=19&kikanCd=6192000595&kikanKbn=5", "url2": "http://www.nicho.co.jp/tenpo/fuziyosida/", "内容": "日本調剤　ふじ吉田薬局【5:薬局】山梨県富士吉田市上吉田東７－１４－５" }, "geometry": { "type": "Point", "coordinates": [ 138.802019, 35.474038 ] } },
{ "type": "Feature", "properties": { "ID": 1956192000596, "正式名称": "日本調剤　アイ薬局", "機関区分": 5, "都道府県コード": 19, "市区町村コード": 430, "所在地": "山梨県南都留郡富士河口湖町勝山４５８０－６", "緯度": 35.507339, "経度": 138.741995, "url": "https://www.iryou.teikyouseido.mhlw.go.jp/znk-web/juminkanja/S2430/initialize?prefCd=19&kikanCd=6192000596&kikanKbn=5", "url2": "http://www.nicho.co.jp/tenpo/ai/", "内容": "日本調剤　アイ薬局【5:薬局】山梨県南都留郡富士河口湖町勝山４５８０－６" }, "geometry": { "type": "Point", "coordinates": [ 138.741995, 35.507339 ] } },
{ "type": "Feature", "properties": { "ID": 1956192000597, "正式名称": "日本調剤　昭和通薬局", "機関区分": 5, "都道府県コード": 19, "市区町村コード": 202, "所在地": "山梨県富士吉田市下吉田８－１８－２７", "緯度": 35.490814, "経度": 138.809073, "url": "https://www.iryou.teikyouseido.mhlw.go.jp/znk-web/juminkanja/S2430/initialize?prefCd=19&kikanCd=6192000597&kikanKbn=5", "url2": null, "内容": "日本調剤　昭和通薬局【5:薬局】山梨県富士吉田市下吉田８－１８－２７" }, "geometry": { "type": "Point", "coordinates": [ 138.809073, 35.490814 ] } },
{ "type": "Feature", "properties": { "ID": 1956192000598, "正式名称": "日本調剤　河口湖薬局", "機関区分": 5, "都道府県コード": 19, "市区町村コード": 430, "所在地": "山梨県南都留郡富士河口湖町船津７４３８", "緯度": 35.486563, "経度": 138.759216, "url": "https://www.iryou.teikyouseido.mhlw.go.jp/znk-web/juminkanja/S2430/initialize?prefCd=19&kikanCd=6192000598&kikanKbn=5", "url2": "http://www.nicho.co.jp/tenpo/kawagutiko/", "内容": "日本調剤　河口湖薬局【5:薬局】山梨県南都留郡富士河口湖町船津７４３８" }, "geometry": { "type": "Point", "coordinates": [ 138.759216, 35.486563 ] } },
{ "type": "Feature", "properties": { "ID": 1956192000599, "正式名称": "日本調剤　つる薬局", "機関区分": 5, "都道府県コード": 19, "市区町村コード": 204, "所在地": "山梨県都留市四日市場３５９－９２", "緯度": 35.567891, "経度": 138.913811, "url": "https://www.iryou.teikyouseido.mhlw.go.jp/znk-web/juminkanja/S2430/initialize?prefCd=19&kikanCd=6192000599&kikanKbn=5", "url2": "https://www.nicho.co.jp/", "内容": "日本調剤　つる薬局【5:薬局】山梨県都留市四日市場３５９－９２" }, "geometry": { "type": "Point", "coordinates": [ 138.913811, 35.567891 ] } },
{ "type": "Feature", "properties": { "ID": 1956192000600, "正式名称": "ウエルシア薬局甲府昭和店", "機関区分": 5, "都道府県コード": 19, "市区町村コード": 384, "所在地": "山梨県中巨摩郡昭和町飯喰１１３２－２", "緯度": 35.619985, "経度": 138.51986, "url": "https://www.iryou.teikyouseido.mhlw.go.jp/znk-web/juminkanja/S2430/initialize?prefCd=19&kikanCd=6192000600&kikanKbn=5", "url2": "https://www.welcia-yakkyoku.co.jp/", "内容": "ウエルシア薬局甲府昭和店【5:薬局】山梨県中巨摩郡昭和町飯喰１１３２－２" }, "geometry": { "type": "Point", "coordinates": [ 138.51986, 35.619985 ] } },
{ "type": "Feature", "properties": { "ID": 1956192000602, "正式名称": "さくら調剤薬局　上野原店", "機関区分": 5, "都道府県コード": 19, "市区町村コード": 212, "所在地": "山梨県上野原市上野原３６４６－１", "緯度": 35.629554, "経度": 139.119208, "url": "https://www.iryou.teikyouseido.mhlw.go.jp/znk-web/juminkanja/S2430/initialize?prefCd=19&kikanCd=6192000602&kikanKbn=5", "url2": "https://sakura-ph.com", "内容": "さくら調剤薬局　上野原店【5:薬局】山梨県上野原市上野原３６４６－１" }, "geometry": { "type": "Point", "coordinates": [ 139.119208, 35.629554 ] } },
{ "type": "Feature", "properties": { "ID": 1956192000603, "正式名称": "みさき薬局　甲府北口", "機関区分": 5, "都道府県コード": 19, "市区町村コード": 201, "所在地": "山梨県甲府市北口２丁目９－１２", "緯度": 35.669401, "経度": 138.571029, "url": "https://www.iryou.teikyouseido.mhlw.go.jp/znk-web/juminkanja/S2430/initialize?prefCd=19&kikanCd=6192000603&kikanKbn=5", "url2": "https://www.dyna-misaki.co.jp", "内容": "みさき薬局　甲府北口【5:薬局】山梨県甲府市北口２丁目９－１２" }, "geometry": { "type": "Point", "coordinates": [ 138.571029, 35.669401 ] } },
{ "type": "Feature", "properties": { "ID": 1956192000606, "正式名称": "あすなろ石和薬局", "機関区分": 5, "都道府県コード": 19, "市区町村コード": 211, "所在地": "山梨県笛吹市石和町広瀬６２３－４０", "緯度": 35.64251, "経度": 138.615589, "url": "https://www.iryou.teikyouseido.mhlw.go.jp/znk-web/juminkanja/S2430/initialize?prefCd=19&kikanCd=6192000606&kikanKbn=5", "url2": "https://ymp-asunaro.or.jp/", "内容": "あすなろ石和薬局【5:薬局】山梨県笛吹市石和町広瀬６２３－４０" }, "geometry": { "type": "Point", "coordinates": [ 138.615589, 35.64251 ] } },
{ "type": "Feature", "properties": { "ID": 1956192000609, "正式名称": "アイセイ薬局　笛吹店", "機関区分": 5, "都道府県コード": 19, "市区町村コード": 211, "所在地": "山梨県笛吹市石和町四日市場２０３１－３８", "緯度": 35.641239, "経度": 138.632137, "url": "https://www.iryou.teikyouseido.mhlw.go.jp/znk-web/juminkanja/S2430/initialize?prefCd=19&kikanCd=6192000609&kikanKbn=5", "url2": "https://store.aisei.co.jp/detail/0386", "内容": "アイセイ薬局　笛吹店【5:薬局】山梨県笛吹市石和町四日市場２０３１－３８" }, "geometry": { "type": "Point", "coordinates": [ 138.632137, 35.641239 ] } },
{ "type": "Feature", "properties": { "ID": 1956192000610, "正式名称": "共創未来　富士山薬局", "機関区分": 5, "都道府県コード": 19, "市区町村コード": 202, "所在地": "山梨県富士吉田市上吉田東３－４－１", "緯度": 35.474038, "経度": 138.802019, "url": "https://www.iryou.teikyouseido.mhlw.go.jp/znk-web/juminkanja/S2430/initialize?prefCd=19&kikanCd=6192000610&kikanKbn=5", "url2": null, "内容": "共創未来　富士山薬局【5:薬局】山梨県富士吉田市上吉田東３－４－１" }, "geometry": { "type": "Point", "coordinates": [ 138.802019, 35.474038 ] } },
{ "type": "Feature", "properties": { "ID": 1956192000613, "正式名称": "株式会社　赤岡綜合薬局　須玉店", "機関区分": 5, "都道府県コード": 19, "市区町村コード": 209, "所在地": "山梨県北杜市須玉町若神子７１３番地１", "緯度": 35.790775, "経度": 138.424675, "url": "https://www.iryou.teikyouseido.mhlw.go.jp/znk-web/juminkanja/S2430/initialize?prefCd=19&kikanCd=6192000613&kikanKbn=5", "url2": "https://www.akaoka-ph.com/", "内容": "株式会社　赤岡綜合薬局　須玉店【5:薬局】山梨県北杜市須玉町若神子７１３番地１" }, "geometry": { "type": "Point", "coordinates": [ 138.424675, 35.790775 ] } },
{ "type": "Feature", "properties": { "ID": 1956192000615, "正式名称": "共創未来　上野原薬局", "機関区分": 5, "都道府県コード": 19, "市区町村コード": 212, "所在地": "山梨県上野原市上野原３６４８－４", "緯度": 35.63136, "経度": 139.110819, "url": "https://www.iryou.teikyouseido.mhlw.go.jp/znk-web/juminkanja/S2430/initialize?prefCd=19&kikanCd=6192000615&kikanKbn=5", "url2": "http://www.phmirai.co.jp/shops/detail.php?id=171", "内容": "共創未来　上野原薬局【5:薬局】山梨県上野原市上野原３６４８－４" }, "geometry": { "type": "Point", "coordinates": [ 139.110819, 35.63136 ] } },
{ "type": "Feature", "properties": { "ID": 1956192000617, "正式名称": "株式会社中沢薬局　鰍沢店", "機関区分": 5, "都道府県コード": 19, "市区町村コード": 368, "所在地": "山梨県南巨摩郡富士川町鰍沢１８７－１", "緯度": 35.549968, "経度": 138.465294, "url": "https://www.iryou.teikyouseido.mhlw.go.jp/znk-web/juminkanja/S2430/initialize?prefCd=19&kikanCd=6192000617&kikanKbn=5", "url2": "https://www.nakazawa-ph.com/", "内容": "株式会社中沢薬局　鰍沢店【5:薬局】山梨県南巨摩郡富士川町鰍沢１８７－１" }, "geometry": { "type": "Point", "coordinates": [ 138.465294, 35.549968 ] } },
{ "type": "Feature", "properties": { "ID": 1956192000620, "正式名称": "ハートフル薬局　国母店", "機関区分": 5, "都道府県コード": 19, "市区町村コード": 201, "所在地": "山梨県甲府市国母５丁目１６－１９", "緯度": 35.640154, "経度": 138.555754, "url": "https://www.iryou.teikyouseido.mhlw.go.jp/znk-web/juminkanja/S2430/initialize?prefCd=19&kikanCd=6192000620&kikanKbn=5", "url2": "http://www.heartful-ph.com", "内容": "ハートフル薬局　国母店【5:薬局】山梨県甲府市国母５丁目１６－１９" }, "geometry": { "type": "Point", "coordinates": [ 138.555754, 35.640154 ] } },
{ "type": "Feature", "properties": { "ID": 1956192000622, "正式名称": "アーク調剤薬局　甲府西店", "機関区分": 5, "都道府県コード": 19, "市区町村コード": 201, "所在地": "山梨県甲府市富竹１－３－１３", "緯度": 35.656791, "経度": 138.542976, "url": "https://www.iryou.teikyouseido.mhlw.go.jp/znk-web/juminkanja/S2430/initialize?prefCd=19&kikanCd=6192000622&kikanKbn=5", "url2": "http://www.arc-m.co.jp/", "内容": "アーク調剤薬局　甲府西店【5:薬局】山梨県甲府市富竹１－３－１３" }, "geometry": { "type": "Point", "coordinates": [ 138.542976, 35.656791 ] } },
{ "type": "Feature", "properties": { "ID": 1956192000625, "正式名称": "はらさわ調剤薬局", "機関区分": 5, "都道府県コード": 19, "市区町村コード": 201, "所在地": "山梨県甲府市伊勢３丁目８－３８", "緯度": 35.644988, "経度": 138.567892, "url": "https://www.iryou.teikyouseido.mhlw.go.jp/znk-web/juminkanja/S2430/initialize?prefCd=19&kikanCd=6192000625&kikanKbn=5", "url2": null, "内容": "はらさわ調剤薬局【5:薬局】山梨県甲府市伊勢３丁目８－３８" }, "geometry": { "type": "Point", "coordinates": [ 138.567892, 35.644988 ] } },
{ "type": "Feature", "properties": { "ID": 1956192000627, "正式名称": "さくら調剤薬局　甲府店", "機関区分": 5, "都道府県コード": 19, "市区町村コード": 201, "所在地": "山梨県甲府市富士見１－５－１９", "緯度": 35.674345, "経度": 138.548781, "url": "https://www.iryou.teikyouseido.mhlw.go.jp/znk-web/juminkanja/S2430/initialize?prefCd=19&kikanCd=6192000627&kikanKbn=5", "url2": "https://sakura-ph.com", "内容": "さくら調剤薬局　甲府店【5:薬局】山梨県甲府市富士見１－５－１９" }, "geometry": { "type": "Point", "coordinates": [ 138.548781, 35.674345 ] } },
{ "type": "Feature", "properties": { "ID": 1956192000628, "正式名称": "ハートフル薬局", "機関区分": 5, "都道府県コード": 19, "市区町村コード": 205, "所在地": "山梨県山梨市七日市場", "緯度": 35.704262, "経度": 138.701767, "url": "https://www.iryou.teikyouseido.mhlw.go.jp/znk-web/juminkanja/S2430/initialize?prefCd=19&kikanCd=6192000628&kikanKbn=5", "url2": "http://www.heartful-ph.com", "内容": "ハートフル薬局【5:薬局】山梨県山梨市七日市場" }, "geometry": { "type": "Point", "coordinates": [ 138.701767, 35.704262 ] } },
{ "type": "Feature", "properties": { "ID": 1956192000631, "正式名称": "日本調剤　横沢薬局", "機関区分": 5, "都道府県コード": 19, "市区町村コード": 201, "所在地": "山梨県甲府市朝日３－１１－３０", "緯度": 35.671457, "経度": 138.565669, "url": "https://www.iryou.teikyouseido.mhlw.go.jp/znk-web/juminkanja/S2430/initialize?prefCd=19&kikanCd=6192000631&kikanKbn=5", "url2": "http://www.nicho.co.jp/", "内容": "日本調剤　横沢薬局【5:薬局】山梨県甲府市朝日３－１１－３０" }, "geometry": { "type": "Point", "coordinates": [ 138.565669, 35.671457 ] } },
{ "type": "Feature", "properties": { "ID": 1956192000632, "正式名称": "サンロード調剤", "機関区分": 5, "都道府県コード": 19, "市区町村コード": 201, "所在地": "山梨県甲府市朝日３丁目１１－３０", "緯度": 35.671457, "経度": 138.565669, "url": "https://www.iryou.teikyouseido.mhlw.go.jp/znk-web/juminkanja/S2430/initialize?prefCd=19&kikanCd=6192000632&kikanKbn=5", "url2": null, "内容": "サンロード調剤【5:薬局】山梨県甲府市朝日３丁目１１－３０" }, "geometry": { "type": "Point", "coordinates": [ 138.565669, 35.671457 ] } },
{ "type": "Feature", "properties": { "ID": 1956192000634, "正式名称": "ありす薬局", "機関区分": 5, "都道府県コード": 19, "市区町村コード": 212, "所在地": "山梨県上野原市上野原６９１－１", "緯度": 35.62425, "経度": 139.115514, "url": "https://www.iryou.teikyouseido.mhlw.go.jp/znk-web/juminkanja/S2430/initialize?prefCd=19&kikanCd=6192000634&kikanKbn=5", "url2": null, "内容": "ありす薬局【5:薬局】山梨県上野原市上野原６９１－１" }, "geometry": { "type": "Point", "coordinates": [ 139.115514, 35.62425 ] } },
{ "type": "Feature", "properties": { "ID": 1956192000636, "正式名称": "ウエルシア薬局甲斐敷島店", "機関区分": 5, "都道府県コード": 19, "市区町村コード": 210, "所在地": "山梨県甲斐市中下条１６１１", "緯度": 35.679733, "経度": 138.528337, "url": "https://www.iryou.teikyouseido.mhlw.go.jp/znk-web/juminkanja/S2430/initialize?prefCd=19&kikanCd=6192000636&kikanKbn=5", "url2": "http://www.welcia-kanto.jp/stores/detail_8136.html", "内容": "ウエルシア薬局甲斐敷島店【5:薬局】山梨県甲斐市中下条１６１１" }, "geometry": { "type": "Point", "coordinates": [ 138.528337, 35.679733 ] } },
{ "type": "Feature", "properties": { "ID": 1956192000637, "正式名称": "ウエルシア薬局甲斐開国橋店", "機関区分": 5, "都道府県コード": 19, "市区町村コード": 210, "所在地": "山梨県甲斐市西八幡３５６８－１", "緯度": 35.642153, "経度": 138.512536, "url": "https://www.iryou.teikyouseido.mhlw.go.jp/znk-web/juminkanja/S2430/initialize?prefCd=19&kikanCd=6192000637&kikanKbn=5", "url2": "https://www.welcia.co.jp", "内容": "ウエルシア薬局甲斐開国橋店【5:薬局】山梨県甲斐市西八幡３５６８－１" }, "geometry": { "type": "Point", "coordinates": [ 138.512536, 35.642153 ] } },
{ "type": "Feature", "properties": { "ID": 1956192000638, "正式名称": "みさき薬局　赤坂台", "機関区分": 5, "都道府県コード": 19, "市区町村コード": 210, "所在地": "山梨県甲斐市竜王７６３－４０", "緯度": 35.674574, "経度": 138.507057, "url": "https://www.iryou.teikyouseido.mhlw.go.jp/znk-web/juminkanja/S2430/initialize?prefCd=19&kikanCd=6192000638&kikanKbn=5", "url2": "http://www.dyna-misaki.co.jp", "内容": "みさき薬局　赤坂台【5:薬局】山梨県甲斐市竜王７６３－４０" }, "geometry": { "type": "Point", "coordinates": [ 138.507057, 35.674574 ] } },
{ "type": "Feature", "properties": { "ID": 1956192000639, "正式名称": "大和薬局　甲府調剤", "機関区分": 5, "都道府県コード": 19, "市区町村コード": 201, "所在地": "山梨県甲府市上石田２－１９－７", "緯度": 35.653903, "経度": 138.554586, "url": "https://www.iryou.teikyouseido.mhlw.go.jp/znk-web/juminkanja/S2430/initialize?prefCd=19&kikanCd=6192000639&kikanKbn=5", "url2": null, "内容": "大和薬局　甲府調剤【5:薬局】山梨県甲府市上石田２－１９－７" }, "geometry": { "type": "Point", "coordinates": [ 138.554586, 35.653903 ] } },
{ "type": "Feature", "properties": { "ID": 1956192000640, "正式名称": "藤田薬局", "機関区分": 5, "都道府県コード": 19, "市区町村コード": 201, "所在地": "山梨県甲府市朝日１－３－１２", "緯度": 35.671457, "経度": 138.565669, "url": "https://www.iryou.teikyouseido.mhlw.go.jp/znk-web/juminkanja/S2430/initialize?prefCd=19&kikanCd=6192000640&kikanKbn=5", "url2": "https://sakura-ph.com", "内容": "藤田薬局【5:薬局】山梨県甲府市朝日１－３－１２" }, "geometry": { "type": "Point", "coordinates": [ 138.565669, 35.671457 ] } },
{ "type": "Feature", "properties": { "ID": 1956192000641, "正式名称": "アーク調剤薬局　長坂店", "機関区分": 5, "都道府県コード": 19, "市区町村コード": 209, "所在地": "山梨県北杜市長坂町大八田３８３８－５", "緯度": 35.833964, "経度": 138.386065, "url": "https://www.iryou.teikyouseido.mhlw.go.jp/znk-web/juminkanja/S2430/initialize?prefCd=19&kikanCd=6192000641&kikanKbn=5", "url2": "http://www.arc-m.co.jp/", "内容": "アーク調剤薬局　長坂店【5:薬局】山梨県北杜市長坂町大八田３８３８－５" }, "geometry": { "type": "Point", "coordinates": [ 138.386065, 35.833964 ] } },
{ "type": "Feature", "properties": { "ID": 1956192000644, "正式名称": "ウエルシア薬局甲府和戸店", "機関区分": 5, "都道府県コード": 19, "市区町村コード": 201, "所在地": "山梨県甲府市国玉町３２８－１", "緯度": 35.651043, "経度": 138.599611, "url": "https://www.iryou.teikyouseido.mhlw.go.jp/znk-web/juminkanja/S2430/initialize?prefCd=19&kikanCd=6192000644&kikanKbn=5", "url2": "https://stores.welcia.co.jp/8138D", "内容": "ウエルシア薬局甲府和戸店【5:薬局】山梨県甲府市国玉町３２８－１" }, "geometry": { "type": "Point", "coordinates": [ 138.599611, 35.651043 ] } },
{ "type": "Feature", "properties": { "ID": 1956192000647, "正式名称": "ミナミ調剤薬局", "機関区分": 5, "都道府県コード": 19, "市区町村コード": 365, "所在地": "山梨県南巨摩郡身延町飯富１７０４", "緯度": 35.437786, "経度": 138.434412, "url": "https://www.iryou.teikyouseido.mhlw.go.jp/znk-web/juminkanja/S2430/initialize?prefCd=19&kikanCd=6192000647&kikanKbn=5", "url2": null, "内容": "ミナミ調剤薬局【5:薬局】山梨県南巨摩郡身延町飯富１７０４" }, "geometry": { "type": "Point", "coordinates": [ 138.434412, 35.437786 ] } },
{ "type": "Feature", "properties": { "ID": 1956192000648, "正式名称": "サンロード調剤　丸の内店", "機関区分": 5, "都道府県コード": 19, "市区町村コード": 201, "所在地": "山梨県甲府市丸の内１丁目１６－１１", "緯度": 35.662902, "経度": 138.566891, "url": "https://www.iryou.teikyouseido.mhlw.go.jp/znk-web/juminkanja/S2430/initialize?prefCd=19&kikanCd=6192000648&kikanKbn=5", "url2": null, "内容": "サンロード調剤　丸の内店【5:薬局】山梨県甲府市丸の内１丁目１６－１１" }, "geometry": { "type": "Point", "coordinates": [ 138.566891, 35.662902 ] } },
{ "type": "Feature", "properties": { "ID": 1956192000649, "正式名称": "アーク調剤薬局　竜王駅前店", "機関区分": 5, "都道府県コード": 19, "市区町村コード": 210, "所在地": "山梨県甲斐市大下条１６００－４", "緯度": 35.674956, "経度": 138.524672, "url": "https://www.iryou.teikyouseido.mhlw.go.jp/znk-web/juminkanja/S2430/initialize?prefCd=19&kikanCd=6192000649&kikanKbn=5", "url2": "http://www.arc-m.co.jp/", "内容": "アーク調剤薬局　竜王駅前店【5:薬局】山梨県甲斐市大下条１６００－４" }, "geometry": { "type": "Point", "coordinates": [ 138.524672, 35.674956 ] } },
{ "type": "Feature", "properties": { "ID": 1956192000651, "正式名称": "ハートフル薬局　富士山店", "機関区分": 5, "都道府県コード": 19, "市区町村コード": 202, "所在地": "山梨県富士吉田市松山５丁目１０－２９", "緯度": 35.486287, "経度": 138.789325, "url": "https://www.iryou.teikyouseido.mhlw.go.jp/znk-web/juminkanja/S2430/initialize?prefCd=19&kikanCd=6192000651&kikanKbn=5", "url2": "https://www.heartful-ph.com/", "内容": "ハートフル薬局　富士山店【5:薬局】山梨県富士吉田市松山５丁目１０－２９" }, "geometry": { "type": "Point", "coordinates": [ 138.789325, 35.486287 ] } },
{ "type": "Feature", "properties": { "ID": 1956192000653, "正式名称": "みさき薬局　里吉", "機関区分": 5, "都道府県コード": 19, "市区町村コード": 201, "所在地": "山梨県甲府市里吉２－６－２７", "緯度": 35.649349, "経度": 138.58939, "url": "https://www.iryou.teikyouseido.mhlw.go.jp/znk-web/juminkanja/S2430/initialize?prefCd=19&kikanCd=6192000653&kikanKbn=5", "url2": "http://www.dyna-misaki.co.jp/", "内容": "みさき薬局　里吉【5:薬局】山梨県甲府市里吉２－６－２７" }, "geometry": { "type": "Point", "coordinates": [ 138.58939, 35.649349 ] } },
{ "type": "Feature", "properties": { "ID": 1956192000655, "正式名称": "アーク調剤薬局　韮崎店", "機関区分": 5, "都道府県コード": 19, "市区町村コード": 207, "所在地": "山梨県韮崎市中田町小田川１４１６－３", "緯度": 35.756778, "経度": 138.431926, "url": "https://www.iryou.teikyouseido.mhlw.go.jp/znk-web/juminkanja/S2430/initialize?prefCd=19&kikanCd=6192000655&kikanKbn=5", "url2": "http://www.arc-m.co.jp/", "内容": "アーク調剤薬局　韮崎店【5:薬局】山梨県韮崎市中田町小田川１４１６－３" }, "geometry": { "type": "Point", "coordinates": [ 138.431926, 35.756778 ] } },
{ "type": "Feature", "properties": { "ID": 1956192000656, "正式名称": "株式会社中沢薬局　南部店", "機関区分": 5, "都道府県コード": 19, "市区町村コード": 366, "所在地": "山梨県南巨摩郡南部町南部８０３４ー１", "緯度": 35.291357, "経度": 138.453335, "url": "https://www.iryou.teikyouseido.mhlw.go.jp/znk-web/juminkanja/S2430/initialize?prefCd=19&kikanCd=6192000656&kikanKbn=5", "url2": "https://www.nakazawa-ph.com/", "内容": "株式会社中沢薬局　南部店【5:薬局】山梨県南巨摩郡南部町南部８０３４ー１" }, "geometry": { "type": "Point", "coordinates": [ 138.453335, 35.291357 ] } },
{ "type": "Feature", "properties": { "ID": 1956192000660, "正式名称": "ぴぃす薬局", "機関区分": 5, "都道府県コード": 19, "市区町村コード": 210, "所在地": "山梨県甲斐市西八幡１２５８－１", "緯度": 35.644485, "経度": 138.523289, "url": "https://www.iryou.teikyouseido.mhlw.go.jp/znk-web/juminkanja/S2430/initialize?prefCd=19&kikanCd=6192000660&kikanKbn=5", "url2": "http://hiroever.com/", "内容": "ぴぃす薬局【5:薬局】山梨県甲斐市西八幡１２５８－１" }, "geometry": { "type": "Point", "coordinates": [ 138.523289, 35.644485 ] } },
{ "type": "Feature", "properties": { "ID": 1956192000661, "正式名称": "アイン薬局　南アルプス店", "機関区分": 5, "都道府県コード": 19, "市区町村コード": 208, "所在地": "山梨県南アルプス市西野２０８４－１", "緯度": 35.638931, "経度": 138.485816, "url": "https://www.iryou.teikyouseido.mhlw.go.jp/znk-web/juminkanja/S2430/initialize?prefCd=19&kikanCd=6192000661&kikanKbn=5", "url2": "http://www.ainj.co.jp/", "内容": "アイン薬局　南アルプス店【5:薬局】山梨県南アルプス市西野２０８４－１" }, "geometry": { "type": "Point", "coordinates": [ 138.485816, 35.638931 ] } },
{ "type": "Feature", "properties": { "ID": 1956192000662, "正式名称": "マリィ薬局", "機関区分": 5, "都道府県コード": 19, "市区町村コード": 201, "所在地": "山梨県甲府市砂田町１１５９－４", "緯度": 35.654598, "経度": 138.592195, "url": "https://www.iryou.teikyouseido.mhlw.go.jp/znk-web/juminkanja/S2430/initialize?prefCd=19&kikanCd=6192000662&kikanKbn=5", "url2": null, "内容": "マリィ薬局【5:薬局】山梨県甲府市砂田町１１５９－４" }, "geometry": { "type": "Point", "coordinates": [ 138.592195, 35.654598 ] } },
{ "type": "Feature", "properties": { "ID": 1956192000663, "正式名称": "アイリス調剤薬局　三ヶ所店", "機関区分": 5, "都道府県コード": 19, "市区町村コード": 205, "所在地": "山梨県山梨市三ケ所１１４０番地", "緯度": 35.691651, "経度": 138.707128, "url": "https://www.iryou.teikyouseido.mhlw.go.jp/znk-web/juminkanja/S2430/initialize?prefCd=19&kikanCd=6192000663&kikanKbn=5", "url2": "http://kkc-pharmacy.com/", "内容": "アイリス調剤薬局　三ヶ所店【5:薬局】山梨県山梨市三ケ所１１４０番地" }, "geometry": { "type": "Point", "coordinates": [ 138.707128, 35.691651 ] } },
{ "type": "Feature", "properties": { "ID": 1956192000665, "正式名称": "加納岩調剤薬局", "機関区分": 5, "都道府県コード": 19, "市区町村コード": 205, "所在地": "山梨県山梨市上神内川１１２６番地２", "緯度": 35.688485, "経度": 138.685658, "url": "https://www.iryou.teikyouseido.mhlw.go.jp/znk-web/juminkanja/S2430/initialize?prefCd=19&kikanCd=6192000665&kikanKbn=5", "url2": "http://kkc-pharmacy.com/", "内容": "加納岩調剤薬局【5:薬局】山梨県山梨市上神内川１１２６番地２" }, "geometry": { "type": "Point", "coordinates": [ 138.685658, 35.688485 ] } },
{ "type": "Feature", "properties": { "ID": 1956192000666, "正式名称": "ときわ調剤センター", "機関区分": 5, "都道府県コード": 19, "市区町村コード": 205, "所在地": "山梨県山梨市万力７５番地", "緯度": 35.687235, "経度": 138.673881, "url": "https://www.iryou.teikyouseido.mhlw.go.jp/znk-web/juminkanja/S2430/initialize?prefCd=19&kikanCd=6192000666&kikanKbn=5", "url2": "http://tokiwa-pharmacy.sakura.ne.jp", "内容": "ときわ調剤センター【5:薬局】山梨県山梨市万力７５番地" }, "geometry": { "type": "Point", "coordinates": [ 138.673881, 35.687235 ] } },
{ "type": "Feature", "properties": { "ID": 1956192000667, "正式名称": "調剤薬局ツルハドラッグ甲府富士見店", "機関区分": 5, "都道府県コード": 19, "市区町村コード": 201, "所在地": "山梨県甲府市富士見１丁目６番１３号", "緯度": 35.674345, "経度": 138.548781, "url": "https://www.iryou.teikyouseido.mhlw.go.jp/znk-web/juminkanja/S2430/initialize?prefCd=19&kikanCd=6192000667&kikanKbn=5", "url2": "http://www.tsuruha.co.jp", "内容": "調剤薬局ツルハドラッグ甲府富士見店【5:薬局】山梨県甲府市富士見１丁目６番１３号" }, "geometry": { "type": "Point", "coordinates": [ 138.548781, 35.674345 ] } },
{ "type": "Feature", "properties": { "ID": 1956192000668, "正式名称": "甲斐竜王薬局", "機関区分": 5, "都道府県コード": 19, "市区町村コード": 210, "所在地": "山梨県甲斐市西八幡３８２５－９", "緯度": 35.642153, "経度": 138.512536, "url": "https://www.iryou.teikyouseido.mhlw.go.jp/znk-web/juminkanja/S2430/initialize?prefCd=19&kikanCd=6192000668&kikanKbn=5", "url2": "http://www.tokunaga-p.jp/store50", "内容": "甲斐竜王薬局【5:薬局】山梨県甲斐市西八幡３８２５－９" }, "geometry": { "type": "Point", "coordinates": [ 138.512536, 35.642153 ] } },
{ "type": "Feature", "properties": { "ID": 1956192000670, "正式名称": "イオン薬局甲府昭和店", "機関区分": 5, "都道府県コード": 19, "市区町村コード": 384, "所在地": "山梨県中巨摩郡昭和町飯喰１５０５－１", "緯度": 35.627933, "経度": 138.535145, "url": "https://www.iryou.teikyouseido.mhlw.go.jp/znk-web/juminkanja/S2430/initialize?prefCd=19&kikanCd=6192000670&kikanKbn=5", "url2": null, "内容": "イオン薬局甲府昭和店【5:薬局】山梨県中巨摩郡昭和町飯喰１５０５－１" }, "geometry": { "type": "Point", "coordinates": [ 138.535145, 35.627933 ] } },
{ "type": "Feature", "properties": { "ID": 1956192000671, "正式名称": "株式会社ウエノ　ウエノ美咲薬局", "機関区分": 5, "都道府県コード": 19, "市区町村コード": 201, "所在地": "山梨県甲府市美咲１－１－２６", "緯度": 35.676039, "経度": 138.56478, "url": "https://www.iryou.teikyouseido.mhlw.go.jp/znk-web/juminkanja/S2430/initialize?prefCd=19&kikanCd=6192000671&kikanKbn=5", "url2": "http://www.ueno.vc/", "内容": "株式会社ウエノ　ウエノ美咲薬局【5:薬局】山梨県甲府市美咲１－１－２６" }, "geometry": { "type": "Point", "coordinates": [ 138.56478, 35.676039 ] } },
{ "type": "Feature", "properties": { "ID": 1956192000672, "正式名称": "サンロード調剤薬局昭和店", "機関区分": 5, "都道府県コード": 19, "市区町村コード": 384, "所在地": "山梨県中巨摩郡昭和町河西６２２－１", "緯度": 35.614379, "経度": 138.521397, "url": "https://www.iryou.teikyouseido.mhlw.go.jp/znk-web/juminkanja/S2430/initialize?prefCd=19&kikanCd=6192000672&kikanKbn=5", "url2": null, "内容": "サンロード調剤薬局昭和店【5:薬局】山梨県中巨摩郡昭和町河西６２２－１" }, "geometry": { "type": "Point", "coordinates": [ 138.521397, 35.614379 ] } },
{ "type": "Feature", "properties": { "ID": 1956192000673, "正式名称": "アーク調剤薬局　アルプス吉田店", "機関区分": 5, "都道府県コード": 19, "市区町村コード": 208, "所在地": "山梨県南アルプス市吉田８６４－５", "緯度": 35.6211, "経度": 138.484594, "url": "https://www.iryou.teikyouseido.mhlw.go.jp/znk-web/juminkanja/S2430/initialize?prefCd=19&kikanCd=6192000673&kikanKbn=5", "url2": "http://www.arc-m.co.jp/", "内容": "アーク調剤薬局　アルプス吉田店【5:薬局】山梨県南アルプス市吉田８６４－５" }, "geometry": { "type": "Point", "coordinates": [ 138.484594, 35.6211 ] } },
{ "type": "Feature", "properties": { "ID": 1956192000675, "正式名称": "共創未来西下条薬局", "機関区分": 5, "都道府県コード": 19, "市区町村コード": 201, "所在地": "山梨県甲府市西下条町１７番地", "緯度": 35.609686, "経度": 138.568087, "url": "https://www.iryou.teikyouseido.mhlw.go.jp/znk-web/juminkanja/S2430/initialize?prefCd=19&kikanCd=6192000675&kikanKbn=5", "url2": "http://www.phmirai.co.jp/shops/detail.php?id=384", "内容": "共創未来西下条薬局【5:薬局】山梨県甲府市西下条町１７番地" }, "geometry": { "type": "Point", "coordinates": [ 138.568087, 35.609686 ] } },
{ "type": "Feature", "properties": { "ID": 1956192000676, "正式名称": "かすがい薬局", "機関区分": 5, "都道府県コード": 19, "市区町村コード": 211, "所在地": "山梨県笛吹市春日居町別田１０２番地１", "緯度": 35.676291, "経度": 138.659772, "url": "https://www.iryou.teikyouseido.mhlw.go.jp/znk-web/juminkanja/S2430/initialize?prefCd=19&kikanCd=6192000676&kikanKbn=5", "url2": "https://kasugai-yakkyoku.com/", "内容": "かすがい薬局【5:薬局】山梨県笛吹市春日居町別田１０２番地１" }, "geometry": { "type": "Point", "coordinates": [ 138.659772, 35.676291 ] } },
{ "type": "Feature", "properties": { "ID": 1956192000677, "正式名称": "コモア薬局", "機関区分": 5, "都道府県コード": 19, "市区町村コード": 212, "所在地": "山梨県上野原市コモアしおつ３丁目２２－３", "緯度": 35.618915, "経度": 139.075379, "url": "https://www.iryou.teikyouseido.mhlw.go.jp/znk-web/juminkanja/S2430/initialize?prefCd=19&kikanCd=6192000677&kikanKbn=5", "url2": null, "内容": "コモア薬局【5:薬局】山梨県上野原市コモアしおつ３丁目２２－３" }, "geometry": { "type": "Point", "coordinates": [ 139.075379, 35.618915 ] } },
{ "type": "Feature", "properties": { "ID": 1956192000678, "正式名称": "みさき薬局　小瀬", "機関区分": 5, "都道府県コード": 19, "市区町村コード": 201, "所在地": "山梨県甲府市増坪町５４１－１", "緯度": 35.632997, "経度": 138.592139, "url": "https://www.iryou.teikyouseido.mhlw.go.jp/znk-web/juminkanja/S2430/initialize?prefCd=19&kikanCd=6192000678&kikanKbn=5", "url2": "http://www.dyna-misaki.co.jp", "内容": "みさき薬局　小瀬【5:薬局】山梨県甲府市増坪町５４１－１" }, "geometry": { "type": "Point", "coordinates": [ 138.592139, 35.632997 ] } },
{ "type": "Feature", "properties": { "ID": 1956192000679, "正式名称": "ケーツーメディカル　株式会社　市川三郷薬局", "機関区分": 5, "都道府県コード": 19, "市区町村コード": 346, "所在地": "山梨県西八代郡市川三郷町高田５１７番地２", "緯度": 35.556857, "経度": 138.488735, "url": "https://www.iryou.teikyouseido.mhlw.go.jp/znk-web/juminkanja/S2430/initialize?prefCd=19&kikanCd=6192000679&kikanKbn=5", "url2": null, "内容": "ケーツーメディカル　株式会社　市川三郷薬局【5:薬局】山梨県西八代郡市川三郷町高田５１７番地２" }, "geometry": { "type": "Point", "coordinates": [ 138.488735, 35.556857 ] } },
{ "type": "Feature", "properties": { "ID": 1956192000681, "正式名称": "セキテイ調剤薬局　医大若宮店", "機関区分": 5, "都道府県コード": 19, "市区町村コード": 214, "所在地": "山梨県中央市若宮４６－２", "緯度": 35.612554, "経度": 138.541168, "url": "https://www.iryou.teikyouseido.mhlw.go.jp/znk-web/juminkanja/S2430/initialize?prefCd=19&kikanCd=6192000681&kikanKbn=5", "url2": "https://sekitei.info/", "内容": "セキテイ調剤薬局　医大若宮店【5:薬局】山梨県中央市若宮４６－２" }, "geometry": { "type": "Point", "coordinates": [ 138.541168, 35.612554 ] } },
{ "type": "Feature", "properties": { "ID": 1956192000682, "正式名称": "しらゆり調剤薬局", "機関区分": 5, "都道府県コード": 19, "市区町村コード": 201, "所在地": "山梨県甲府市古府中町４８１０－１", "緯度": 35.675818, "経度": 138.579361, "url": "https://www.iryou.teikyouseido.mhlw.go.jp/znk-web/juminkanja/S2430/initialize?prefCd=19&kikanCd=6192000682&kikanKbn=5", "url2": "http://www.shirayuri-ph.jp", "内容": "しらゆり調剤薬局【5:薬局】山梨県甲府市古府中町４８１０－１" }, "geometry": { "type": "Point", "coordinates": [ 138.579361, 35.675818 ] } },
{ "type": "Feature", "properties": { "ID": 1956192000683, "正式名称": "リョウセイ堂薬局", "機関区分": 5, "都道府県コード": 19, "市区町村コード": 430, "所在地": "山梨県南都留郡富士河口湖町船津９９５－２３", "緯度": 35.486563, "経度": 138.759216, "url": "https://www.iryou.teikyouseido.mhlw.go.jp/znk-web/juminkanja/S2430/initialize?prefCd=19&kikanCd=6192000683&kikanKbn=5", "url2": "https://appli.e-classa.net/ryouseidou/index.html", "内容": "リョウセイ堂薬局【5:薬局】山梨県南都留郡富士河口湖町船津９９５－２３" }, "geometry": { "type": "Point", "coordinates": [ 138.759216, 35.486563 ] } },
{ "type": "Feature", "properties": { "ID": 1956192000686, "正式名称": "アーク調剤薬局　白根店", "機関区分": 5, "都道府県コード": 19, "市区町村コード": 208, "所在地": "山梨県南アルプス市下今諏訪１３１５－２３", "緯度": 35.629432, "経度": 138.498648, "url": "https://www.iryou.teikyouseido.mhlw.go.jp/znk-web/juminkanja/S2430/initialize?prefCd=19&kikanCd=6192000686&kikanKbn=5", "url2": "http://www.arc-m.co.jp/", "内容": "アーク調剤薬局　白根店【5:薬局】山梨県南アルプス市下今諏訪１３１５－２３" }, "geometry": { "type": "Point", "coordinates": [ 138.498648, 35.629432 ] } },
{ "type": "Feature", "properties": { "ID": 1956192000689, "正式名称": "ハートフル薬局長塚店", "機関区分": 5, "都道府県コード": 19, "市区町村コード": 210, "所在地": "山梨県甲斐市長塚１３－６", "緯度": 35.668179, "経度": 138.529422, "url": "https://www.iryou.teikyouseido.mhlw.go.jp/znk-web/juminkanja/S2430/initialize?prefCd=19&kikanCd=6192000689&kikanKbn=5", "url2": "http://www.heartful-ph.com", "内容": "ハートフル薬局長塚店【5:薬局】山梨県甲斐市長塚１３－６" }, "geometry": { "type": "Point", "coordinates": [ 138.529422, 35.668179 ] } },
{ "type": "Feature", "properties": { "ID": 1956192000691, "正式名称": "さと薬局", "機関区分": 5, "都道府県コード": 19, "市区町村コード": 201, "所在地": "山梨県甲府市富竹１－１１－１０", "緯度": 35.656791, "経度": 138.542976, "url": "https://www.iryou.teikyouseido.mhlw.go.jp/znk-web/juminkanja/S2430/initialize?prefCd=19&kikanCd=6192000691&kikanKbn=5", "url2": null, "内容": "さと薬局【5:薬局】山梨県甲府市富竹１－１１－１０" }, "geometry": { "type": "Point", "coordinates": [ 138.542976, 35.656791 ] } },
{ "type": "Feature", "properties": { "ID": 1956192000692, "正式名称": "アーク調剤薬局　竜王西店", "機関区分": 5, "都道府県コード": 19, "市区町村コード": 210, "所在地": "山梨県甲斐市玉川２０１－１３", "緯度": 35.634238, "経度": 138.523313, "url": "https://www.iryou.teikyouseido.mhlw.go.jp/znk-web/juminkanja/S2430/initialize?prefCd=19&kikanCd=6192000692&kikanKbn=5", "url2": "http://www.arc-m.co.jp/", "内容": "アーク調剤薬局　竜王西店【5:薬局】山梨県甲斐市玉川２０１－１３" }, "geometry": { "type": "Point", "coordinates": [ 138.523313, 35.634238 ] } },
{ "type": "Feature", "properties": { "ID": 1956192000693, "正式名称": "共創未来若尾薬局", "機関区分": 5, "都道府県コード": 19, "市区町村コード": 207, "所在地": "山梨県韮崎市大草町若尾１３２４－１", "緯度": 35.699424, "経度": 138.444955, "url": "https://www.iryou.teikyouseido.mhlw.go.jp/znk-web/juminkanja/S2430/initialize?prefCd=19&kikanCd=6192000693&kikanKbn=5", "url2": null, "内容": "共創未来若尾薬局【5:薬局】山梨県韮崎市大草町若尾１３２４－１" }, "geometry": { "type": "Point", "coordinates": [ 138.444955, 35.699424 ] } },
{ "type": "Feature", "properties": { "ID": 1956192000696, "正式名称": "アーク調剤薬局　昭和店", "機関区分": 5, "都道府県コード": 19, "市区町村コード": 384, "所在地": "山梨県中巨摩郡昭和町河東中島１５９０－４", "緯度": 35.623184, "経度": 138.532396, "url": "https://www.iryou.teikyouseido.mhlw.go.jp/znk-web/juminkanja/S2430/initialize?prefCd=19&kikanCd=6192000696&kikanKbn=5", "url2": "https://www.arc-m.co.jp/shop/syowa", "内容": "アーク調剤薬局　昭和店【5:薬局】山梨県中巨摩郡昭和町河東中島１５９０－４" }, "geometry": { "type": "Point", "coordinates": [ 138.532396, 35.623184 ] } },
{ "type": "Feature", "properties": { "ID": 1956192000697, "正式名称": "共創未来　甲府中央薬局", "機関区分": 5, "都道府県コード": 19, "市区町村コード": 201, "所在地": "山梨県甲府市朝気１－９３－２", "緯度": 35.652376, "経度": 138.58389, "url": "https://www.iryou.teikyouseido.mhlw.go.jp/znk-web/juminkanja/S2430/initialize?prefCd=19&kikanCd=6192000697&kikanKbn=5", "url2": "http://www.phmirai.co.jp/", "内容": "共創未来　甲府中央薬局【5:薬局】山梨県甲府市朝気１－９３－２" }, "geometry": { "type": "Point", "coordinates": [ 138.58389, 35.652376 ] } },
{ "type": "Feature", "properties": { "ID": 1956192000698, "正式名称": "クスリのサンロード雨宮調剤薬局", "機関区分": 5, "都道府県コード": 19, "市区町村コード": 204, "所在地": "山梨県都留市つる５－３－４６", "緯度": 35.560114, "経度": 138.908423, "url": "https://www.iryou.teikyouseido.mhlw.go.jp/znk-web/juminkanja/S2430/initialize?prefCd=19&kikanCd=6192000698&kikanKbn=5", "url2": null, "内容": "クスリのサンロード雨宮調剤薬局【5:薬局】山梨県都留市つる５－３－４６" }, "geometry": { "type": "Point", "coordinates": [ 138.908423, 35.560114 ] } },
{ "type": "Feature", "properties": { "ID": 1956192000699, "正式名称": "アーク調剤薬局　甲府向町店", "機関区分": 5, "都道府県コード": 19, "市区町村コード": 201, "所在地": "山梨県甲府市向町２５９－１", "緯度": 35.646628, "経度": 138.618166, "url": "https://www.iryou.teikyouseido.mhlw.go.jp/znk-web/juminkanja/S2430/initialize?prefCd=19&kikanCd=6192000699&kikanKbn=5", "url2": "http://www.arc-m.co.jp/", "内容": "アーク調剤薬局　甲府向町店【5:薬局】山梨県甲府市向町２５９－１" }, "geometry": { "type": "Point", "coordinates": [ 138.618166, 35.646628 ] } },
{ "type": "Feature", "properties": { "ID": 1956192000700, "正式名称": "あめみや調剤薬局", "機関区分": 5, "都道府県コード": 19, "市区町村コード": 201, "所在地": "山梨県甲府市下小河原町３０－７", "緯度": 35.630379, "経度": 138.580586, "url": "https://www.iryou.teikyouseido.mhlw.go.jp/znk-web/juminkanja/S2430/initialize?prefCd=19&kikanCd=6192000700&kikanKbn=5", "url2": null, "内容": "あめみや調剤薬局【5:薬局】山梨県甲府市下小河原町３０－７" }, "geometry": { "type": "Point", "coordinates": [ 138.580586, 35.630379 ] } },
{ "type": "Feature", "properties": { "ID": 1956192000701, "正式名称": "サンロード調剤薬局上野原店", "機関区分": 5, "都道府県コード": 19, "市区町村コード": 212, "所在地": "山梨県上野原市上野原３５５３", "緯度": 35.631165, "経度": 139.110986, "url": "https://www.iryou.teikyouseido.mhlw.go.jp/znk-web/juminkanja/S2430/initialize?prefCd=19&kikanCd=6192000701&kikanKbn=5", "url2": "http://www.kusurinosunroad.com/", "内容": "サンロード調剤薬局上野原店【5:薬局】山梨県上野原市上野原３５５３" }, "geometry": { "type": "Point", "coordinates": [ 139.110986, 35.631165 ] } },
{ "type": "Feature", "properties": { "ID": 1956192000702, "正式名称": "みのり薬局上暮地店", "機関区分": 5, "都道府県コード": 19, "市区町村コード": 202, "所在地": "山梨県富士吉田市上暮地５丁目８番１５号", "緯度": 35.515034, "経度": 138.831376, "url": "https://www.iryou.teikyouseido.mhlw.go.jp/znk-web/juminkanja/S2430/initialize?prefCd=19&kikanCd=6192000702&kikanKbn=5", "url2": null, "内容": "みのり薬局上暮地店【5:薬局】山梨県富士吉田市上暮地５丁目８番１５号" }, "geometry": { "type": "Point", "coordinates": [ 138.831376, 35.515034 ] } },
{ "type": "Feature", "properties": { "ID": 1956192000703, "正式名称": "フラワー薬局塩山市民病院前店", "機関区分": 5, "都道府県コード": 19, "市区町村コード": 213, "所在地": "山梨県甲州市塩山西広門田４３３－５", "緯度": 35.688625, "経度": 138.719488, "url": "https://www.iryou.teikyouseido.mhlw.go.jp/znk-web/juminkanja/S2430/initialize?prefCd=19&kikanCd=6192000703&kikanKbn=5", "url2": "https://www.m-ikkou.co.jp/business/pharmacy/search/shop102.html", "内容": "フラワー薬局塩山市民病院前店【5:薬局】山梨県甲州市塩山西広門田４３３－５" }, "geometry": { "type": "Point", "coordinates": [ 138.719488, 35.688625 ] } },
{ "type": "Feature", "properties": { "ID": 1956192000704, "正式名称": "アーク調剤薬局塩山中央店", "機関区分": 5, "都道府県コード": 19, "市区町村コード": 213, "所在地": "山梨県甲州市塩山西広門田", "緯度": 35.688625, "経度": 138.719488, "url": "https://www.iryou.teikyouseido.mhlw.go.jp/znk-web/juminkanja/S2430/initialize?prefCd=19&kikanCd=6192000704&kikanKbn=5", "url2": "http://www.arc-m.co.jp/", "内容": "アーク調剤薬局塩山中央店【5:薬局】山梨県甲州市塩山西広門田" }, "geometry": { "type": "Point", "coordinates": [ 138.719488, 35.688625 ] } },
{ "type": "Feature", "properties": { "ID": 1956192000705, "正式名称": "なでしこ薬局", "機関区分": 5, "都道府県コード": 19, "市区町村コード": 211, "所在地": "山梨県笛吹市石和町八田３３０－１８", "緯度": 35.654071, "経度": 138.643274, "url": "https://www.iryou.teikyouseido.mhlw.go.jp/znk-web/juminkanja/S2430/initialize?prefCd=19&kikanCd=6192000705&kikanKbn=5", "url2": null, "内容": "なでしこ薬局【5:薬局】山梨県笛吹市石和町八田３３０－１８" }, "geometry": { "type": "Point", "coordinates": [ 138.643274, 35.654071 ] } },
{ "type": "Feature", "properties": { "ID": 1956192000706, "正式名称": "ハートフル薬局甲府東店", "機関区分": 5, "都道府県コード": 19, "市区町村コード": 201, "所在地": "山梨県甲府市砂田町１０－２", "緯度": 35.654598, "経度": 138.592195, "url": "https://www.iryou.teikyouseido.mhlw.go.jp/znk-web/juminkanja/S2430/initialize?prefCd=19&kikanCd=6192000706&kikanKbn=5", "url2": "http://www.heartful-ph.com", "内容": "ハートフル薬局甲府東店【5:薬局】山梨県甲府市砂田町１０－２" }, "geometry": { "type": "Point", "coordinates": [ 138.592195, 35.654598 ] } },
{ "type": "Feature", "properties": { "ID": 1956192000707, "正式名称": "あしざわ薬局", "機関区分": 5, "都道府県コード": 19, "市区町村コード": 213, "所在地": "山梨県甲州市塩山下於曽１３８０", "緯度": 35.700735, "経度": 138.732126, "url": "https://www.iryou.teikyouseido.mhlw.go.jp/znk-web/juminkanja/S2430/initialize?prefCd=19&kikanCd=6192000707&kikanKbn=5", "url2": "https://www.ashizawa-pharmacy.com/", "内容": "あしざわ薬局【5:薬局】山梨県甲州市塩山下於曽１３８０" }, "geometry": { "type": "Point", "coordinates": [ 138.732126, 35.700735 ] } },
{ "type": "Feature", "properties": { "ID": 1956192000708, "正式名称": "ウエルシア薬局　市川三郷店", "機関区分": 5, "都道府県コード": 19, "市区町村コード": 346, "所在地": "山梨県西八代郡市川三郷町市川大門２４４", "緯度": 35.565273, "経度": 138.502401, "url": "https://www.iryou.teikyouseido.mhlw.go.jp/znk-web/juminkanja/S2430/initialize?prefCd=19&kikanCd=6192000708&kikanKbn=5", "url2": "https://www.welcia-yakkyoku.co.jp/", "内容": "ウエルシア薬局　市川三郷店【5:薬局】山梨県西八代郡市川三郷町市川大門２４４" }, "geometry": { "type": "Point", "coordinates": [ 138.502401, 35.565273 ] } },
{ "type": "Feature", "properties": { "ID": 1956192000709, "正式名称": "ウエルシア薬局　河口湖船津店", "機関区分": 5, "都道府県コード": 19, "市区町村コード": 430, "所在地": "山梨県南都留郡富士河口湖町船津２１２８番地１", "緯度": 35.496409, "経度": 138.764089, "url": "https://www.iryou.teikyouseido.mhlw.go.jp/znk-web/juminkanja/S2430/initialize?prefCd=19&kikanCd=6192000709&kikanKbn=5", "url2": "http://www.welcia-yakkyoku.co.jp/", "内容": "ウエルシア薬局　河口湖船津店【5:薬局】山梨県南都留郡富士河口湖町船津２１２８番地１" }, "geometry": { "type": "Point", "coordinates": [ 138.764089, 35.496409 ] } },
{ "type": "Feature", "properties": { "ID": 1956192000710, "正式名称": "セキテイ調剤薬局　甲斐敷島店", "機関区分": 5, "都道府県コード": 19, "市区町村コード": 210, "所在地": "山梨県甲斐市中下条９３９－２", "緯度": 35.679733, "経度": 138.528337, "url": "https://www.iryou.teikyouseido.mhlw.go.jp/znk-web/juminkanja/S2430/initialize?prefCd=19&kikanCd=6192000710&kikanKbn=5", "url2": "https://sekitei.info/group/kaisi/", "内容": "セキテイ調剤薬局　甲斐敷島店【5:薬局】山梨県甲斐市中下条９３９－２" }, "geometry": { "type": "Point", "coordinates": [ 138.528337, 35.679733 ] } },
{ "type": "Feature", "properties": { "ID": 1956192000711, "正式名称": "ウエルシア薬局　山梨七日市場店", "機関区分": 5, "都道府県コード": 19, "市区町村コード": 205, "所在地": "山梨県山梨市七日市場８６３", "緯度": 35.701089, "経度": 138.69655, "url": "https://www.iryou.teikyouseido.mhlw.go.jp/znk-web/juminkanja/S2430/initialize?prefCd=19&kikanCd=6192000711&kikanKbn=5", "url2": "http://as.chizumaru.com/welcia/detailMap?pageLimitCtrl=1&account=welcia&accmd=3&adr=19205&x=499285.67&y=128484.363&kkw002=1,2&bid=8135&pgret=1&lscl=9994&lrot=0", "内容": "ウエルシア薬局　山梨七日市場店【5:薬局】山梨県山梨市七日市場８６３" }, "geometry": { "type": "Point", "coordinates": [ 138.69655, 35.701089 ] } },
{ "type": "Feature", "properties": { "ID": 1956192000712, "正式名称": "さえぐさ薬局鳴沢店", "機関区分": 5, "都道府県コード": 19, "市区町村コード": 429, "所在地": "山梨県南都留郡鳴沢村２１６１－１", "緯度": 35.482006, "経度": 138.709855, "url": "https://www.iryou.teikyouseido.mhlw.go.jp/znk-web/juminkanja/S2430/initialize?prefCd=19&kikanCd=6192000712&kikanKbn=5", "url2": "https://saegusa-ph.jp", "内容": "さえぐさ薬局鳴沢店【5:薬局】山梨県南都留郡鳴沢村２１６１－１" }, "geometry": { "type": "Point", "coordinates": [ 138.709855, 35.482006 ] } },
{ "type": "Feature", "properties": { "ID": 1956192000713, "正式名称": "リョウセイ堂薬局　小立店", "機関区分": 5, "都道府県コード": 19, "市区町村コード": 430, "所在地": "山梨県南都留郡富士河口湖町小立４１１４－３", "緯度": 35.490698, "経度": 138.745511, "url": "https://www.iryou.teikyouseido.mhlw.go.jp/znk-web/juminkanja/S2430/initialize?prefCd=19&kikanCd=6192000713&kikanKbn=5", "url2": "http://www.e-classa.net/ryouseidou/index.html", "内容": "リョウセイ堂薬局　小立店【5:薬局】山梨県南都留郡富士河口湖町小立４１１４－３" }, "geometry": { "type": "Point", "coordinates": [ 138.745511, 35.490698 ] } },
{ "type": "Feature", "properties": { "ID": 1956192000714, "正式名称": "サンドラッグ万力薬局", "機関区分": 5, "都道府県コード": 19, "市区町村コード": 205, "所在地": "山梨県山梨市万力７７番", "緯度": 35.687235, "経度": 138.673881, "url": "https://www.iryou.teikyouseido.mhlw.go.jp/znk-web/juminkanja/S2430/initialize?prefCd=19&kikanCd=6192000714&kikanKbn=5", "url2": "https://sundrug-online.com/blogs/search-store/1919", "内容": "サンドラッグ万力薬局【5:薬局】山梨県山梨市万力７７番" }, "geometry": { "type": "Point", "coordinates": [ 138.673881, 35.687235 ] } },
{ "type": "Feature", "properties": { "ID": 1956192000715, "正式名称": "セキテイ調剤薬局　ふじかわ店", "機関区分": 5, "都道府県コード": 19, "市区町村コード": 368, "所在地": "山梨県南巨摩郡富士川町青柳町１７４８－１", "緯度": 35.558384, "経度": 138.467126, "url": "https://www.iryou.teikyouseido.mhlw.go.jp/znk-web/juminkanja/S2430/initialize?prefCd=19&kikanCd=6192000715&kikanKbn=5", "url2": null, "内容": "セキテイ調剤薬局　ふじかわ店【5:薬局】山梨県南巨摩郡富士川町青柳町１７４８－１" }, "geometry": { "type": "Point", "coordinates": [ 138.467126, 35.558384 ] } },
{ "type": "Feature", "properties": { "ID": 1956192000717, "正式名称": "たいよう薬局　韮崎店", "機関区分": 5, "都道府県コード": 19, "市区町村コード": 207, "所在地": "山梨県韮崎市一ツ谷１８６４－１", "緯度": 35.71981, "経度": 138.432206, "url": "https://www.iryou.teikyouseido.mhlw.go.jp/znk-web/juminkanja/S2430/initialize?prefCd=19&kikanCd=6192000717&kikanKbn=5", "url2": null, "内容": "たいよう薬局　韮崎店【5:薬局】山梨県韮崎市一ツ谷１８６４－１" }, "geometry": { "type": "Point", "coordinates": [ 138.432206, 35.71981 ] } },
{ "type": "Feature", "properties": { "ID": 1956192000719, "正式名称": "株式会社ウエノ　ウエノ東薬局", "機関区分": 5, "都道府県コード": 19, "市区町村コード": 204, "所在地": "山梨県都留市法能６７０－１－２", "緯度": 35.546643, "経度": 138.919923, "url": "https://www.iryou.teikyouseido.mhlw.go.jp/znk-web/juminkanja/S2430/initialize?prefCd=19&kikanCd=6192000719&kikanKbn=5", "url2": "http://www.ueno.vc", "内容": "株式会社ウエノ　ウエノ東薬局【5:薬局】山梨県都留市法能６７０－１－２" }, "geometry": { "type": "Point", "coordinates": [ 138.919923, 35.546643 ] } },
{ "type": "Feature", "properties": { "ID": 1956192000720, "正式名称": "アーク調剤薬局　甲府住吉店", "機関区分": 5, "都道府県コード": 19, "市区町村コード": 201, "所在地": "山梨県甲府市住吉４－１２－５", "緯度": 35.639239, "経度": 138.57603, "url": "https://www.iryou.teikyouseido.mhlw.go.jp/znk-web/juminkanja/S2430/initialize?prefCd=19&kikanCd=6192000720&kikanKbn=5", "url2": "http://www.arc-m.co.jp/", "内容": "アーク調剤薬局　甲府住吉店【5:薬局】山梨県甲府市住吉４－１２－５" }, "geometry": { "type": "Point", "coordinates": [ 138.57603, 35.639239 ] } },
{ "type": "Feature", "properties": { "ID": 1956192000721, "正式名称": "クスリのサンロード薬局　後屋店", "機関区分": 5, "都道府県コード": 19, "市区町村コード": 201, "所在地": "山梨県甲府市後屋町４４６－１", "緯度": 35.630211, "経度": 138.563921, "url": "https://www.iryou.teikyouseido.mhlw.go.jp/znk-web/juminkanja/S2430/initialize?prefCd=19&kikanCd=6192000721&kikanKbn=5", "url2": "http://www.kusurinosunroad.com/", "内容": "クスリのサンロード薬局　後屋店【5:薬局】山梨県甲府市後屋町４４６－１" }, "geometry": { "type": "Point", "coordinates": [ 138.563921, 35.630211 ] } },
{ "type": "Feature", "properties": { "ID": 1956192000722, "正式名称": "調剤薬局ツルハドラッグ韮崎本町店", "機関区分": 5, "都道府県コード": 19, "市区町村コード": 207, "所在地": "山梨県韮崎市本町３丁目７番９号", "緯度": 35.703563, "経度": 138.454787, "url": "https://www.iryou.teikyouseido.mhlw.go.jp/znk-web/juminkanja/S2430/initialize?prefCd=19&kikanCd=6192000722&kikanKbn=5", "url2": null, "内容": "調剤薬局ツルハドラッグ韮崎本町店【5:薬局】山梨県韮崎市本町３丁目７番９号" }, "geometry": { "type": "Point", "coordinates": [ 138.454787, 35.703563 ] } },
{ "type": "Feature", "properties": { "ID": 1956192000723, "正式名称": "ウエルシア薬局　下吉田店", "機関区分": 5, "都道府県コード": 19, "市区町村コード": 202, "所在地": "山梨県富士吉田市富士見５－５－３８", "緯度": 35.502701, "経度": 138.813322, "url": "https://www.iryou.teikyouseido.mhlw.go.jp/znk-web/juminkanja/S2430/initialize?prefCd=19&kikanCd=6192000723&kikanKbn=5", "url2": "http://as.chizumaru.com/welcia/detailMap?account=welcia&accmd=3&kkw002=1,2&adr=19202&bid=8139&pgret=2", "内容": "ウエルシア薬局　下吉田店【5:薬局】山梨県富士吉田市富士見５－５－３８" }, "geometry": { "type": "Point", "coordinates": [ 138.813322, 35.502701 ] } },
{ "type": "Feature", "properties": { "ID": 1956192000725, "正式名称": "あんず薬局　西桂店", "機関区分": 5, "都道府県コード": 19, "市区町村コード": 423, "所在地": "山梨県南都留郡西桂町小沼１７０９－１", "緯度": 35.52145, "経度": 138.843792, "url": "https://www.iryou.teikyouseido.mhlw.go.jp/znk-web/juminkanja/S2430/initialize?prefCd=19&kikanCd=6192000725&kikanKbn=5", "url2": null, "内容": "あんず薬局　西桂店【5:薬局】山梨県南都留郡西桂町小沼１７０９－１" }, "geometry": { "type": "Point", "coordinates": [ 138.843792, 35.52145 ] } },
{ "type": "Feature", "properties": { "ID": 1956192000726, "正式名称": "みどり薬局　緑が丘店", "機関区分": 5, "都道府県コード": 19, "市区町村コード": 201, "所在地": "山梨県甲府市緑が丘２－２－１６", "緯度": 35.679595, "経度": 138.559308, "url": "https://www.iryou.teikyouseido.mhlw.go.jp/znk-web/juminkanja/S2430/initialize?prefCd=19&kikanCd=6192000726&kikanKbn=5", "url2": "http://www.midori-wakaba.co.jp", "内容": "みどり薬局　緑が丘店【5:薬局】山梨県甲府市緑が丘２－２－１６" }, "geometry": { "type": "Point", "coordinates": [ 138.559308, 35.679595 ] } },
{ "type": "Feature", "properties": { "ID": 1956192000729, "正式名称": "内田薬局", "機関区分": 5, "都道府県コード": 19, "市区町村コード": 212, "所在地": "山梨県上野原市上野原２００５－２", "緯度": 35.629554, "経度": 139.119208, "url": "https://www.iryou.teikyouseido.mhlw.go.jp/znk-web/juminkanja/S2430/initialize?prefCd=19&kikanCd=6192000729&kikanKbn=5", "url2": "https://r.goope.jp/sr-19-192121s0117", "内容": "内田薬局【5:薬局】山梨県上野原市上野原２００５－２" }, "geometry": { "type": "Point", "coordinates": [ 139.119208, 35.629554 ] } },
{ "type": "Feature", "properties": { "ID": 1956192000730, "正式名称": "よつば薬局", "機関区分": 5, "都道府県コード": 19, "市区町村コード": 207, "所在地": "山梨県韮崎市若宮２－８－１７", "緯度": 35.714339, "経度": 138.450565, "url": "https://www.iryou.teikyouseido.mhlw.go.jp/znk-web/juminkanja/S2430/initialize?prefCd=19&kikanCd=6192000730&kikanKbn=5", "url2": "https://www.spica-pharmacy.jp", "内容": "よつば薬局【5:薬局】山梨県韮崎市若宮２－８－１７" }, "geometry": { "type": "Point", "coordinates": [ 138.450565, 35.714339 ] } },
{ "type": "Feature", "properties": { "ID": 1956192000731, "正式名称": "ひまわり薬局", "機関区分": 5, "都道府県コード": 19, "市区町村コード": 213, "所在地": "山梨県甲州市塩山上井尻１４１８", "緯度": 35.711899, "経度": 138.708488, "url": "https://www.iryou.teikyouseido.mhlw.go.jp/znk-web/juminkanja/S2430/initialize?prefCd=19&kikanCd=6192000731&kikanKbn=5", "url2": "https://www.instagram.com/himawari_ganesya/", "内容": "ひまわり薬局【5:薬局】山梨県甲州市塩山上井尻１４１８" }, "geometry": { "type": "Point", "coordinates": [ 138.708488, 35.711899 ] } },
{ "type": "Feature", "properties": { "ID": 1956192000732, "正式名称": "ふたば薬局　河口湖店", "機関区分": 5, "都道府県コード": 19, "市区町村コード": 430, "所在地": "山梨県南都留郡富士河口湖町船津７４５３－５", "緯度": 35.486309, "経度": 138.764102, "url": "https://www.iryou.teikyouseido.mhlw.go.jp/znk-web/juminkanja/S2430/initialize?prefCd=19&kikanCd=6192000732&kikanKbn=5", "url2": "https://finepharmacy.wixsite.com/finepharmacy", "内容": "ふたば薬局　河口湖店【5:薬局】山梨県南都留郡富士河口湖町船津７４５３－５" }, "geometry": { "type": "Point", "coordinates": [ 138.764102, 35.486309 ] } },
{ "type": "Feature", "properties": { "ID": 1956192000733, "正式名称": "みさき薬局　にらさき北", "機関区分": 5, "都道府県コード": 19, "市区町村コード": 207, "所在地": "山梨県韮崎市中田町中條１４１７", "緯度": 35.74209, "経度": 138.433, "url": "https://www.iryou.teikyouseido.mhlw.go.jp/znk-web/juminkanja/S2430/initialize?prefCd=19&kikanCd=6192000733&kikanKbn=5", "url2": "htts://www.dyna-misaki.co.jp", "内容": "みさき薬局　にらさき北【5:薬局】山梨県韮崎市中田町中條１４１７" }, "geometry": { "type": "Point", "coordinates": [ 138.433, 35.74209 ] } },
{ "type": "Feature", "properties": { "ID": 1956192000734, "正式名称": "れんげ薬局", "機関区分": 5, "都道府県コード": 19, "市区町村コード": 214, "所在地": "山梨県中央市井之口１０９１－１", "緯度": 35.61599, "経度": 138.541117, "url": "https://www.iryou.teikyouseido.mhlw.go.jp/znk-web/juminkanja/S2430/initialize?prefCd=19&kikanCd=6192000734&kikanKbn=5", "url2": null, "内容": "れんげ薬局【5:薬局】山梨県中央市井之口１０９１－１" }, "geometry": { "type": "Point", "coordinates": [ 138.541117, 35.61599 ] } },
{ "type": "Feature", "properties": { "ID": 1956192000735, "正式名称": "セキテイ調剤薬局　甲府昭和店", "機関区分": 5, "都道府県コード": 19, "市区町村コード": 201, "所在地": "山梨県甲府市国母７丁目４－１３", "緯度": 35.640154, "経度": 138.555754, "url": "https://www.iryou.teikyouseido.mhlw.go.jp/znk-web/juminkanja/S2430/initialize?prefCd=19&kikanCd=6192000735&kikanKbn=5", "url2": "http://sekitei.info", "内容": "セキテイ調剤薬局　甲府昭和店【5:薬局】山梨県甲府市国母７丁目４－１３" }, "geometry": { "type": "Point", "coordinates": [ 138.555754, 35.640154 ] } },
{ "type": "Feature", "properties": { "ID": 1956192000737, "正式名称": "向洋薬局　玉穂店", "機関区分": 5, "都道府県コード": 19, "市区町村コード": 214, "所在地": "山梨県中央市若宮３２－５", "緯度": 35.612824, "経度": 138.538646, "url": "https://www.iryou.teikyouseido.mhlw.go.jp/znk-web/juminkanja/S2430/initialize?prefCd=19&kikanCd=6192000737&kikanKbn=5", "url2": null, "内容": "向洋薬局　玉穂店【5:薬局】山梨県中央市若宮３２－５" }, "geometry": { "type": "Point", "coordinates": [ 138.538646, 35.612824 ] } },
{ "type": "Feature", "properties": { "ID": 1956192000738, "正式名称": "アトム薬局　荊沢店", "機関区分": 5, "都道府県コード": 19, "市区町村コード": 208, "所在地": "山梨県南アルプス市荊沢４１３－１", "緯度": 35.589575, "経度": 138.464625, "url": "https://www.iryou.teikyouseido.mhlw.go.jp/znk-web/juminkanja/S2430/initialize?prefCd=19&kikanCd=6192000738&kikanKbn=5", "url2": "atom-yakkyoku.com", "内容": "アトム薬局　荊沢店【5:薬局】山梨県南アルプス市荊沢４１３－１" }, "geometry": { "type": "Point", "coordinates": [ 138.464625, 35.589575 ] } },
{ "type": "Feature", "properties": { "ID": 1956192000740, "正式名称": "みさき薬局　塩部", "機関区分": 5, "都道府県コード": 19, "市区町村コード": 201, "所在地": "山梨県甲府市塩部４－１３－９", "緯度": 35.67304, "経度": 138.557558, "url": "https://www.iryou.teikyouseido.mhlw.go.jp/znk-web/juminkanja/S2430/initialize?prefCd=19&kikanCd=6192000740&kikanKbn=5", "url2": "http://www.dyna-misaki.co.jp/", "内容": "みさき薬局　塩部【5:薬局】山梨県甲府市塩部４－１３－９" }, "geometry": { "type": "Point", "coordinates": [ 138.557558, 35.67304 ] } },
{ "type": "Feature", "properties": { "ID": 1956192000741, "正式名称": "レモン薬局", "機関区分": 5, "都道府県コード": 19, "市区町村コード": 368, "所在地": "山梨県南巨摩郡富士川町青柳町１１３５－１", "緯度": 35.559106, "経度": 138.46971, "url": "https://www.iryou.teikyouseido.mhlw.go.jp/znk-web/juminkanja/S2430/initialize?prefCd=19&kikanCd=6192000741&kikanKbn=5", "url2": null, "内容": "レモン薬局【5:薬局】山梨県南巨摩郡富士川町青柳町１１３５－１" }, "geometry": { "type": "Point", "coordinates": [ 138.46971, 35.559106 ] } },
{ "type": "Feature", "properties": { "ID": 1956192000744, "正式名称": "ケーツーメデイカル株式会社　国立病院前薬局", "機関区分": 5, "都道府県コード": 19, "市区町村コード": 201, "所在地": "山梨県甲府市美咲２－１０－１９", "緯度": 35.676039, "経度": 138.56478, "url": "https://www.iryou.teikyouseido.mhlw.go.jp/znk-web/juminkanja/S2430/initialize?prefCd=19&kikanCd=6192000744&kikanKbn=5", "url2": null, "内容": "ケーツーメデイカル株式会社　国立病院前薬局【5:薬局】山梨県甲府市美咲２－１０－１９" }, "geometry": { "type": "Point", "coordinates": [ 138.56478, 35.676039 ] } },
{ "type": "Feature", "properties": { "ID": 1956192000745, "正式名称": "梅沢薬局", "機関区分": 5, "都道府県コード": 19, "市区町村コード": 206, "所在地": "山梨県大月市猿橋町猿橋４７", "緯度": 35.61472, "経度": 138.980137, "url": "https://www.iryou.teikyouseido.mhlw.go.jp/znk-web/juminkanja/S2430/initialize?prefCd=19&kikanCd=6192000745&kikanKbn=5", "url2": null, "内容": "梅沢薬局【5:薬局】山梨県大月市猿橋町猿橋４７" }, "geometry": { "type": "Point", "coordinates": [ 138.980137, 35.61472 ] } },
{ "type": "Feature", "properties": { "ID": 1956192000746, "正式名称": "みやび薬局　おおくに店", "機関区分": 5, "都道府県コード": 19, "市区町村コード": 201, "所在地": "山梨県甲府市大里町５２０７－２", "緯度": 35.621184, "経度": 138.5592, "url": "https://www.iryou.teikyouseido.mhlw.go.jp/znk-web/juminkanja/S2430/initialize?prefCd=19&kikanCd=6192000746&kikanKbn=5", "url2": "https://miyabi-yamanashi.com/", "内容": "みやび薬局　おおくに店【5:薬局】山梨県甲府市大里町５２０７－２" }, "geometry": { "type": "Point", "coordinates": [ 138.5592, 35.621184 ] } },
{ "type": "Feature", "properties": { "ID": 1956192000747, "正式名称": "ほくろく薬局", "機関区分": 5, "都道府県コード": 19, "市区町村コード": 202, "所在地": "山梨県富士吉田市下吉田５丁目２２－９", "緯度": 35.490813, "経度": 138.803823, "url": "https://www.iryou.teikyouseido.mhlw.go.jp/znk-web/juminkanja/S2430/initialize?prefCd=19&kikanCd=6192000747&kikanKbn=5", "url2": null, "内容": "ほくろく薬局【5:薬局】山梨県富士吉田市下吉田５丁目２２－９" }, "geometry": { "type": "Point", "coordinates": [ 138.803823, 35.490813 ] } },
{ "type": "Feature", "properties": { "ID": 1956192000749, "正式名称": "みさき薬局　にらさき北", "機関区分": 5, "都道府県コード": 19, "市区町村コード": 207, "所在地": "山梨県韮崎市中田町中條１４１７", "緯度": 35.74478, "経度": 138.433815, "url": "https://www.iryou.teikyouseido.mhlw.go.jp/znk-web/juminkanja/S2430/initialize?prefCd=19&kikanCd=6192000749&kikanKbn=5", "url2": "http://www.dyna-misaki.co.jp", "内容": "みさき薬局　にらさき北【5:薬局】山梨県韮崎市中田町中條１４１７" }, "geometry": { "type": "Point", "coordinates": [ 138.433815, 35.74478 ] } },
{ "type": "Feature", "properties": { "ID": 1956192000750, "正式名称": "ウエルシア薬局山梨下神内川店", "機関区分": 5, "都道府県コード": 19, "市区町村コード": 205, "所在地": "山梨県山梨市下神内川５０番地", "緯度": 35.677514, "経度": 138.679992, "url": "https://www.iryou.teikyouseido.mhlw.go.jp/znk-web/juminkanja/S2430/initialize?prefCd=19&kikanCd=6192000750&kikanKbn=5", "url2": "https://store.welcia.co.jp/welcia/spot/detail?code=8145D", "内容": "ウエルシア薬局山梨下神内川店【5:薬局】山梨県山梨市下神内川５０番地" }, "geometry": { "type": "Point", "coordinates": [ 138.679992, 35.677514 ] } },
{ "type": "Feature", "properties": { "ID": 1956192000752, "正式名称": "調剤薬局和み乃　竜王店", "機関区分": 5, "都道府県コード": 19, "市区町村コード": 210, "所在地": "山梨県甲斐市富竹新田２３１－１", "緯度": 35.663011, "経度": 138.525984, "url": "https://www.iryou.teikyouseido.mhlw.go.jp/znk-web/juminkanja/S2430/initialize?prefCd=19&kikanCd=6192000752&kikanKbn=5", "url2": "https://milkids.p-kit.com", "内容": "調剤薬局和み乃　竜王店【5:薬局】山梨県甲斐市富竹新田２３１－１" }, "geometry": { "type": "Point", "coordinates": [ 138.525984, 35.663011 ] } },
{ "type": "Feature", "properties": { "ID": 1956192000753, "正式名称": "十字堂ないとう薬局　貢川店", "機関区分": 5, "都道府県コード": 19, "市区町村コード": 201, "所在地": "山梨県甲府市新田町１０－２５", "緯度": 35.664679, "経度": 138.538893, "url": "https://www.iryou.teikyouseido.mhlw.go.jp/znk-web/juminkanja/S2430/initialize?prefCd=19&kikanCd=6192000753&kikanKbn=5", "url2": null, "内容": "十字堂ないとう薬局　貢川店【5:薬局】山梨県甲府市新田町１０－２５" }, "geometry": { "type": "Point", "coordinates": [ 138.538893, 35.664679 ] } },
{ "type": "Feature", "properties": { "ID": 1956192000754, "正式名称": "街の薬局", "機関区分": 5, "都道府県コード": 19, "市区町村コード": 208, "所在地": "山梨県南アルプス市野牛島２３４７－７", "緯度": 35.662234, "経度": 138.477898, "url": "https://www.iryou.teikyouseido.mhlw.go.jp/znk-web/juminkanja/S2430/initialize?prefCd=19&kikanCd=6192000754&kikanKbn=5", "url2": null, "内容": "街の薬局【5:薬局】山梨県南アルプス市野牛島２３４７－７" }, "geometry": { "type": "Point", "coordinates": [ 138.477898, 35.662234 ] } },
{ "type": "Feature", "properties": { "ID": 1956192000755, "正式名称": "調剤薬局ツルハドラッグ双葉響が丘店", "機関区分": 5, "都道府県コード": 19, "市区町村コード": 210, "所在地": "山梨県甲斐市龍地３６４７－１", "緯度": 35.688398, "経度": 138.505284, "url": "https://www.iryou.teikyouseido.mhlw.go.jp/znk-web/juminkanja/S2430/initialize?prefCd=19&kikanCd=6192000755&kikanKbn=5", "url2": "http://www.tsuruha.co.jp", "内容": "調剤薬局ツルハドラッグ双葉響が丘店【5:薬局】山梨県甲斐市龍地３６４７－１" }, "geometry": { "type": "Point", "coordinates": [ 138.505284, 35.688398 ] } },
{ "type": "Feature", "properties": { "ID": 1956192000757, "正式名称": "株式会社日医調剤　中央薬局", "機関区分": 5, "都道府県コード": 19, "市区町村コード": 214, "所在地": "山梨県中央市西花輪４２５８－６", "緯度": 35.591659, "経度": 138.518342, "url": "https://www.iryou.teikyouseido.mhlw.go.jp/znk-web/juminkanja/S2430/initialize?prefCd=19&kikanCd=6192000757&kikanKbn=5", "url2": null, "内容": "株式会社日医調剤　中央薬局【5:薬局】山梨県中央市西花輪４２５８－６" }, "geometry": { "type": "Point", "coordinates": [ 138.518342, 35.591659 ] } },
{ "type": "Feature", "properties": { "ID": 1956192000759, "正式名称": "調剤薬局ツルハドラッグ甲府千塚店", "機関区分": 5, "都道府県コード": 19, "市区町村コード": 201, "所在地": "山梨県甲府市千塚４丁目３番２７号", "緯度": 35.682344, "経度": 138.540225, "url": "https://www.iryou.teikyouseido.mhlw.go.jp/znk-web/juminkanja/S2430/initialize?prefCd=19&kikanCd=6192000759&kikanKbn=5", "url2": "https://www.tsuruha.co.jp/shop/chouzai/?id=1009", "内容": "調剤薬局ツルハドラッグ甲府千塚店【5:薬局】山梨県甲府市千塚４丁目３番２７号" }, "geometry": { "type": "Point", "coordinates": [ 138.540225, 35.682344 ] } },
{ "type": "Feature", "properties": { "ID": 1956192000760, "正式名称": "洗心堂薬局", "機関区分": 5, "都道府県コード": 19, "市区町村コード": 201, "所在地": "山梨県甲府市朝気３－１８－５　洗心ビル２階", "緯度": 35.652376, "経度": 138.58389, "url": "https://www.iryou.teikyouseido.mhlw.go.jp/znk-web/juminkanja/S2430/initialize?prefCd=19&kikanCd=6192000760&kikanKbn=5", "url2": null, "内容": "洗心堂薬局【5:薬局】山梨県甲府市朝気３－１８－５　洗心ビル２階" }, "geometry": { "type": "Point", "coordinates": [ 138.58389, 35.652376 ] } },
{ "type": "Feature", "properties": { "ID": 1956192000762, "正式名称": "ウエノ薬局　富士見店", "機関区分": 5, "都道府県コード": 19, "市区町村コード": 201, "所在地": "山梨県甲府市富士見１丁目４番５２号", "緯度": 35.674345, "経度": 138.548781, "url": "https://www.iryou.teikyouseido.mhlw.go.jp/znk-web/juminkanja/S2430/initialize?prefCd=19&kikanCd=6192000762&kikanKbn=5", "url2": "http://www.ueno.vc/", "内容": "ウエノ薬局　富士見店【5:薬局】山梨県甲府市富士見１丁目４番５２号" }, "geometry": { "type": "Point", "coordinates": [ 138.548781, 35.674345 ] } },
{ "type": "Feature", "properties": { "ID": 1956192000763, "正式名称": "アイビー薬局", "機関区分": 5, "都道府県コード": 19, "市区町村コード": 207, "所在地": "山梨県韮崎市若宮２－９－４６－２", "緯度": 35.714339, "経度": 138.450565, "url": "https://www.iryou.teikyouseido.mhlw.go.jp/znk-web/juminkanja/S2430/initialize?prefCd=19&kikanCd=6192000763&kikanKbn=5", "url2": "https://kai-olive.sakura.ne.jp/", "内容": "アイビー薬局【5:薬局】山梨県韮崎市若宮２－９－４６－２" }, "geometry": { "type": "Point", "coordinates": [ 138.450565, 35.714339 ] } },
{ "type": "Feature", "properties": { "ID": 1956192000765, "正式名称": "株式会社　日医調剤　城東薬局", "機関区分": 5, "都道府県コード": 19, "市区町村コード": 201, "所在地": "山梨県甲府市城東４－１７－５", "緯度": 35.658403, "経度": 138.582723, "url": "https://www.iryou.teikyouseido.mhlw.go.jp/znk-web/juminkanja/S2430/initialize?prefCd=19&kikanCd=6192000765&kikanKbn=5", "url2": null, "内容": "株式会社　日医調剤　城東薬局【5:薬局】山梨県甲府市城東４－１７－５" }, "geometry": { "type": "Point", "coordinates": [ 138.582723, 35.658403 ] } },
{ "type": "Feature", "properties": { "ID": 1956192000767, "正式名称": "ウルス薬局", "機関区分": 5, "都道府県コード": 19, "市区町村コード": 384, "所在地": "山梨県中巨摩郡昭和町上河東１３１３－１０", "緯度": 35.613796, "経度": 138.53284, "url": "https://www.iryou.teikyouseido.mhlw.go.jp/znk-web/juminkanja/S2430/initialize?prefCd=19&kikanCd=6192000767&kikanKbn=5", "url2": null, "内容": "ウルス薬局【5:薬局】山梨県中巨摩郡昭和町上河東１３１３－１０" }, "geometry": { "type": "Point", "coordinates": [ 138.53284, 35.613796 ] } },
{ "type": "Feature", "properties": { "ID": 1956192000768, "正式名称": "ウエルシア薬局塩山北店", "機関区分": 5, "都道府県コード": 19, "市区町村コード": 213, "所在地": "山梨県甲州市塩山赤尾２２９", "緯度": 35.706039, "経度": 138.740375, "url": "https://www.iryou.teikyouseido.mhlw.go.jp/znk-web/juminkanja/S2430/initialize?prefCd=19&kikanCd=6192000768&kikanKbn=5", "url2": "https://stores.welcia.co.jp/8133D", "内容": "ウエルシア薬局塩山北店【5:薬局】山梨県甲州市塩山赤尾２２９" }, "geometry": { "type": "Point", "coordinates": [ 138.740375, 35.706039 ] } },
{ "type": "Feature", "properties": { "ID": 1956192000769, "正式名称": "ウエルシア薬局韮崎富士見店", "機関区分": 5, "都道府県コード": 19, "市区町村コード": 207, "所在地": "山梨県韮崎市富士見２丁目１２番３６号", "緯度": 35.708257, "経度": 138.45612, "url": "https://www.iryou.teikyouseido.mhlw.go.jp/znk-web/juminkanja/S2430/initialize?prefCd=19&kikanCd=6192000769&kikanKbn=5", "url2": "https://www.welcia-yakkyoku.co.jp", "内容": "ウエルシア薬局韮崎富士見店【5:薬局】山梨県韮崎市富士見２丁目１２番３６号" }, "geometry": { "type": "Point", "coordinates": [ 138.45612, 35.708257 ] } },
{ "type": "Feature", "properties": { "ID": 1956192000770, "正式名称": "アイリス調剤薬局　竜王店", "機関区分": 5, "都道府県コード": 19, "市区町村コード": 210, "所在地": "山梨県甲斐市富竹新田１８１４‐１５", "緯度": 35.659208, "経度": 138.525812, "url": "https://www.iryou.teikyouseido.mhlw.go.jp/znk-web/juminkanja/S2430/initialize?prefCd=19&kikanCd=6192000770&kikanKbn=5", "url2": "https://kkc-pharmacy.com/", "内容": "アイリス調剤薬局　竜王店【5:薬局】山梨県甲斐市富竹新田１８１４‐１５" }, "geometry": { "type": "Point", "coordinates": [ 138.525812, 35.659208 ] } },
{ "type": "Feature", "properties": { "ID": 1956192000771, "正式名称": "ウエルシア薬局甲府武田店", "機関区分": 5, "都道府県コード": 19, "市区町村コード": 201, "所在地": "山梨県甲府市武田一丁目４番３１号", "緯度": 35.67454, "経度": 138.571362, "url": "https://www.iryou.teikyouseido.mhlw.go.jp/znk-web/juminkanja/S2430/initialize?prefCd=19&kikanCd=6192000771&kikanKbn=5", "url2": "https://stores.welcia.co.jp/8144D", "内容": "ウエルシア薬局甲府武田店【5:薬局】山梨県甲府市武田一丁目４番３１号" }, "geometry": { "type": "Point", "coordinates": [ 138.571362, 35.67454 ] } },
{ "type": "Feature", "properties": { "ID": 1956192000772, "正式名称": "クスリのサンロード薬局響ヶ丘店", "機関区分": 5, "都道府県コード": 19, "市区町村コード": 210, "所在地": "山梨県甲斐市龍地２７５９－１", "緯度": 35.681122, "経度": 138.511923, "url": "https://www.iryou.teikyouseido.mhlw.go.jp/znk-web/juminkanja/S2430/initialize?prefCd=19&kikanCd=6192000772&kikanKbn=5", "url2": "http://www.kusurinosunroad.com", "内容": "クスリのサンロード薬局響ヶ丘店【5:薬局】山梨県甲斐市龍地２７５９－１" }, "geometry": { "type": "Point", "coordinates": [ 138.511923, 35.681122 ] } },
{ "type": "Feature", "properties": { "ID": 1956192000773, "正式名称": "暮らしの保健室　こうふ薬局", "機関区分": 5, "都道府県コード": 19, "市区町村コード": 201, "所在地": "山梨県甲府市朝日３－１１－２８", "緯度": 35.671457, "経度": 138.565669, "url": "https://www.iryou.teikyouseido.mhlw.go.jp/znk-web/juminkanja/S2430/initialize?prefCd=19&kikanCd=6192000773&kikanKbn=5", "url2": null, "内容": "暮らしの保健室　こうふ薬局【5:薬局】山梨県甲府市朝日３－１１－２８" }, "geometry": { "type": "Point", "coordinates": [ 138.565669, 35.671457 ] } },
{ "type": "Feature", "properties": { "ID": 1956192000774, "正式名称": "アスター薬局", "機関区分": 5, "都道府県コード": 19, "市区町村コード": 201, "所在地": "山梨県甲府市上石田１－１２－２０　プラッツ上石田１０１", "緯度": 35.653903, "経度": 138.554586, "url": "https://www.iryou.teikyouseido.mhlw.go.jp/znk-web/juminkanja/S2430/initialize?prefCd=19&kikanCd=6192000774&kikanKbn=5", "url2": "https://www.kai-olive.com/", "内容": "アスター薬局【5:薬局】山梨県甲府市上石田１－１２－２０　プラッツ上石田１０１" }, "geometry": { "type": "Point", "coordinates": [ 138.554586, 35.653903 ] } },
{ "type": "Feature", "properties": { "ID": 1956192000776, "正式名称": "かえで薬局　下吉田店", "機関区分": 5, "都道府県コード": 19, "市区町村コード": 202, "所在地": "山梨県富士吉田市下吉田五丁目１８－２４", "緯度": 35.490813, "経度": 138.803823, "url": "https://www.iryou.teikyouseido.mhlw.go.jp/znk-web/juminkanja/S2430/initialize?prefCd=19&kikanCd=6192000776&kikanKbn=5", "url2": null, "内容": "かえで薬局　下吉田店【5:薬局】山梨県富士吉田市下吉田五丁目１８－２４" }, "geometry": { "type": "Point", "coordinates": [ 138.803823, 35.490813 ] } },
{ "type": "Feature", "properties": { "ID": 1956192000779, "正式名称": "たから薬局", "機関区分": 5, "都道府県コード": 19, "市区町村コード": 201, "所在地": "山梨県甲府市宝二丁目２５番１０号", "緯度": 35.660375, "経度": 138.559698, "url": "https://www.iryou.teikyouseido.mhlw.go.jp/znk-web/juminkanja/S2430/initialize?prefCd=19&kikanCd=6192000779&kikanKbn=5", "url2": "https://takara-pharm.net/", "内容": "たから薬局【5:薬局】山梨県甲府市宝二丁目２５番１０号" }, "geometry": { "type": "Point", "coordinates": [ 138.559698, 35.660375 ] } },
{ "type": "Feature", "properties": { "ID": 1956192000780, "正式名称": "ハートフル薬局山梨南店", "機関区分": 5, "都道府県コード": 19, "市区町村コード": 205, "所在地": "山梨県山梨市大野２００２－５", "緯度": 35.671709, "経度": 138.67902, "url": "https://www.iryou.teikyouseido.mhlw.go.jp/znk-web/juminkanja/S2430/initialize?prefCd=19&kikanCd=6192000780&kikanKbn=5", "url2": null, "内容": "ハートフル薬局山梨南店【5:薬局】山梨県山梨市大野２００２－５" }, "geometry": { "type": "Point", "coordinates": [ 138.67902, 35.671709 ] } },
{ "type": "Feature", "properties": { "ID": 1956192000781, "正式名称": "ハートフル薬局須玉店", "機関区分": 5, "都道府県コード": 19, "市区町村コード": 209, "所在地": "山梨県北杜市須玉町若神子２２６６－１", "緯度": 35.790775, "経度": 138.424675, "url": "https://www.iryou.teikyouseido.mhlw.go.jp/znk-web/juminkanja/S2430/initialize?prefCd=19&kikanCd=6192000781&kikanKbn=5", "url2": null, "内容": "ハートフル薬局須玉店【5:薬局】山梨県北杜市須玉町若神子２２６６－１" }, "geometry": { "type": "Point", "coordinates": [ 138.424675, 35.790775 ] } },
{ "type": "Feature", "properties": { "ID": 1956192000783, "正式名称": "すずらん薬局", "機関区分": 5, "都道府県コード": 19, "市区町村コード": 214, "所在地": "山梨県中央市山之神１５３３－２２", "緯度": 35.613656, "経度": 138.512231, "url": "https://www.iryou.teikyouseido.mhlw.go.jp/znk-web/juminkanja/S2430/initialize?prefCd=19&kikanCd=6192000783&kikanKbn=5", "url2": null, "内容": "すずらん薬局【5:薬局】山梨県中央市山之神１５３３－２２" }, "geometry": { "type": "Point", "coordinates": [ 138.512231, 35.613656 ] } },
{ "type": "Feature", "properties": { "ID": 1956192000784, "正式名称": "昭和薬局", "機関区分": 5, "都道府県コード": 19, "市区町村コード": 384, "所在地": "山梨県中巨摩郡昭和町紙漉阿原２１６－１", "緯度": 35.623823, "経度": 138.543784, "url": "https://www.iryou.teikyouseido.mhlw.go.jp/znk-web/juminkanja/S2430/initialize?prefCd=19&kikanCd=6192000784&kikanKbn=5", "url2": null, "内容": "昭和薬局【5:薬局】山梨県中巨摩郡昭和町紙漉阿原２１６－１" }, "geometry": { "type": "Point", "coordinates": [ 138.543784, 35.623823 ] } },
{ "type": "Feature", "properties": { "ID": 1956192000785, "正式名称": "サンロード調剤新田店", "機関区分": 5, "都道府県コード": 19, "市区町村コード": 212, "所在地": "山梨県上野原市新田字篠久保１５４６－１", "緯度": 35.619333, "経度": 139.119736, "url": "https://www.iryou.teikyouseido.mhlw.go.jp/znk-web/juminkanja/S2430/initialize?prefCd=19&kikanCd=6192000785&kikanKbn=5", "url2": "http://www.kusurinosunroad.com/", "内容": "サンロード調剤新田店【5:薬局】山梨県上野原市新田字篠久保１５４６－１" }, "geometry": { "type": "Point", "coordinates": [ 139.119736, 35.619333 ] } },
{ "type": "Feature", "properties": { "ID": 1956192000786, "正式名称": "ウエルシア薬局南アルプス小笠原店", "機関区分": 5, "都道府県コード": 19, "市区町村コード": 208, "所在地": "山梨県南アルプス市小笠原７６８番地２", "緯度": 35.608295, "経度": 138.468096, "url": "https://www.iryou.teikyouseido.mhlw.go.jp/znk-web/juminkanja/S2430/initialize?prefCd=19&kikanCd=6192000786&kikanKbn=5", "url2": "https://stores.welcia.co.jp/8149D", "内容": "ウエルシア薬局南アルプス小笠原店【5:薬局】山梨県南アルプス市小笠原７６８番地２" }, "geometry": { "type": "Point", "coordinates": [ 138.468096, 35.608295 ] } },
{ "type": "Feature", "properties": { "ID": 1956192000787, "正式名称": "合同会社　よし薬局", "機関区分": 5, "都道府県コード": 19, "市区町村コード": 214, "所在地": "山梨県中央市東花輪６７１－１", "緯度": 35.589076, "経度": 138.528926, "url": "https://www.iryou.teikyouseido.mhlw.go.jp/znk-web/juminkanja/S2430/initialize?prefCd=19&kikanCd=6192000787&kikanKbn=5", "url2": null, "内容": "合同会社　よし薬局【5:薬局】山梨県中央市東花輪６７１－１" }, "geometry": { "type": "Point", "coordinates": [ 138.528926, 35.589076 ] } },
{ "type": "Feature", "properties": { "ID": 1956192000789, "正式名称": "ケーツーメディカル株式会社　甲府昭和薬局", "機関区分": 5, "都道府県コード": 19, "市区町村コード": 384, "所在地": "山梨県中巨摩郡昭和町飯喰４０４－９", "緯度": 35.622267, "経度": 138.523757, "url": "https://www.iryou.teikyouseido.mhlw.go.jp/znk-web/juminkanja/S2430/initialize?prefCd=19&kikanCd=6192000789&kikanKbn=5", "url2": null, "内容": "ケーツーメディカル株式会社　甲府昭和薬局【5:薬局】山梨県中巨摩郡昭和町飯喰４０４－９" }, "geometry": { "type": "Point", "coordinates": [ 138.523757, 35.622267 ] } },
{ "type": "Feature", "properties": { "ID": 1956192000790, "正式名称": "みさき薬局　ウェルサイド千塚", "機関区分": 5, "都道府県コード": 19, "市区町村コード": 201, "所在地": "山梨県甲府市千塚１丁目９ー２５", "緯度": 35.682344, "経度": 138.540225, "url": "https://www.iryou.teikyouseido.mhlw.go.jp/znk-web/juminkanja/S2430/initialize?prefCd=19&kikanCd=6192000790&kikanKbn=5", "url2": "http://www.dyna-misaki.co.jp/", "内容": "みさき薬局　ウェルサイド千塚【5:薬局】山梨県甲府市千塚１丁目９ー２５" }, "geometry": { "type": "Point", "coordinates": [ 138.540225, 35.682344 ] } },
{ "type": "Feature", "properties": { "ID": 1956192000791, "正式名称": "クスリのアオキ石和広瀬薬局", "機関区分": 5, "都道府県コード": 19, "市区町村コード": 211, "所在地": "山梨県笛吹市石和町広瀬１３７４番地３０", "緯度": 35.640711, "経度": 138.625415, "url": "https://www.iryou.teikyouseido.mhlw.go.jp/znk-web/juminkanja/S2430/initialize?prefCd=19&kikanCd=6192000791&kikanKbn=5", "url2": "https://www.kusuri-aoki.co.jp/", "内容": "クスリのアオキ石和広瀬薬局【5:薬局】山梨県笛吹市石和町広瀬１３７４番地３０" }, "geometry": { "type": "Point", "coordinates": [ 138.625415, 35.640711 ] } },
{ "type": "Feature", "properties": { "ID": 1956192000792, "正式名称": "ハートフル調剤薬局　西花輪店", "機関区分": 5, "都道府県コード": 19, "市区町村コード": 214, "所在地": "山梨県中央市西花輪２２５９番地", "緯度": 35.591659, "経度": 138.518342, "url": "https://www.iryou.teikyouseido.mhlw.go.jp/znk-web/juminkanja/S2430/initialize?prefCd=19&kikanCd=6192000792&kikanKbn=5", "url2": "https://www.heartful-ph.jp/", "内容": "ハートフル調剤薬局　西花輪店【5:薬局】山梨県中央市西花輪２２５９番地" }, "geometry": { "type": "Point", "coordinates": [ 138.518342, 35.591659 ] } },
{ "type": "Feature", "properties": { "ID": 1956192000793, "正式名称": "株式会社いずみ薬局", "機関区分": 5, "都道府県コード": 19, "市区町村コード": 209, "所在地": "山梨県北杜市大泉町谷戸２９７０－６", "緯度": 35.861183, "経度": 138.382203, "url": "https://www.iryou.teikyouseido.mhlw.go.jp/znk-web/juminkanja/S2430/initialize?prefCd=19&kikanCd=6192000793&kikanKbn=5", "url2": null, "内容": "株式会社いずみ薬局【5:薬局】山梨県北杜市大泉町谷戸２９７０－６" }, "geometry": { "type": "Point", "coordinates": [ 138.382203, 35.861183 ] } },
{ "type": "Feature", "properties": { "ID": 1956192000794, "正式名称": "株式会社中沢薬局　山梨厚生病院前店", "機関区分": 5, "都道府県コード": 19, "市区町村コード": 205, "所在地": "山梨県山梨市万力６４－３", "緯度": 35.687235, "経度": 138.673881, "url": "https://www.iryou.teikyouseido.mhlw.go.jp/znk-web/juminkanja/S2430/initialize?prefCd=19&kikanCd=6192000794&kikanKbn=5", "url2": "https://www.nakazawa-ph.com/", "内容": "株式会社中沢薬局　山梨厚生病院前店【5:薬局】山梨県山梨市万力６４－３" }, "geometry": { "type": "Point", "coordinates": [ 138.673881, 35.687235 ] } },
{ "type": "Feature", "properties": { "ID": 1956192000795, "正式名称": "ばらざわ薬局", "機関区分": 5, "都道府県コード": 19, "市区町村コード": 208, "所在地": "山梨県南アルプス市荊沢２５２番地５", "緯度": 35.587322, "経度": 138.464432, "url": "https://www.iryou.teikyouseido.mhlw.go.jp/znk-web/juminkanja/S2430/initialize?prefCd=19&kikanCd=6192000795&kikanKbn=5", "url2": null, "内容": "ばらざわ薬局【5:薬局】山梨県南アルプス市荊沢２５２番地５" }, "geometry": { "type": "Point", "coordinates": [ 138.464432, 35.587322 ] } },
{ "type": "Feature", "properties": { "ID": 1956192000799, "正式名称": "有限会社フカサワ調剤薬局", "機関区分": 5, "都道府県コード": 19, "市区町村コード": 208, "所在地": "山梨県南アルプス市小笠原１７１８－６", "緯度": 35.608295, "経度": 138.468096, "url": "https://www.iryou.teikyouseido.mhlw.go.jp/znk-web/juminkanja/S2430/initialize?prefCd=19&kikanCd=6192000799&kikanKbn=5", "url2": null, "内容": "有限会社フカサワ調剤薬局【5:薬局】山梨県南アルプス市小笠原１７１８－６" }, "geometry": { "type": "Point", "coordinates": [ 138.468096, 35.608295 ] } },
{ "type": "Feature", "properties": { "ID": 1956192000800, "正式名称": "クローバー薬局", "機関区分": 5, "都道府県コード": 19, "市区町村コード": 214, "所在地": "山梨県中央市布施２番地３", "緯度": 35.602964, "経度": 138.524341, "url": "https://www.iryou.teikyouseido.mhlw.go.jp/znk-web/juminkanja/S2430/initialize?prefCd=19&kikanCd=6192000800&kikanKbn=5", "url2": "https://nakazawa-ph.com", "内容": "クローバー薬局【5:薬局】山梨県中央市布施２番地３" }, "geometry": { "type": "Point", "coordinates": [ 138.524341, 35.602964 ] } },
{ "type": "Feature", "properties": { "ID": 1956192000801, "正式名称": "富士桜・ゆず調剤薬局", "機関区分": 5, "都道府県コード": 19, "市区町村コード": 202, "所在地": "山梨県富士吉田市上吉田東１丁目４番１号", "緯度": 35.474038, "経度": 138.802019, "url": "https://www.iryou.teikyouseido.mhlw.go.jp/znk-web/juminkanja/S2430/initialize?prefCd=19&kikanCd=6192000801&kikanKbn=5", "url2": "https://yuzupharmacy.com/", "内容": "富士桜・ゆず調剤薬局【5:薬局】山梨県富士吉田市上吉田東１丁目４番１号" }, "geometry": { "type": "Point", "coordinates": [ 138.802019, 35.474038 ] } },
{ "type": "Feature", "properties": { "ID": 1956192000803, "正式名称": "山梨薬剤センター", "機関区分": 5, "都道府県コード": 19, "市区町村コード": 205, "所在地": "山梨県山梨市万力１１０", "緯度": 35.687235, "経度": 138.673881, "url": "https://www.iryou.teikyouseido.mhlw.go.jp/znk-web/juminkanja/S2430/initialize?prefCd=19&kikanCd=6192000803&kikanKbn=5", "url2": "https://www.m-ikkou.co.jp/", "内容": "山梨薬剤センター【5:薬局】山梨県山梨市万力１１０" }, "geometry": { "type": "Point", "coordinates": [ 138.673881, 35.687235 ] } },
{ "type": "Feature", "properties": { "ID": 1956192000804, "正式名称": "調剤薬局ツルハドラッグ山梨正徳寺店", "機関区分": 5, "都道府県コード": 19, "市区町村コード": 205, "所在地": "山梨県山梨市正徳寺字若宮１２９０番地", "緯度": 35.678569, "経度": 138.670799, "url": "https://www.iryou.teikyouseido.mhlw.go.jp/znk-web/juminkanja/S2430/initialize?prefCd=19&kikanCd=6192000804&kikanKbn=5", "url2": null, "内容": "調剤薬局ツルハドラッグ山梨正徳寺店【5:薬局】山梨県山梨市正徳寺字若宮１２９０番地" }, "geometry": { "type": "Point", "coordinates": [ 138.670799, 35.678569 ] } },
{ "type": "Feature", "properties": { "ID": 1956192000805, "正式名称": "株式会社たちばな薬局", "機関区分": 5, "都道府県コード": 19, "市区町村コード": 208, "所在地": "山梨県南アルプス市上今諏訪１７４９－１", "緯度": 35.634016, "経度": 138.495648, "url": "https://www.iryou.teikyouseido.mhlw.go.jp/znk-web/juminkanja/S2430/initialize?prefCd=19&kikanCd=6192000805&kikanKbn=5", "url2": "https://www.tachibana-ph.jp", "内容": "株式会社たちばな薬局【5:薬局】山梨県南アルプス市上今諏訪１７４９－１" }, "geometry": { "type": "Point", "coordinates": [ 138.495648, 35.634016 ] } },
{ "type": "Feature", "properties": { "ID": 1956192000810, "正式名称": "真木調剤薬局", "機関区分": 5, "都道府県コード": 19, "市区町村コード": 206, "所在地": "山梨県大月市大月町真木２１８２　真木調剤薬局", "緯度": 35.607794, "経度": 138.903354, "url": "https://www.iryou.teikyouseido.mhlw.go.jp/znk-web/juminkanja/S2430/initialize?prefCd=19&kikanCd=6192000810&kikanKbn=5", "url2": "https://www.communityartist.co.jp/", "内容": "真木調剤薬局【5:薬局】山梨県大月市大月町真木２１８２　真木調剤薬局" }, "geometry": { "type": "Point", "coordinates": [ 138.903354, 35.607794 ] } },
{ "type": "Feature", "properties": { "ID": 1956192000811, "正式名称": "サンロード調剤富士吉田店", "機関区分": 5, "都道府県コード": 19, "市区町村コード": 202, "所在地": "山梨県富士吉田市上吉田五丁目９番２０号", "緯度": 35.478538, "経度": 138.795881, "url": "https://www.iryou.teikyouseido.mhlw.go.jp/znk-web/juminkanja/S2430/initialize?prefCd=19&kikanCd=6192000811&kikanKbn=5", "url2": null, "内容": "サンロード調剤富士吉田店【5:薬局】山梨県富士吉田市上吉田五丁目９番２０号" }, "geometry": { "type": "Point", "coordinates": [ 138.795881, 35.478538 ] } },
{ "type": "Feature", "properties": { "ID": 1956192000818, "正式名称": "ふたば薬局　あらや店", "機関区分": 5, "都道府県コード": 19, "市区町村コード": 202, "所在地": "山梨県富士吉田市上吉田東５－５－３", "緯度": 35.469519, "経度": 138.800825, "url": "https://www.iryou.teikyouseido.mhlw.go.jp/znk-web/juminkanja/S2430/initialize?prefCd=19&kikanCd=6192000818&kikanKbn=5", "url2": "https://finepharmacy.wixsite.com/finepharmacy", "内容": "ふたば薬局　あらや店【5:薬局】山梨県富士吉田市上吉田東５－５－３" }, "geometry": { "type": "Point", "coordinates": [ 138.800825, 35.469519 ] } },
{ "type": "Feature", "properties": { "ID": 1956192000819, "正式名称": "調剤薬局ツルハドラッグ北杜長坂店", "機関区分": 5, "都道府県コード": 19, "市区町村コード": 209, "所在地": "山梨県北杜市長坂町大八田５３９－１", "緯度": 35.832368, "経度": 138.385812, "url": "https://www.iryou.teikyouseido.mhlw.go.jp/znk-web/juminkanja/S2430/initialize?prefCd=19&kikanCd=6192000819&kikanKbn=5", "url2": "https://shop.tsuruha-g.com/1897c", "内容": "調剤薬局ツルハドラッグ北杜長坂店【5:薬局】山梨県北杜市長坂町大八田５３９－１" }, "geometry": { "type": "Point", "coordinates": [ 138.385812, 35.832368 ] } },
{ "type": "Feature", "properties": { "ID": 1956192000820, "正式名称": "ウエルシア薬局北杜長坂店", "機関区分": 5, "都道府県コード": 19, "市区町村コード": 209, "所在地": "山梨県北杜市長坂町大八田５２番地", "緯度": 35.833964, "経度": 138.386065, "url": "https://www.iryou.teikyouseido.mhlw.go.jp/znk-web/juminkanja/S2430/initialize?prefCd=19&kikanCd=6192000820&kikanKbn=5", "url2": "https://store.welcia.co.jp/welcia/spot/detail?code=8151D", "内容": "ウエルシア薬局北杜長坂店【5:薬局】山梨県北杜市長坂町大八田５２番地" }, "geometry": { "type": "Point", "coordinates": [ 138.386065, 35.833964 ] } },
{ "type": "Feature", "properties": { "ID": 1956192000821, "正式名称": "クスリのアオキ河東中島薬局", "機関区分": 5, "都道府県コード": 19, "市区町村コード": 384, "所在地": "山梨県中巨摩郡昭和町河東中島１８０３番地１", "緯度": 35.618968, "経度": 138.533051, "url": "https://www.iryou.teikyouseido.mhlw.go.jp/znk-web/juminkanja/S2430/initialize?prefCd=19&kikanCd=6192000821&kikanKbn=5", "url2": "https://www.kusuri-aoki.co.jp/", "内容": "クスリのアオキ河東中島薬局【5:薬局】山梨県中巨摩郡昭和町河東中島１８０３番地１" }, "geometry": { "type": "Point", "coordinates": [ 138.533051, 35.618968 ] } },
{ "type": "Feature", "properties": { "ID": 1956192000822, "正式名称": "調剤薬局ツルハドラッグ甲府徳行店", "機関区分": 5, "都道府県コード": 19, "市区町村コード": 201, "所在地": "山梨県甲府市徳行２丁目１７番３号", "緯度": 35.650765, "経度": 138.541783, "url": "https://www.iryou.teikyouseido.mhlw.go.jp/znk-web/juminkanja/S2430/initialize?prefCd=19&kikanCd=6192000822&kikanKbn=5", "url2": "https://www.tsuruha.co.jp/shop/chouzai/?id=1828", "内容": "調剤薬局ツルハドラッグ甲府徳行店【5:薬局】山梨県甲府市徳行２丁目１７番３号" }, "geometry": { "type": "Point", "coordinates": [ 138.541783, 35.650765 ] } },
{ "type": "Feature", "properties": { "ID": 1956192000823, "正式名称": "オルタシア薬局", "機関区分": 5, "都道府県コード": 19, "市区町村コード": 211, "所在地": "山梨県笛吹市石和町広瀬１５１５－２４", "緯度": 35.640711, "経度": 138.625415, "url": "https://www.iryou.teikyouseido.mhlw.go.jp/znk-web/juminkanja/S2430/initialize?prefCd=19&kikanCd=6192000823&kikanKbn=5", "url2": null, "内容": "オルタシア薬局【5:薬局】山梨県笛吹市石和町広瀬１５１５－２４" }, "geometry": { "type": "Point", "coordinates": [ 138.625415, 35.640711 ] } },
{ "type": "Feature", "properties": { "ID": 1956192000825, "正式名称": "サンク調剤薬局", "機関区分": 5, "都道府県コード": 19, "市区町村コード": 205, "所在地": "山梨県山梨市上神内川１５０－２", "緯度": 35.684291, "経度": 138.685658, "url": "https://www.iryou.teikyouseido.mhlw.go.jp/znk-web/juminkanja/S2430/initialize?prefCd=19&kikanCd=6192000825&kikanKbn=5", "url2": "https://shop.tomods.jp/952", "内容": "サンク調剤薬局【5:薬局】山梨県山梨市上神内川１５０－２" }, "geometry": { "type": "Point", "coordinates": [ 138.685658, 35.684291 ] } },
{ "type": "Feature", "properties": { "ID": 1956192000827, "正式名称": "ウエルシア薬局笛吹春日居小松店", "機関区分": 5, "都道府県コード": 19, "市区町村コード": 211, "所在地": "山梨県笛吹市春日居町小松１０４６番地２", "緯度": 35.66357, "経度": 138.659911, "url": "https://www.iryou.teikyouseido.mhlw.go.jp/znk-web/juminkanja/S2430/initialize?prefCd=19&kikanCd=6192000827&kikanKbn=5", "url2": "https://store.welcia.co.jp/welcia/spot/detail?code=8150D", "内容": "ウエルシア薬局笛吹春日居小松店【5:薬局】山梨県笛吹市春日居町小松１０４６番地２" }, "geometry": { "type": "Point", "coordinates": [ 138.659911, 35.66357 ] } },
{ "type": "Feature", "properties": { "ID": 1956192000829, "正式名称": "長坂薬局", "機関区分": 5, "都道府県コード": 19, "市区町村コード": 209, "所在地": "山梨県北杜市長坂町大八田３９２２－４", "緯度": 35.833964, "経度": 138.386065, "url": "https://www.iryou.teikyouseido.mhlw.go.jp/znk-web/juminkanja/S2430/initialize?prefCd=19&kikanCd=6192000829&kikanKbn=5", "url2": "www.phstr.co.jp>nagasaka", "内容": "長坂薬局【5:薬局】山梨県北杜市長坂町大八田３９２２－４" }, "geometry": { "type": "Point", "coordinates": [ 138.386065, 35.833964 ] } },
{ "type": "Feature", "properties": { "ID": 1956192000830, "正式名称": "有限会社　千秋舎　セキテイ調剤薬局　竜王店", "機関区分": 5, "都道府県コード": 19, "市区町村コード": 210, "所在地": "山梨県甲斐市篠原６６９－１", "緯度": 35.652597, "経度": 138.524534, "url": "https://www.iryou.teikyouseido.mhlw.go.jp/znk-web/juminkanja/S2430/initialize?prefCd=19&kikanCd=6192000830&kikanKbn=5", "url2": "https://sekitei.info", "内容": "有限会社　千秋舎　セキテイ調剤薬局　竜王店【5:薬局】山梨県甲斐市篠原６６９－１" }, "geometry": { "type": "Point", "coordinates": [ 138.524534, 35.652597 ] } },
{ "type": "Feature", "properties": { "ID": 1956192000831, "正式名称": "エル薬局響が丘店", "機関区分": 5, "都道府県コード": 19, "市区町村コード": 210, "所在地": "山梨県甲斐市龍地２７８３－３", "緯度": 35.687482, "経度": 138.506312, "url": "https://www.iryou.teikyouseido.mhlw.go.jp/znk-web/juminkanja/S2430/initialize?prefCd=19&kikanCd=6192000831&kikanKbn=5", "url2": null, "内容": "エル薬局響が丘店【5:薬局】山梨県甲斐市龍地２７８３－３" }, "geometry": { "type": "Point", "coordinates": [ 138.506312, 35.687482 ] } },
{ "type": "Feature", "properties": { "ID": 1956192000832, "正式名称": "アーク調剤薬局　グリーンタウン店", "機関区分": 5, "都道府県コード": 19, "市区町村コード": 201, "所在地": "山梨県甲府市向町２０２－１", "緯度": 35.646628, "経度": 138.618166, "url": "https://www.iryou.teikyouseido.mhlw.go.jp/znk-web/juminkanja/S2430/initialize?prefCd=19&kikanCd=6192000832&kikanKbn=5", "url2": "https://www.arc-m.co.jp/", "内容": "アーク調剤薬局　グリーンタウン店【5:薬局】山梨県甲府市向町２０２－１" }, "geometry": { "type": "Point", "coordinates": [ 138.618166, 35.646628 ] } },
{ "type": "Feature", "properties": { "ID": 1956192000833, "正式名称": "シード薬局　まちかど相談所", "機関区分": 5, "都道府県コード": 19, "市区町村コード": 201, "所在地": "山梨県甲府市住吉５丁目３－１７", "緯度": 35.639239, "経度": 138.57603, "url": "https://www.iryou.teikyouseido.mhlw.go.jp/znk-web/juminkanja/S2430/initialize?prefCd=19&kikanCd=6192000833&kikanKbn=5", "url2": "https://careseed-pharmacy.jp/", "内容": "シード薬局　まちかど相談所【5:薬局】山梨県甲府市住吉５丁目３－１７" }, "geometry": { "type": "Point", "coordinates": [ 138.57603, 35.639239 ] } },
{ "type": "Feature", "properties": { "ID": 1956192000834, "正式名称": "エル薬局玉幡公園店", "機関区分": 5, "都道府県コード": 19, "市区町村コード": 210, "所在地": "山梨県甲斐市西八幡１９３７－１", "緯度": 35.642153, "経度": 138.512536, "url": "https://www.iryou.teikyouseido.mhlw.go.jp/znk-web/juminkanja/S2430/initialize?prefCd=19&kikanCd=6192000834&kikanKbn=5", "url2": "https://www.tomods.jp/", "内容": "エル薬局玉幡公園店【5:薬局】山梨県甲斐市西八幡１９３７－１" }, "geometry": { "type": "Point", "coordinates": [ 138.512536, 35.642153 ] } },
{ "type": "Feature", "properties": { "ID": 1956192000836, "正式名称": "やまなし薬局", "機関区分": 5, "都道府県コード": 19, "市区町村コード": 201, "所在地": "山梨県甲府市伊勢４－１－３", "緯度": 35.644988, "経度": 138.567892, "url": "https://www.iryou.teikyouseido.mhlw.go.jp/znk-web/juminkanja/S2430/initialize?prefCd=19&kikanCd=6192000836&kikanKbn=5", "url2": null, "内容": "やまなし薬局【5:薬局】山梨県甲府市伊勢４－１－３" }, "geometry": { "type": "Point", "coordinates": [ 138.567892, 35.644988 ] } },
{ "type": "Feature", "properties": { "ID": 1956192000838, "正式名称": "やすらぎ薬局　加納岩店", "機関区分": 5, "都道府県コード": 19, "市区町村コード": 205, "所在地": "山梨県山梨市上神内川１２９５－４", "緯度": 35.688485, "経度": 138.685658, "url": "https://www.iryou.teikyouseido.mhlw.go.jp/znk-web/juminkanja/S2430/initialize?prefCd=19&kikanCd=6192000838&kikanKbn=5", "url2": null, "内容": "やすらぎ薬局　加納岩店【5:薬局】山梨県山梨市上神内川１２９５－４" }, "geometry": { "type": "Point", "coordinates": [ 138.685658, 35.688485 ] } },
{ "type": "Feature", "properties": { "ID": 1956192000839, "正式名称": "アイリス調剤薬局　韮崎店", "機関区分": 5, "都道府県コード": 19, "市区町村コード": 207, "所在地": "山梨県韮崎市穂坂町宮久保７８３－８６", "緯度": 35.730643, "経度": 138.470424, "url": "https://www.iryou.teikyouseido.mhlw.go.jp/znk-web/juminkanja/S2430/initialize?prefCd=19&kikanCd=6192000839&kikanKbn=5", "url2": "https://kkc-pharmacy.com/", "内容": "アイリス調剤薬局　韮崎店【5:薬局】山梨県韮崎市穂坂町宮久保７８３－８６" }, "geometry": { "type": "Point", "coordinates": [ 138.470424, 35.730643 ] } },
{ "type": "Feature", "properties": { "ID": 1956192000840, "正式名称": "河口湖薬局", "機関区分": 5, "都道府県コード": 19, "市区町村コード": 430, "所在地": "山梨県南都留郡富士河口湖町小立３３２６番１０", "緯度": 35.490507, "経度": 138.744495, "url": "https://www.iryou.teikyouseido.mhlw.go.jp/znk-web/juminkanja/S2430/initialize?prefCd=19&kikanCd=6192000840&kikanKbn=5", "url2": null, "内容": "河口湖薬局【5:薬局】山梨県南都留郡富士河口湖町小立３３２６番１０" }, "geometry": { "type": "Point", "coordinates": [ 138.744495, 35.490507 ] } },
{ "type": "Feature", "properties": { "ID": 1956192000842, "正式名称": "赤坂調剤薬局", "機関区分": 5, "都道府県コード": 19, "市区町村コード": 204, "所在地": "山梨県都留市下谷３－５－２１", "緯度": 35.563142, "経度": 138.912256, "url": "https://www.iryou.teikyouseido.mhlw.go.jp/znk-web/juminkanja/S2430/initialize?prefCd=19&kikanCd=6192000842&kikanKbn=5", "url2": null, "内容": "赤坂調剤薬局【5:薬局】山梨県都留市下谷３－５－２１" }, "geometry": { "type": "Point", "coordinates": [ 138.912256, 35.563142 ] } },
{ "type": "Feature", "properties": { "ID": 1956192000843, "正式名称": "初狩富士薬局", "機関区分": 5, "都道府県コード": 19, "市区町村コード": 206, "所在地": "山梨県大月市初狩町中初狩１１０－２", "緯度": 35.583083, "経度": 138.864453, "url": "https://www.iryou.teikyouseido.mhlw.go.jp/znk-web/juminkanja/S2430/initialize?prefCd=19&kikanCd=6192000843&kikanKbn=5", "url2": null, "内容": "初狩富士薬局【5:薬局】山梨県大月市初狩町中初狩１１０－２" }, "geometry": { "type": "Point", "coordinates": [ 138.864453, 35.583083 ] } },
{ "type": "Feature", "properties": { "ID": 1956192000845, "正式名称": "富士薬局", "機関区分": 5, "都道府県コード": 19, "市区町村コード": 205, "所在地": "山梨県山梨市上神内川１６１６", "緯度": 35.688485, "経度": 138.685658, "url": "https://www.iryou.teikyouseido.mhlw.go.jp/znk-web/juminkanja/S2430/initialize?prefCd=19&kikanCd=6192000845&kikanKbn=5", "url2": null, "内容": "富士薬局【5:薬局】山梨県山梨市上神内川１６１６" }, "geometry": { "type": "Point", "coordinates": [ 138.685658, 35.688485 ] } },
{ "type": "Feature", "properties": { "ID": 1956192000849, "正式名称": "クスリのアオキ山寺薬局", "機関区分": 5, "都道府県コード": 19, "市区町村コード": 208, "所在地": "山梨県南アルプス市山寺１２９８番地１", "緯度": 35.599243, "経度": 138.463855, "url": "https://www.iryou.teikyouseido.mhlw.go.jp/znk-web/juminkanja/S2430/initialize?prefCd=19&kikanCd=6192000849&kikanKbn=5", "url2": "https://www.kusuri-aoki.co.jp/", "内容": "クスリのアオキ山寺薬局【5:薬局】山梨県南アルプス市山寺１２９８番地１" }, "geometry": { "type": "Point", "coordinates": [ 138.463855, 35.599243 ] } },
{ "type": "Feature", "properties": { "ID": 1956192000853, "正式名称": "クスリのアオキ西条新田薬局", "機関区分": 5, "都道府県コード": 19, "市区町村コード": 384, "所在地": "山梨県中巨摩郡昭和町西条新田２４９番地", "緯度": 35.639088, "経度": 138.53008, "url": "https://www.iryou.teikyouseido.mhlw.go.jp/znk-web/juminkanja/S2430/initialize?prefCd=19&kikanCd=6192000853&kikanKbn=5", "url2": "https://www.kusuri-aoki.co.jp/", "内容": "クスリのアオキ西条新田薬局【5:薬局】山梨県中巨摩郡昭和町西条新田２４９番地" }, "geometry": { "type": "Point", "coordinates": [ 138.53008, 35.639088 ] } },
{ "type": "Feature", "properties": { "ID": 1956192000858, "正式名称": "アイン薬局　山梨大病院店", "機関区分": 5, "都道府県コード": 19, "市区町村コード": 214, "所在地": "山梨県中央市下河東１１１０", "緯度": 35.6102, "経度": 138.539317, "url": "https://www.iryou.teikyouseido.mhlw.go.jp/znk-web/juminkanja/S2430/initialize?prefCd=19&kikanCd=6192000858&kikanKbn=5", "url2": "https://store.ainj.co.jp/detail/1101615/", "内容": "アイン薬局　山梨大病院店【5:薬局】山梨県中央市下河東１１１０" }, "geometry": { "type": "Point", "coordinates": [ 138.539317, 35.6102 ] } },
{ "type": "Feature", "properties": { "ID": 1957196000001, "正式名称": "ウエルシア薬局上吉田店", "機関区分": 5, "都道府県コード": 19, "市区町村コード": 202, "所在地": "山梨県富士吉田市中曽根２－２－５", "緯度": 35.48366, "経度": 138.80112, "url": "https://www.iryou.teikyouseido.mhlw.go.jp/znk-web/juminkanja/S2430/initialize?prefCd=19&kikanCd=7196000001&kikanKbn=5", "url2": "https://www.welcia-yakkyoku.co.jp/", "内容": "ウエルシア薬局上吉田店【5:薬局】山梨県富士吉田市中曽根２－２－５" }, "geometry": { "type": "Point", "coordinates": [ 138.80112, 35.48366 ] } },
{ "type": "Feature", "properties": { "ID": 1957196000002, "正式名称": "株式会社サポート　コナン薬局", "機関区分": 5, "都道府県コード": 19, "市区町村コード": 430, "所在地": "山梨県南都留郡富士河口湖町小立２７２０－１４", "緯度": 35.498908, "経度": 138.751259, "url": "https://www.iryou.teikyouseido.mhlw.go.jp/znk-web/juminkanja/S2430/initialize?prefCd=19&kikanCd=7196000002&kikanKbn=5", "url2": null, "内容": "株式会社サポート　コナン薬局【5:薬局】山梨県南都留郡富士河口湖町小立２７２０－１４" }, "geometry": { "type": "Point", "coordinates": [ 138.751259, 35.498908 ] } },
{ "type": "Feature", "properties": { "ID": 1957196000003, "正式名称": "ドラッグセイムス河口湖薬局", "機関区分": 5, "都道府県コード": 19, "市区町村コード": 430, "所在地": "山梨県南都留郡富士河口湖町船津６８０３", "緯度": 35.489128, "経度": 138.763463, "url": "https://www.iryou.teikyouseido.mhlw.go.jp/znk-web/juminkanja/S2430/initialize?prefCd=19&kikanCd=7196000003&kikanKbn=5", "url2": "https://www.moriki-group.info/store_serach/yamanashi/%E3%83%89%E3%83%A9%E3%83%83%E3%82%B0%E3%82%BB%E3%82%A4%E3%83%A0%E3%82%B9%E6%B2%B3%E5%8F%A3%E6%B9%96%E8%96%AC%E5%B1%80/", "内容": "ドラッグセイムス河口湖薬局【5:薬局】山梨県南都留郡富士河口湖町船津６８０３" }, "geometry": { "type": "Point", "coordinates": [ 138.763463, 35.489128 ] } },
{ "type": "Feature", "properties": { "ID": 1957196000004, "正式名称": "アーク調剤薬局富士吉田店", "機関区分": 5, "都道府県コード": 19, "市区町村コード": 202, "所在地": "山梨県富士吉田市中曽根４ー９ー５", "緯度": 35.481384, "経度": 138.80217, "url": "https://www.iryou.teikyouseido.mhlw.go.jp/znk-web/juminkanja/S2430/initialize?prefCd=19&kikanCd=7196000004&kikanKbn=5", "url2": null, "内容": "アーク調剤薬局富士吉田店【5:薬局】山梨県富士吉田市中曽根４ー９ー５" }, "geometry": { "type": "Point", "coordinates": [ 138.80217, 35.481384 ] } },
{ "type": "Feature", "properties": { "ID": 1957196000005, "正式名称": "Ｍｅ薬局", "機関区分": 5, "都道府県コード": 19, "市区町村コード": 430, "所在地": "山梨県南都留郡富士河口湖町船津２４４６－５", "緯度": 35.495116, "経度": 138.763715, "url": "https://www.iryou.teikyouseido.mhlw.go.jp/znk-web/juminkanja/S2430/initialize?prefCd=19&kikanCd=7196000005&kikanKbn=5", "url2": "http://mepharmacy2025.wixsite.com/mepharmacy", "内容": "Ｍｅ薬局【5:薬局】山梨県南都留郡富士河口湖町船津２４４６－５" }, "geometry": { "type": "Point", "coordinates": [ 138.763715, 35.495116 ] } },
{ "type": "Feature", "properties": { "ID": 1957196000006, "正式名称": "さくら調剤薬局上野原店", "機関区分": 5, "都道府県コード": 19, "市区町村コード": 212, "所在地": "山梨県上野原市上野原３６４６－１", "緯度": 35.631258, "経度": 139.110764, "url": "https://www.iryou.teikyouseido.mhlw.go.jp/znk-web/juminkanja/S2430/initialize?prefCd=19&kikanCd=7196000006&kikanKbn=5", "url2": null, "内容": "さくら調剤薬局上野原店【5:薬局】山梨県上野原市上野原３６４６－１" }, "geometry": { "type": "Point", "coordinates": [ 139.110764, 35.631258 ] } },
{ "type": "Feature", "properties": { "ID": 1957196000007, "正式名称": "さえぐさ薬局船津店", "機関区分": 5, "都道府県コード": 19, "市区町村コード": 430, "所在地": "山梨県南都留郡富士河口湖町船津７５４８－１２", "緯度": 35.48306, "経度": 138.760002, "url": "https://www.iryou.teikyouseido.mhlw.go.jp/znk-web/juminkanja/S2430/initialize?prefCd=19&kikanCd=7196000007&kikanKbn=5", "url2": "https://saegusa-ph.jp", "内容": "さえぐさ薬局船津店【5:薬局】山梨県南都留郡富士河口湖町船津７５４８－１２" }, "geometry": { "type": "Point", "coordinates": [ 138.760002, 35.48306 ] } },
{ "type": "Feature", "properties": { "ID": 1957197000001, "正式名称": "鰍沢調剤薬局", "機関区分": 5, "都道府県コード": 19, "市区町村コード": 368, "所在地": "山梨県南巨摩郡富士川町鰍沢１５３－５０", "緯度": 35.5504, "経度": 138.466928, "url": "https://www.iryou.teikyouseido.mhlw.go.jp/znk-web/juminkanja/S2430/initialize?prefCd=19&kikanCd=7197000001&kikanKbn=5", "url2": null, "内容": "鰍沢調剤薬局【5:薬局】山梨県南巨摩郡富士川町鰍沢１５３－５０" }, "geometry": { "type": "Point", "coordinates": [ 138.466928, 35.5504 ] } },
{ "type": "Feature", "properties": { "ID": 1957197000002, "正式名称": "市川大門調剤薬局", "機関区分": 5, "都道府県コード": 19, "市区町村コード": 346, "所在地": "山梨県西八代郡市川三郷町市川大門４４１－１", "緯度": 35.559853, "経度": 138.491103, "url": "https://www.iryou.teikyouseido.mhlw.go.jp/znk-web/juminkanja/S2430/initialize?prefCd=19&kikanCd=7197000002&kikanKbn=5", "url2": null, "内容": "市川大門調剤薬局【5:薬局】山梨県西八代郡市川三郷町市川大門４４１－１" }, "geometry": { "type": "Point", "coordinates": [ 138.491103, 35.559853 ] } },
{ "type": "Feature", "properties": { "ID": 1957197000003, "正式名称": "中富調剤薬局", "機関区分": 5, "都道府県コード": 19, "市区町村コード": 365, "所在地": "山梨県南巨摩郡身延町飯富１８７８－１", "緯度": 35.435675, "経度": 138.438839, "url": "https://www.iryou.teikyouseido.mhlw.go.jp/znk-web/juminkanja/S2430/initialize?prefCd=19&kikanCd=7197000003&kikanKbn=5", "url2": null, "内容": "中富調剤薬局【5:薬局】山梨県南巨摩郡身延町飯富１８７８－１" }, "geometry": { "type": "Point", "coordinates": [ 138.438839, 35.435675 ] } },
{ "type": "Feature", "properties": { "ID": 1957197000004, "正式名称": "さくら調剤薬局　身延店", "機関区分": 5, "都道府県コード": 19, "市区町村コード": 365, "所在地": "山梨県南巨摩郡身延町梅平２４８３－４７", "緯度": 35.370752, "経度": 138.442837, "url": "https://www.iryou.teikyouseido.mhlw.go.jp/znk-web/juminkanja/S2430/initialize?prefCd=19&kikanCd=7197000004&kikanKbn=5", "url2": null, "内容": "さくら調剤薬局　身延店【5:薬局】山梨県南巨摩郡身延町梅平２４８３－４７" }, "geometry": { "type": "Point", "coordinates": [ 138.442837, 35.370752 ] } },
{ "type": "Feature", "properties": { "ID": 1957197000005, "正式名称": "クスリのサンロード薬局富士川増穂店", "機関区分": 5, "都道府県コード": 19, "市区町村コード": 368, "所在地": "山梨県南巨摩郡富士川町青柳町１４４７", "緯度": 35.562699, "経度": 138.46683, "url": "https://www.iryou.teikyouseido.mhlw.go.jp/znk-web/juminkanja/S2430/initialize?prefCd=19&kikanCd=7197000005&kikanKbn=5", "url2": null, "内容": "クスリのサンロード薬局富士川増穂店【5:薬局】山梨県南巨摩郡富士川町青柳町１４４７" }, "geometry": { "type": "Point", "coordinates": [ 138.46683, 35.562699 ] } },
{ "type": "Feature", "properties": { "ID": 1957197000006, "正式名称": "ライフ身延訪問薬局", "機関区分": 5, "都道府県コード": 19, "市区町村コード": 365, "所在地": "山梨県南巨摩郡身延町梅平２２２８－１", "緯度": 35.36535, "経度": 138.431266, "url": "https://www.iryou.teikyouseido.mhlw.go.jp/znk-web/juminkanja/S2430/initialize?prefCd=19&kikanCd=7197000006&kikanKbn=5", "url2": "https://r.goope.jp/life/", "内容": "ライフ身延訪問薬局【5:薬局】山梨県南巨摩郡身延町梅平２２２８－１" }, "geometry": { "type": "Point", "coordinates": [ 138.431266, 35.36535 ] } },
{ "type": "Feature", "properties": { "ID": 1957198000001, "正式名称": "サンロード調剤八代店", "機関区分": 5, "都道府県コード": 19, "市区町村コード": 211, "所在地": "山梨県笛吹市石和町小石和２６５４", "緯度": 35.624272, "経度": 138.625621, "url": "https://www.iryou.teikyouseido.mhlw.go.jp/znk-web/juminkanja/S2430/initialize?prefCd=19&kikanCd=7198000001&kikanKbn=5", "url2": null, "内容": "サンロード調剤八代店【5:薬局】山梨県笛吹市石和町小石和２６５４" }, "geometry": { "type": "Point", "coordinates": [ 138.625621, 35.624272 ] } },
{ "type": "Feature", "properties": { "ID": 1957198000002, "正式名称": "ハーティいしもり薬局", "機関区分": 5, "都道府県コード": 19, "市区町村コード": 205, "所在地": "山梨県山梨市下石森１３３８－２４", "緯度": 35.674244, "経度": 138.692361, "url": "https://www.iryou.teikyouseido.mhlw.go.jp/znk-web/juminkanja/S2430/initialize?prefCd=19&kikanCd=7198000002&kikanKbn=5", "url2": null, "内容": "ハーティいしもり薬局【5:薬局】山梨県山梨市下石森１３３８－２４" }, "geometry": { "type": "Point", "coordinates": [ 138.692361, 35.674244 ] } },
{ "type": "Feature", "properties": { "ID": 1957198000003, "正式名称": "ハーティ加納岩薬局", "機関区分": 5, "都道府県コード": 19, "市区町村コード": 205, "所在地": "山梨県山梨市上神内川１１３５－１", "緯度": 35.689326, "経度": 138.684859, "url": "https://www.iryou.teikyouseido.mhlw.go.jp/znk-web/juminkanja/S2430/initialize?prefCd=19&kikanCd=7198000003&kikanKbn=5", "url2": "https://www.marinegroup.jp/", "内容": "ハーティ加納岩薬局【5:薬局】山梨県山梨市上神内川１１３５－１" }, "geometry": { "type": "Point", "coordinates": [ 138.684859, 35.689326 ] } },
{ "type": "Feature", "properties": { "ID": 1957199000002, "正式名称": "ハートフル薬局大里店", "機関区分": 5, "都道府県コード": 19, "市区町村コード": 201, "所在地": "山梨県甲府市大里町４２９２－１", "緯度": 35.618665, "経度": 138.562034, "url": "https://www.iryou.teikyouseido.mhlw.go.jp/znk-web/juminkanja/S2430/initialize?prefCd=19&kikanCd=7199000002&kikanKbn=5", "url2": "https.//www.heartful-ph.com", "内容": "ハートフル薬局大里店【5:薬局】山梨県甲府市大里町４２９２－１" }, "geometry": { "type": "Point", "coordinates": [ 138.562034, 35.618665 ] } },
{ "type": "Feature", "properties": { "ID": 1957199000003, "正式名称": "四つ葉薬局　甲府上今井店", "機関区分": 5, "都道府県コード": 19, "市区町村コード": 201, "所在地": "山梨県甲府市上今井町１２７７－１", "緯度": 35.622531, "経度": 138.574957, "url": "https://www.iryou.teikyouseido.mhlw.go.jp/znk-web/juminkanja/S2430/initialize?prefCd=19&kikanCd=7199000003&kikanKbn=5", "url2": "https://www.arc-m.co.jp/", "内容": "四つ葉薬局　甲府上今井店【5:薬局】山梨県甲府市上今井町１２７７－１" }, "geometry": { "type": "Point", "coordinates": [ 138.574957, 35.622531 ] } },
{ "type": "Feature", "properties": { "ID": 1957199000006, "正式名称": "らいと薬局", "機関区分": 5, "都道府県コード": 19, "市区町村コード": 201, "所在地": "山梨県甲府市上阿原町１０２３－４", "緯度": 35.649736, "経度": 138.608147, "url": "https://www.iryou.teikyouseido.mhlw.go.jp/znk-web/juminkanja/S2430/initialize?prefCd=19&kikanCd=7199000006&kikanKbn=5", "url2": null, "内容": "らいと薬局【5:薬局】山梨県甲府市上阿原町１０２３－４" }, "geometry": { "type": "Point", "coordinates": [ 138.608147, 35.649736 ] } },
{ "type": "Feature", "properties": { "ID": 1957199000007, "正式名称": "株式会社ウエノ　ウエノ薬局", "機関区分": 5, "都道府県コード": 19, "市区町村コード": 201, "所在地": "山梨県甲府市国母１ー４ー７", "緯度": 35.643667, "経度": 138.559515, "url": "https://www.iryou.teikyouseido.mhlw.go.jp/znk-web/juminkanja/S2430/initialize?prefCd=19&kikanCd=7199000007&kikanKbn=5", "url2": "https://www.ueno.vc/", "内容": "株式会社ウエノ　ウエノ薬局【5:薬局】山梨県甲府市国母１ー４ー７" }, "geometry": { "type": "Point", "coordinates": [ 138.559515, 35.643667 ] } },
{ "type": "Feature", "properties": { "ID": 1957199000008, "正式名称": "ハープ薬局", "機関区分": 5, "都道府県コード": 19, "市区町村コード": 201, "所在地": "山梨県甲府市塩部１丁目１０－１０田中ビル１階", "緯度": 35.675372, "経度": 138.560759, "url": "https://www.iryou.teikyouseido.mhlw.go.jp/znk-web/juminkanja/S2430/initialize?prefCd=19&kikanCd=7199000008&kikanKbn=5", "url2": null, "内容": "ハープ薬局【5:薬局】山梨県甲府市塩部１丁目１０－１０田中ビル１階" }, "geometry": { "type": "Point", "coordinates": [ 138.560759, 35.675372 ] } },
{ "type": "Feature", "properties": { "ID": 1957199000009, "正式名称": "薬局トモズ酒折店", "機関区分": 5, "都道府県コード": 19, "市区町村コード": 201, "所在地": "山梨県甲府市横根町８０－１", "緯度": 35.657133, "経度": 138.598078, "url": "https://www.iryou.teikyouseido.mhlw.go.jp/znk-web/juminkanja/S2430/initialize?prefCd=19&kikanCd=7199000009&kikanKbn=5", "url2": null, "内容": "薬局トモズ酒折店【5:薬局】山梨県甲府市横根町８０－１" }, "geometry": { "type": "Point", "coordinates": [ 138.598078, 35.657133 ] } },
{ "type": "Feature", "properties": { "ID": 1957199000011, "正式名称": "ウエルシア薬局南アルプス西南湖店", "機関区分": 5, "都道府県コード": 19, "市区町村コード": 208, "所在地": "山梨県南アルプス市西南湖７９３番地１", "緯度": 35.588782, "経度": 138.489972, "url": "https://www.iryou.teikyouseido.mhlw.go.jp/znk-web/juminkanja/S2430/initialize?prefCd=19&kikanCd=7199000011&kikanKbn=5", "url2": "https://store.welcia.co.jp/welcia/spot/detail?code=8153D#:~:text=%E5%96%B6%E6%A5%AD%E6%99%82%E9%96%93.%20%E6%9C%88%EF%BD%9E%E9%87%91%E3%81%AE", "内容": "ウエルシア薬局南アルプス西南湖店【5:薬局】山梨県南アルプス市西南湖７９３番地１" }, "geometry": { "type": "Point", "coordinates": [ 138.489972, 35.588782 ] } },
{ "type": "Feature", "properties": { "ID": 1957199000012, "正式名称": "セキテイ調剤薬局　甲斐竜王店", "機関区分": 5, "都道府県コード": 19, "市区町村コード": 210, "所在地": "山梨県甲斐市竜王３０８８－５", "緯度": 35.663289, "経度": 138.511022, "url": "https://www.iryou.teikyouseido.mhlw.go.jp/znk-web/juminkanja/S2430/initialize?prefCd=19&kikanCd=7199000012&kikanKbn=5", "url2": "https://sekitei.info/", "内容": "セキテイ調剤薬局　甲斐竜王店【5:薬局】山梨県甲斐市竜王３０８８－５" }, "geometry": { "type": "Point", "coordinates": [ 138.511022, 35.663289 ] } },
{ "type": "Feature", "properties": { "ID": 1957199000013, "正式名称": "株式会社ウエノ　ウエノ美咲薬局", "機関区分": 5, "都道府県コード": 19, "市区町村コード": 201, "所在地": "山梨県甲府市美咲１－１－２６", "緯度": 35.672413, "経度": 138.563645, "url": "https://www.iryou.teikyouseido.mhlw.go.jp/znk-web/juminkanja/S2430/initialize?prefCd=19&kikanCd=7199000013&kikanKbn=5", "url2": "https://www.ueno.vc/", "内容": "株式会社ウエノ　ウエノ美咲薬局【5:薬局】山梨県甲府市美咲１－１－２６" }, "geometry": { "type": "Point", "coordinates": [ 138.563645, 35.672413 ] } },
{ "type": "Feature", "properties": { "ID": 1957199000014, "正式名称": "かえで調剤薬局", "機関区分": 5, "都道府県コード": 19, "市区町村コード": 214, "所在地": "山梨県中央市浅利１６８６－５", "緯度": 35.584601, "経度": 138.547709, "url": "https://www.iryou.teikyouseido.mhlw.go.jp/znk-web/juminkanja/S2430/initialize?prefCd=19&kikanCd=7199000014&kikanKbn=5", "url2": null, "内容": "かえで調剤薬局【5:薬局】山梨県中央市浅利１６８６－５" }, "geometry": { "type": "Point", "coordinates": [ 138.547709, 35.584601 ] } },
{ "type": "Feature", "properties": { "ID": 1957199000015, "正式名称": "有限会社　武田武藤薬局", "機関区分": 5, "都道府県コード": 19, "市区町村コード": 201, "所在地": "山梨県甲府市大手", "緯度": 35.680311, "経度": 138.574322, "url": "https://www.iryou.teikyouseido.mhlw.go.jp/znk-web/juminkanja/S2430/initialize?prefCd=19&kikanCd=7199000015&kikanKbn=5", "url2": null, "内容": "有限会社　武田武藤薬局【5:薬局】山梨県甲府市大手" }, "geometry": { "type": "Point", "coordinates": [ 138.574322, 35.680311 ] } },
{ "type": "Feature", "properties": { "ID": 1957199000016, "正式名称": "暮らしの保健室　こうふ薬局", "機関区分": 5, "都道府県コード": 19, "市区町村コード": 201, "所在地": "山梨県甲府市朝日３－１１－２８", "緯度": 35.67152, "経度": 138.563969, "url": "https://www.iryou.teikyouseido.mhlw.go.jp/znk-web/juminkanja/S2430/initialize?prefCd=19&kikanCd=7199000016&kikanKbn=5", "url2": "https://cross-rc.co.jp/%E8%AA%BF%E5%89%A4%E8%96%AC%E5%B1%80", "内容": "暮らしの保健室　こうふ薬局【5:薬局】山梨県甲府市朝日３－１１－２８" }, "geometry": { "type": "Point", "coordinates": [ 138.563969, 35.67152 ] } },
{ "type": "Feature", "properties": { "ID": 1957199000017, "正式名称": "薬局マツモトキヨシ甲府昭和店", "機関区分": 5, "都道府県コード": 19, "市区町村コード": 384, "所在地": "山梨県中巨摩郡昭和町清水新居１０３４－１", "緯度": 35.646429, "経度": 138.547038, "url": "https://www.iryou.teikyouseido.mhlw.go.jp/znk-web/juminkanja/S2430/initialize?prefCd=19&kikanCd=7199000017&kikanKbn=5", "url2": null, "内容": "薬局マツモトキヨシ甲府昭和店【5:薬局】山梨県中巨摩郡昭和町清水新居１０３４－１" }, "geometry": { "type": "Point", "coordinates": [ 138.547038, 35.646429 ] } },
{ "type": "Feature", "properties": { "ID": 1957199000018, "正式名称": "クスリのアオキ竜王新町薬局", "機関区分": 5, "都道府県コード": 19, "市区町村コード": 210, "所在地": "山梨県甲斐市竜王新町２２２２番地１", "緯度": 35.678833, "経度": 138.505901, "url": "https://www.iryou.teikyouseido.mhlw.go.jp/znk-web/juminkanja/S2430/initialize?prefCd=19&kikanCd=7199000018&kikanKbn=5", "url2": "https://www.kusuri-aoki.co.jp/", "内容": "クスリのアオキ竜王新町薬局【5:薬局】山梨県甲斐市竜王新町２２２２番地１" }, "geometry": { "type": "Point", "coordinates": [ 138.505901, 35.678833 ] } },
{ "type": "Feature", "properties": { "ID": 1957199000019, "正式名称": "株式会社板山松竹堂　イタヤマメディコ　桜井店", "機関区分": 5, "都道府県コード": 19, "市区町村コード": 201, "所在地": "山梨県甲府市桜井町２９３－１", "緯度": 35.658872, "経度": 138.620844, "url": "https://www.iryou.teikyouseido.mhlw.go.jp/znk-web/juminkanja/S2430/initialize?prefCd=19&kikanCd=7199000019&kikanKbn=5", "url2": null, "内容": "株式会社板山松竹堂　イタヤマメディコ　桜井店【5:薬局】山梨県甲府市桜井町２９３－１" }, "geometry": { "type": "Point", "coordinates": [ 138.620844, 35.658872 ] } },
{ "type": "Feature", "properties": { "ID": 1957199000021, "正式名称": "南アルプス薬局", "機関区分": 5, "都道府県コード": 19, "市区町村コード": 208, "所在地": "山梨県南アルプス市小笠原１６６３―２南アルプス薬局", "緯度": 35.611914, "経度": 138.462745, "url": "https://www.iryou.teikyouseido.mhlw.go.jp/znk-web/juminkanja/S2430/initialize?prefCd=19&kikanCd=7199000021&kikanKbn=5", "url2": "https://www.phstr.co.jp/minamialps", "内容": "南アルプス薬局【5:薬局】山梨県南アルプス市小笠原１６６３―２南アルプス薬局" }, "geometry": { "type": "Point", "coordinates": [ 138.462745, 35.611914 ] } },
{ "type": "Feature", "properties": { "ID": 1957199000022, "正式名称": "コストコホールセール南アルプス倉庫店薬局", "機関区分": 5, "都道府県コード": 19, "市区町村コード": 208, "所在地": "山梨県南アルプス市寺部２２００－１", "緯度": 35.613145, "経度": 138.490586, "url": "https://www.iryou.teikyouseido.mhlw.go.jp/znk-web/juminkanja/S2430/initialize?prefCd=19&kikanCd=7199000022&kikanKbn=5", "url2": "https://www.costco.co.jp/store-finder", "内容": "コストコホールセール南アルプス倉庫店薬局【5:薬局】山梨県南アルプス市寺部２２００－１" }, "geometry": { "type": "Point", "coordinates": [ 138.490586, 35.613145 ] } },
{ "type": "Feature", "properties": { "ID": 1957199000023, "正式名称": "徳永薬局　若宮店", "機関区分": 5, "都道府県コード": 19, "市区町村コード": 207, "所在地": "山梨県韮崎市若宮１丁目６番４２号", "緯度": 35.71631, "経度": 138.4483, "url": "https://www.iryou.teikyouseido.mhlw.go.jp/znk-web/juminkanja/S2430/initialize?prefCd=19&kikanCd=7199000023&kikanKbn=5", "url2": "https://tokunaga-p.jp/store/882/", "内容": "徳永薬局　若宮店【5:薬局】山梨県韮崎市若宮１丁目６番４２号" }, "geometry": { "type": "Point", "coordinates": [ 138.4483, 35.71631 ] } },
{ "type": "Feature", "properties": { "ID": 1957199000024, "正式名称": "みどり薬局　大津店", "機関区分": 5, "都道府県コード": 19, "市区町村コード": 201, "所在地": "山梨県甲府市西下条町１７番地", "緯度": 35.605025, "経度": 138.568544, "url": "https://www.iryou.teikyouseido.mhlw.go.jp/znk-web/juminkanja/S2430/initialize?prefCd=19&kikanCd=7199000024&kikanKbn=5", "url2": "http://midori-wakaba.co.jp", "内容": "みどり薬局　大津店【5:薬局】山梨県甲府市西下条町１７番地" }, "geometry": { "type": "Point", "coordinates": [ 138.568544, 35.605025 ] } },
{ "type": "Feature", "properties": { "ID": 1957199000025, "正式名称": "アイル薬局", "機関区分": 5, "都道府県コード": 19, "市区町村コード": 384, "所在地": "山梨県中巨摩郡昭和町飯喰１５４４－２", "緯度": 35.622907, "経度": 138.521688, "url": "https://www.iryou.teikyouseido.mhlw.go.jp/znk-web/juminkanja/S2430/initialize?prefCd=19&kikanCd=7199000025&kikanKbn=5", "url2": "https://www.instagram.com/aile.ph/", "内容": "アイル薬局【5:薬局】山梨県中巨摩郡昭和町飯喰１５４４－２" }, "geometry": { "type": "Point", "coordinates": [ 138.521688, 35.622907 ] } },
{ "type": "Feature", "properties": { "ID": 1957199000026, "正式名称": "クスリのアオキ下今井薬局", "機関区分": 5, "都道府県コード": 19, "市区町村コード": 208, "所在地": "山梨県南アルプス市下今井２８７番地５", "緯度": 35.625047, "経度": 138.48595, "url": "https://www.iryou.teikyouseido.mhlw.go.jp/znk-web/juminkanja/S2430/initialize?prefCd=19&kikanCd=7199000026&kikanKbn=5", "url2": "https://www.kusuri-aoki.co.jp/", "内容": "クスリのアオキ下今井薬局【5:薬局】山梨県南アルプス市下今井２８７番地５" }, "geometry": { "type": "Point", "coordinates": [ 138.48595, 35.625047 ] } },
{ "type": "Feature", "properties": { "ID": 1957199000027, "正式名称": "さくら調剤薬局　医大前店", "機関区分": 5, "都道府県コード": 19, "市区町村コード": 214, "所在地": "山梨県中央市若宮２７－２", "緯度": 35.652061, "経度": 138.592819, "url": "https://www.iryou.teikyouseido.mhlw.go.jp/znk-web/juminkanja/S2430/initialize?prefCd=19&kikanCd=7199000027&kikanKbn=5", "url2": null, "内容": "さくら調剤薬局　医大前店【5:薬局】山梨県中央市若宮２７－２" }, "geometry": { "type": "Point", "coordinates": [ 138.592819, 35.652061 ] } },
{ "type": "Feature", "properties": { "ID": 1957199000028, "正式名称": "高根調剤薬局", "機関区分": 5, "都道府県コード": 19, "市区町村コード": 209, "所在地": "山梨県北杜市高根町村山北割１９７３－２", "緯度": 35.842266, "経度": 138.418493, "url": "https://www.iryou.teikyouseido.mhlw.go.jp/znk-web/juminkanja/S2430/initialize?prefCd=19&kikanCd=7199000028&kikanKbn=5", "url2": "https://www.takane-pharmacy.com", "内容": "高根調剤薬局【5:薬局】山梨県北杜市高根町村山北割１９７３－２" }, "geometry": { "type": "Point", "coordinates": [ 138.418493, 35.842266 ] } },
{ "type": "Feature", "properties": { "ID": 1957199000029, "正式名称": "ライフ韮崎訪問薬局", "機関区分": 5, "都道府県コード": 19, "市区町村コード": 207, "所在地": "山梨県韮崎市本町３丁目４－４０", "緯度": 35.702483, "経度": 138.457225, "url": "https://www.iryou.teikyouseido.mhlw.go.jp/znk-web/juminkanja/S2430/initialize?prefCd=19&kikanCd=7199000029&kikanKbn=5", "url2": "https://r.goope.jp/life/", "内容": "ライフ韮崎訪問薬局【5:薬局】山梨県韮崎市本町３丁目４－４０" }, "geometry": { "type": "Point", "coordinates": [ 138.457225, 35.702483 ] } },
{ "type": "Feature", "properties": { "ID": 1957199000030, "正式名称": "アイン薬局　上阿原町店", "機関区分": 5, "都道府県コード": 19, "市区町村コード": 201, "所在地": "山梨県甲府市上阿原町４９０－１", "緯度": 35.646544, "経度": 138.60656, "url": "https://www.iryou.teikyouseido.mhlw.go.jp/znk-web/juminkanja/S2430/initialize?prefCd=19&kikanCd=7199000030&kikanKbn=5", "url2": null, "内容": "アイン薬局　上阿原町店【5:薬局】山梨県甲府市上阿原町４９０－１" }, "geometry": { "type": "Point", "coordinates": [ 138.60656, 35.646544 ] } },
{ "type": "Feature", "properties": { "ID": 1957199000031, "正式名称": "さくら調剤薬局韮崎店", "機関区分": 5, "都道府県コード": 19, "市区町村コード": 207, "所在地": "山梨県韮崎市本町３－６－７－４", "緯度": 35.704019, "経度": 138.455892, "url": "https://www.iryou.teikyouseido.mhlw.go.jp/znk-web/juminkanja/S2430/initialize?prefCd=19&kikanCd=7199000031&kikanKbn=5", "url2": "https://e-bond.info/withs/", "内容": "さくら調剤薬局韮崎店【5:薬局】山梨県韮崎市本町３－６－７－４" }, "geometry": { "type": "Point", "coordinates": [ 138.455892, 35.704019 ] } },
{ "type": "Feature", "properties": { "ID": 1957199000032, "正式名称": "藤田薬局", "機関区分": 5, "都道府県コード": 19, "市区町村コード": 201, "所在地": "山梨県甲府市朝日１－３－１２　朝日第一ビル１階", "緯度": 35.669108, "経度": 138.567179, "url": "https://www.iryou.teikyouseido.mhlw.go.jp/znk-web/juminkanja/S2430/initialize?prefCd=19&kikanCd=7199000032&kikanKbn=5", "url2": "https://e-bond.info/withs/", "内容": "藤田薬局【5:薬局】山梨県甲府市朝日１－３－１２　朝日第一ビル１階" }, "geometry": { "type": "Point", "coordinates": [ 138.567179, 35.669108 ] } },
{ "type": "Feature", "properties": { "ID": 1957199000034, "正式名称": "株式会社日医調剤　上阿原薬局", "機関区分": 5, "都道府県コード": 19, "市区町村コード": 201, "所在地": "山梨県甲府市上阿原町１１５５－５", "緯度": 35.643843, "経度": 138.602335, "url": "https://www.iryou.teikyouseido.mhlw.go.jp/znk-web/juminkanja/S2430/initialize?prefCd=19&kikanCd=7199000034&kikanKbn=5", "url2": "www.nichiiko-yamanasi.co.jp/", "内容": "株式会社日医調剤　上阿原薬局【5:薬局】山梨県甲府市上阿原町１１５５－５" }, "geometry": { "type": "Point", "coordinates": [ 138.602335, 35.643843 ] } }
]
}
